Gene,X
A1BG,87.24
A1CF,100
A2M,99.54
A2ML1,100
A3GALT2,77.52
A4GALT,100
A4GNT,100
AAAS,100
AACS,100
AADAC,100
AADACL2,100
AADACL3,100
AADACL4,100
AADAT,95.51
AAGAB,100
AAK1,98.41
AAMDC,100
AAMP,100
AANAT,100
AAR2,100
AARD,100
AARS1,100
AARS2,99.47
AARSD1,100
AASDH,100
AASDHPPT,100
AASS,100
AATF,97.45
AATK,89.07
ABAT,99.94
ABCA1,99.74
ABCA10,100
ABCA11P,100
ABCA12,100
ABCA13,99.81
ABCA17P,90.38
ABCA2,99.13
ABCA3,99.9
ABCA4,100
ABCA5,92.88
ABCA6,96.2
ABCA7,98.9
ABCA8,98.84
ABCA9,98.82
ABCB1,99.15
ABCB10,79.21
ABCB11,99.6
ABCB4,97.53
ABCB5,99.76
ABCB6,99.53
ABCB7,98.15
ABCB8,100
ABCB9,99.68
ABCC1,88.07
ABCC10,100
ABCC11,100
ABCC12,100
ABCC2,100
ABCC3,99.21
ABCC4,99.98
ABCC5,100
ABCC6,79.72
ABCC8,99.88
ABCC9,100
ABCD1,92.73
ABCD2,100
ABCD3,100
ABCD4,100
ABCE1,100
ABCF1,7.01
ABCF2,100
ABCF2-H2BK1,100
ABCF3,100
ABCG1,99.24
ABCG2,99.95
ABCG4,100
ABCG5,100
ABCG8,99.66
ABHD1,100
ABHD10,100
ABHD11,100
ABHD12,91.81
ABHD12B,90.45
ABHD13,100
ABHD14A,97.38
ABHD14B,100
ABHD15,94.1
ABHD16A,3.05
ABHD16B,79.29
ABHD17A,98.29
ABHD17B,100
ABHD17C,65.45
ABHD18,100
ABHD2,100
ABHD3,100
ABHD4,100
ABHD5,90.2
ABHD6,100
ABHD8,99.58
ABI1,99.94
ABI2,100
ABI3,100
ABI3BP,100
ABITRAM,100
ABL1,100
ABL2,99.95
ABLIM1,100
ABLIM2,100
ABLIM3,100
ABO,97.52
ABR,61.45
ABRA,100
ABRACL,100
ABRAXAS1,83.99
ABRAXAS2,100
ABT1,100
ABTB1,100
ABTB2,96.43
ACAA1,92.84
ACAA2,100
ACACA,96.23
ACACB,99.57
ACAD10,100
ACAD11,100
ACAD8,99.23
ACAD9,100
ACADL,97.55
ACADM,99.73
ACADS,98.65
ACADSB,99.78
ACADVL,100
ACAN,99.91
ACAP1,100
ACAP2,100
ACAP3,90.79
ACAT1,96.57
ACAT2,100
ACBD3,83.87
ACBD4,100
ACBD5,99.89
ACBD6,96.78
ACBD7,100
ACCS,100
ACCSL,100
ACD,100
ACE,94.71
ACE2,99.39
ACE3P,100
ACER1,100
ACER2,100
ACER3,96.11
ACHE,100
ACIN1,100
ACKR1,100
ACKR2,100
ACKR3,100
ACLY,100
ACMSD,100
ACO1,100
ACO2,99.55
ACOD1,100
ACOT1,100
ACOT11,99.79
ACOT12,92.92
ACOT13,100
ACOT2,100
ACOT4,97
ACOT6,94.13
ACOT7,97.62
ACOT8,100
ACOT9,98.83
ACOX1,99.67
ACOX2,100
ACOX3,100
ACOXL,100
ACP1,100
ACP2,100
ACP3,100
ACP4,100
ACP5,100
ACP6,100
ACP7,100
ACR,91.04
ACRBP,100
ACRV1,100
ACSBG1,100
ACSBG2,100
ACSF2,100
ACSF3,99.9
ACSL1,100
ACSL3,98.29
ACSL4,87.3
ACSL5,100
ACSL6,100
ACSM1,100
ACSM2A,99.89
ACSM2B,100
ACSM3,100
ACSM4,100
ACSM5,100
ACSM6,100
ACSS1,93.47
ACSS2,100
ACSS3,100
ACTA1,100
ACTA2,100
ACTB,100
ACTBL2,100
ACTC1,99.83
ACTG1,100
ACTG2,100
ACTL10,100
ACTL6A,100
ACTL6B,100
ACTL7A,100
ACTL7B,100
ACTL8,100
ACTL9,100
ACTN1,100
ACTN2,99.76
ACTN3,98.1
ACTN4,100
ACTR10,93.55
ACTR1A,97.05
ACTR1B,91.69
ACTR2,100
ACTR3,100
ACTR3B,97.54
ACTR3C,96
ACTR5,94.74
ACTR6,90.51
ACTR8,95.04
ACTRT1,99.91
ACTRT2,100
ACTRT3,99.29
ACVR1,99.74
ACVR1B,95.18
ACVR1C,100
ACVR2A,100
ACVR2B,96.37
ACVR2B-AS1,100
ACVRL1,99.83
ACY1,100
ACY3,100
ACYP1,95.81
ACYP2,100
ADA,99.2
ADA2,100
ADAD1,100
ADAD2,100
ADAL,100
ADAM10,100
ADAM11,97.41
ADAM12,96.9
ADAM15,100
ADAM17,100
ADAM18,91.05
ADAM19,96.85
ADAM2,97.42
ADAM20,100
ADAM21,95.67
ADAM22,100
ADAM23,92.02
ADAM28,94.22
ADAM29,100
ADAM30,100
ADAM32,82.62
ADAM33,96.76
ADAM7,96.78
ADAM7-AS1,100
ADAM8,100
ADAM9,99.64
ADAMDEC1,100
ADAMTS1,100
ADAMTS10,99.07
ADAMTS12,99.1
ADAMTS13,96.8
ADAMTS14,97.88
ADAMTS15,100
ADAMTS16,100
ADAMTS17,91.16
ADAMTS18,97.61
ADAMTS19,98.82
ADAMTS2,96.31
ADAMTS20,99.32
ADAMTS3,100
ADAMTS4,100
ADAMTS5,99.66
ADAMTS6,100
ADAMTS7,98.95
ADAMTS7P3,100
ADAMTS8,91.95
ADAMTS9,99.26
ADAMTSL1,99.98
ADAMTSL2,99.45
ADAMTSL3,100
ADAMTSL4,99.98
ADAMTSL5,100
ADAP1,95.11
ADAP2,92.57
ADAR,100
ADARB1,100
ADARB2,90.04
ADAT1,100
ADAT2,100
ADAT3,63.59
ADCK1,100
ADCK2,100
ADCK5,100
ADCY1,92.47
ADCY10,100
ADCY2,98.47
ADCY3,100
ADCY4,100
ADCY5,91.29
ADCY6,99.58
ADCY7,99.79
ADCY8,98.26
ADCY9,99.98
ADCYAP1,99.11
ADCYAP1R1,100
ADD1,100
ADD2,100
ADD3,100
ADGB,98.22
ADGRA1,99.58
ADGRA1-AS1,100
ADGRA2,95.14
ADGRA3,95.93
ADGRB1,95.57
ADGRB2,100
ADGRB3,99.29
ADGRD1,100
ADGRD2,92.42
ADGRE1,100
ADGRE2,99.66
ADGRE3,100
ADGRE5,98.33
ADGRF1,98.52
ADGRF2,100
ADGRF3,100
ADGRF4,100
ADGRF5,100
ADGRG1,100
ADGRG2,93.16
ADGRG3,100
ADGRG4,98.46
ADGRG5,99.53
ADGRG6,100
ADGRG7,100
ADGRL1,99.94
ADGRL2,99.03
ADGRL3,99.67
ADGRL4,87.93
ADGRV1,99.99
ADH1A,100
ADH1B,100
ADH1C,100
ADH4,98.49
ADH5,100
ADH6,100
ADH7,100
ADHFE1,100
ADI1,85.65
ADIG,89.76
ADIPOQ,100
ADIPOR1,100
ADIPOR2,100
ADIRF,100
ADK,97.14
ADM,100
ADM2,100
ADM5,97.62
ADNP,100
ADNP-AS1,100
ADNP2,100
ADO,92.13
ADORA1,100
ADORA2A,100
ADORA2B,100
ADORA3,100
ADPGK,97.27
ADPRH,100
ADPRHL1,100
ADPRM,100
ADPRS,92.67
ADRA1A,100
ADRA1B,84.02
ADRA1D,81.56
ADRA2A,76.63
ADRA2B,100
ADRA2C,74.82
ADRB1,62.27
ADRB2,100
ADRB3,93.81
ADRM1,100
ADSL,100
ADSS1,95.77
ADSS2,100
ADTRP,100
AEBP1,98.93
AEBP2,100
AEN,100
AFAP1,84.28
AFAP1L1,100
AFAP1L2,100
AFDN,98.2
AFF1,100
AFF2,97.82
AFF3,98.1
AFF4,97.79
AFG1L,100
AFG3L2,95.18
AFM,97.28
AFMID,100
AFP,100
AFTPH,100
AGA,100
AGA-DT,100
AGAP1,76.53
AGAP11,100
AGAP13P,98.35
AGAP14P,91.9
AGAP2,93.9
AGAP3,74.36
AGAP4,98.45
AGAP5,98.31
AGAP6,98.3
AGAP9,98.23
AGBL1,100
AGBL2,98.56
AGBL3,99.19
AGBL4,99.78
AGBL5,100
AGER,14.88
AGFG1,100
AGFG2,100
AGGF1,99.24
AGK,98.67
AGK-DT,100
AGL,99.56
AGMAT,90.65
AGMO,96.33
AGO1,100
AGO2,97.64
AGO3,100
AGO4,99.29
AGPAT1,14.7
AGPAT2,92.32
AGPAT3,99.83
AGPAT4,100
AGPAT5,94.54
AGPS,92.38
AGR2,100
AGR3,91.5
AGRN,93.6
AGRP,100
AGT,100
AGTPBP1,94.55
AGTR1,99.76
AGTR2,100
AGTRAP,100
AGXT,100
AGXT2,100
AHCTF1,99.94
AHCY,100
AHCYL1,100
AHCYL2,95.24
AHCYP8,100
AHDC1,100
AHI1,99.13
AHI1-DT,100
AHNAK,99.97
AHNAK2,94.99
AHR,100
AHRR,100
AHSA1,100
AHSA2P,99.06
AHSG,100
AHSP,100
AICDA,99.84
AIDA,93.05
AIF1,34.22
AIF1L,95.39
AIFM1,92.47
AIFM2,100
AIFM3,100
AIG1,93.11
AIM2,100
AIMP1,95.29
AIMP2,99.29
AIP,99.29
AIPL1,99.93
AIRE,98.38
AJAP1,97.09
AJM1,69.12
AJUBA,100
AK1,100
AK2,100
AK3,100
AK4,100
AK5,97.37
AK6,100
AK7,100
AK8,100
AK9,97.54
AKAIN1,100
AKAP1,100
AKAP10,100
AKAP11,100
AKAP12,96.99
AKAP13,99.49
AKAP14,98.18
AKAP17A,95.95
AKAP17BP,100
AKAP3,100
AKAP4,99.81
AKAP5,100
AKAP6,100
AKAP7,98.91
AKAP8,99.38
AKAP8L,99.87
AKAP9,99.28
AKIP1,100
AKIRIN1,83.07
AKIRIN2,100
AKNA,100
AKNAD1,100
AKR1A1,100
AKR1B1,100
AKR1B10,100
AKR1B15,100
AKR1C1,100
AKR1C2,100
AKR1C3,100
AKR1C4,100
AKR1C8,99.7
AKR1D1,99.41
AKR1E2,100
AKR7A2,88.24
AKR7A3,100
AKR7L,100
AKT1,100
AKT1S1,99.4
AKT2,100
AKT3,98.49
AKTIP,100
ALAD,99.84
ALAS1,100
ALAS2,94.2
ALB,99.79
ALCAM,100
ALDH16A1,100
ALDH18A1,100
ALDH1A1,100
ALDH1A2,100
ALDH1A3,88.51
ALDH1B1,100
ALDH1L1,100
ALDH1L2,100
ALDH2,98.8
ALDH3A1,100
ALDH3A2,100
ALDH3B1,100
ALDH3B2,100
ALDH4A1,100
ALDH5A1,89.88
ALDH6A1,100
ALDH7A1,99.95
ALDH8A1,100
ALDH9A1,100
ALDOA,100
ALDOB,100
ALDOC,100
ALG1,100
ALG10,100
ALG10B,100
ALG11,100
ALG12,99.94
ALG13,98.55
ALG14,100
ALG1L,100
ALG1L2,100
ALG1L9P,100
ALG2,99.64
ALG3,100
ALG5,100
ALG6,99.76
ALG8,95.7
ALG9,98.9
ALK,100
ALKAL1,86.53
ALKAL2,44.88
ALKBH1,100
ALKBH2,98.86
ALKBH3,100
ALKBH4,99.12
ALKBH5,95.27
ALKBH6,81.96
ALKBH7,100
ALKBH8,100
ALLC,100
ALMS1,100
ALOX12,97.62
ALOX12B,100
ALOX15,99.4
ALOX15B,100
ALOX5,90.19
ALOX5AP,100
ALOXE3,100
ALPG,95.87
ALPI,100
ALPK1,100
ALPK2,100
ALPK3,95.41
ALPL,100
ALPP,100
ALS2,100
ALS2CL,100
ALX1,100
ALX3,78.41
ALX4,97.15
ALYREF,67.55
AMACR,99.94
AMBN,100
AMBP,100
AMBRA1,100
AMD1,100
AMDHD1,99.84
AMDHD2,98.92
AMELX,100
AMELY,100
AMER1,88.7
AMER2,82.69
AMER3,100
AMFR,87.41
AMH,72.37
AMHR2,100
AMIGO1,100
AMIGO2,100
AMIGO3,100
AMMECR1,99.1
AMMECR1L,92.33
AMN,78.56
AMN1,95.8
AMOT,98.62
AMOTL1,100
AMOTL2,100
AMPD1,100
AMPD2,99.7
AMPD3,99.84
AMPH,100
AMT,100
AMTN,100
AMY1A,100
AMY1B,100
AMY1C,100
AMY2A,100
AMY2B,100
AMZ1,100
AMZ2,100
ANAPC1,100
ANAPC10,96.39
ANAPC11,100
ANAPC13,100
ANAPC15,100
ANAPC16,100
ANAPC1P1,100
ANAPC1P4,100
ANAPC1P5,100
ANAPC1P6,100
ANAPC2,100
ANAPC4,94.21
ANAPC5,99.51
ANAPC7,100
ANG,100
ANGEL1,98.38
ANGEL2,100
ANGPT1,100
ANGPT2,98.84
ANGPT4,100
ANGPTL1,100
ANGPTL2,100
ANGPTL3,100
ANGPTL4,100
ANGPTL5,100
ANGPTL6,80.2
ANGPTL7,100
ANGPTL8,100
ANHX,100
ANK1,99.62
ANK2,99.84
ANK3,100
ANK3-DT,100
ANKAR,96.18
ANKDD1A,100
ANKDD1B,100
ANKEF1,100
ANKFN1,100
ANKFY1,97.63
ANKH,99.58
ANKHD1,98.74
ANKHD1-EIF4EBP3,100
ANKIB1,100
ANKK1,94.94
ANKLE1,100
ANKLE2,93.76
ANKMY1,99.93
ANKMY2,100
ANKRA2,100
ANKRD1,99.9
ANKRD10,100
ANKRD11,100
ANKRD12,99.78
ANKRD13A,100
ANKRD13B,94.04
ANKRD13C,97.42
ANKRD13D,96.87
ANKRD16,90.7
ANKRD17,100
ANKRD18A,93.36
ANKRD18B,93.87
ANKRD2,100
ANKRD20A1,90.25
ANKRD20A2P,94.74
ANKRD20A3P,93.99
ANKRD20A4P,74.17
ANKRD20A8P,81.4
ANKRD22,100
ANKRD23,100
ANKRD24,92.18
ANKRD26,94
ANKRD27,100
ANKRD28,100
ANKRD29,100
ANKRD30A,94.88
ANKRD30B,90.74
ANKRD30BL,89.95
ANKRD31,99.1
ANKRD33,100
ANKRD33B,95.02
ANKRD34A,100
ANKRD34B,100
ANKRD34C,100
ANKRD35,100
ANKRD36,90.47
ANKRD36B,94.19
ANKRD36C,89.44
ANKRD37,100
ANKRD39,100
ANKRD40,100
ANKRD40CL,100
ANKRD42,100
ANKRD44,100
ANKRD45,100
ANKRD46,100
ANKRD49,100
ANKRD50,100
ANKRD52,99.97
ANKRD53,99.65
ANKRD54,83.4
ANKRD55,100
ANKRD6,100
ANKRD60,78.32
ANKRD61,100
ANKRD62,99.67
ANKRD63,48.21
ANKRD65,54.92
ANKRD66,100
ANKRD7,100
ANKRD9,23.58
ANKS1A,99.28
ANKS1B,100
ANKS3,100
ANKS4B,100
ANKS6,89.58
ANKUB1,100
ANKZF1,100
ANLN,99.38
ANO1,97.84
ANO10,99.96
ANO2,100
ANO3,100
ANO4,100
ANO5,97.77
ANO6,100
ANO7,97.57
ANO7L1,100
ANO8,89.47
ANO9,96.6
ANOS1,87.21
ANP32A,100
ANP32B,100
ANP32D,100
ANP32E,99.31
ANPEP,100
ANTKMT,79.07
ANTXR1,100
ANTXR2,97.88
ANTXRL,100
ANXA1,100
ANXA10,100
ANXA11,100
ANXA13,100
ANXA2,100
ANXA2R,100
ANXA3,100
ANXA4,100
ANXA5,100
ANXA6,100
ANXA7,100
ANXA8,100
ANXA8L1,100
ANXA9,100
AOAH,100
AOC1,100
AOC2,99.52
AOC3,99.96
AOPEP,96.11
AOX1,100
AP1AR,97.13
AP1B1,100
AP1G1,97.58
AP1G2,100
AP1M1,99.3
AP1M2,100
AP1S1,100
AP1S2,91.32
AP1S3,100
AP2A1,100
AP2A2,69.87
AP2B1,100
AP2M1,100
AP2S1,95.67
AP3B1,96.88
AP3B2,98.57
AP3D1,99.87
AP3M1,100
AP3M2,100
AP3S1,94.74
AP3S2,100
AP4B1,100
AP4B1-AS1,100
AP4E1,99.43
AP4M1,100
AP4S1,100
AP5B1,96.06
AP5M1,100
AP5S1,100
AP5Z1,98.83
APAF1,100
APBA1,93.6
APBA2,99.58
APBA3,100
APBB1,98.4
APBB1IP,87.13
APBB2,100
APBB3,100
APC,99.97
APC2,80.86
APCDD1,100
APCDD1L,94.65
APCS,100
APEH,99.93
APELA,100
APEX1,100
APEX2,94.09
APH1A,88.25
APH1B,100
API5,99.84
APIP,100
APLF,100
APLN,98.72
APLNR,100
APLP1,93.05
APLP2,98.85
APMAP,100
APOA1,100
APOA1-AS,100
APOA2,100
APOA4,100
APOA5,100
APOB,98.78
APOBEC1,100
APOBEC2,100
APOBEC3A,100
APOBEC3B,98.51
APOBEC3C,100
APOBEC3D,100
APOBEC3F,100
APOBEC3G,100
APOBEC3H,99.53
APOBEC4,100
APOBR,100
APOC1,100
APOC2,100
APOC3,100
APOC4,100
APOC4-APOC2,100
APOD,100
APOE,82.96
APOF,100
APOH,100
APOL1,100
APOL2,100
APOL3,100
APOL4,100
APOL5,93.87
APOL6,100
APOLD1,90.34
APOM,9.39
APOO,100
APOOL,98.26
APP,99.75
APPBP2,100
APPL1,97.33
APPL2,100
APRG1,100
APRT,100
APTX,100
AQP1,100
AQP10,100
AQP11,100
AQP12A,100
AQP12B,100
AQP2,100
AQP3,100
AQP4,100
AQP5,100
AQP6,100
AQP7,100
AQP7B,100
AQP7P3,84.54
AQP7P5,100
AQP8,100
AQP9,100
AQR,98.34
AR,94.19
ARAF,94.65
ARAP1,99.96
ARAP2,99.28
ARAP3,100
ARC,100
ARCN1,100
AREG,100
AREL1,100
ARF1,100
ARF3,100
ARF4,100
ARF5,100
ARF6,100
ARFGAP1,93.22
ARFGAP2,100
ARFGAP3,97
ARFGEF1,100
ARFGEF2,99.78
ARFGEF3,100
ARFIP1,99.92
ARFIP2,100
ARFRP1,100
ARG1,100
ARG2,100
ARGFX,100
ARGLU1,100
ARHGAP1,100
ARHGAP10,95.87
ARHGAP11A,100
ARHGAP11B,100
ARHGAP11B-DT,100
ARHGAP12,97.56
ARHGAP15,100
ARHGAP17,98.43
ARHGAP18,100
ARHGAP19,100
ARHGAP20,100
ARHGAP21,98.64
ARHGAP22,100
ARHGAP23,60.77
ARHGAP24,100
ARHGAP25,100
ARHGAP26,99.86
ARHGAP27,62.53
ARHGAP28,95.72
ARHGAP29,99.67
ARHGAP30,99.79
ARHGAP31,100
ARHGAP32,99.89
ARHGAP33,98.11
ARHGAP35,100
ARHGAP36,95.83
ARHGAP39,100
ARHGAP4,84.5
ARHGAP40,100
ARHGAP42,98.47
ARHGAP44,97.97
ARHGAP45,98.75
ARHGAP5,100
ARHGAP6,94.4
ARHGAP8,100
ARHGAP9,100
ARHGDIA,100
ARHGDIB,100
ARHGDIG,89.23
ARHGEF1,99.6
ARHGEF10,95.76
ARHGEF10L,100
ARHGEF11,100
ARHGEF12,99.29
ARHGEF15,100
ARHGEF16,100
ARHGEF17,95.64
ARHGEF17-AS1,100
ARHGEF18,96.77
ARHGEF19,97.32
ARHGEF2,100
ARHGEF25,100
ARHGEF26,100
ARHGEF28,100
ARHGEF3,100
ARHGEF33,89.25
ARHGEF35,100
ARHGEF37,100
ARHGEF38,97.11
ARHGEF39,100
ARHGEF4,93.55
ARHGEF40,99.94
ARHGEF5,99.6
ARHGEF6,99.92
ARHGEF7,100
ARHGEF9,94.91
ARID1A,88.69
ARID1B,86.19
ARID2,100
ARID3A,92.48
ARID3B,100
ARID3C,85.91
ARID4A,98.14
ARID4B,100
ARID5A,93.75
ARID5B,99.11
ARIH1,93.34
ARIH2,92.48
ARL1,100
ARL10,92.52
ARL11,100
ARL13A,99.1
ARL13B,96.29
ARL14,100
ARL14EP,100
ARL14EP-DT,100
ARL14EPL,100
ARL15,100
ARL16,100
ARL17A,94.88
ARL17B,89.93
ARL2,100
ARL2-SNX15,100
ARL2BP,100
ARL3,100
ARL4A,100
ARL4C,100
ARL4D,100
ARL5A,100
ARL5B,100
ARL5C,100
ARL6,99.5
ARL6IP1,100
ARL6IP4,87.82
ARL6IP5,100
ARL6IP6,100
ARL8A,99.11
ARL8B,100
ARL9,100
ARLNC1,100
ARMC1,100
ARMC10,97.89
ARMC12,100
ARMC2,100
ARMC3,100
ARMC5,97.5
ARMC6,93.56
ARMC7,99.12
ARMC8,100
ARMC9,97.95
ARMCX1,95.01
ARMCX2,99.42
ARMCX3,99.3
ARMCX4,91.4
ARMCX5,99.4
ARMCX5-GPRASP2,99.47
ARMCX6,100
ARMH1,97.52
ARMH2,100
ARMH3,100
ARMH4,98.76
ARMS2,99.39
ARMT1,100
ARNT,98.44
ARNT2,98.61
ARNTL,99.14
ARNTL2,96.8
ARPC1A,100
ARPC1B,100
ARPC2,100
ARPC3,100
ARPC4,100
ARPC5,100
ARPC5L,96.32
ARPIN,100
ARPP19,100
ARPP21,99.66
ARR3,100
ARRB1,100
ARRB2,100
ARRDC1,93.13
ARRDC2,80.11
ARRDC3,100
ARRDC4,94.91
ARRDC5,97.22
ARSA,99.36
ARSB,93.41
ARSD,95.82
ARSF,96.38
ARSG,100
ARSH,97.75
ARSI,100
ARSJ,98.58
ARSK,100
ARSL,89.18
ART1,100
ART3,97.86
ART4,100
ART5,100
ARTN,64.71
ARV1,100
ARVCF,99.97
ARX,41.69
AS3MT,100
ASAH1,90.55
ASAH2,100
ASAH2B,96.94
ASAP1,100
ASAP2,100
ASAP3,95.57
ASB1,98.71
ASB10,98.92
ASB11,96.06
ASB12,98.43
ASB13,94.89
ASB14,100
ASB15,100
ASB16,95.01
ASB17,100
ASB18,61.72
ASB2,87.7
ASB3,100
ASB4,100
ASB5,100
ASB6,98.42
ASB7,100
ASB8,100
ASB9,92.29
ASCC1,100
ASCC2,100
ASCC3,99.96
ASCL1,75.67
ASCL2,16.15
ASCL3,100
ASCL4,100
ASCL5,86.31
ASDURF,82.58
ASF1A,77.5
ASF1B,100
ASGR1,100
ASGR2,99.35
ASH1L,98.96
ASH2L,100
ASIC1,99.92
ASIC2,93.27
ASIC3,97.84
ASIC4,100
ASIC4-AS1,100
ASIC5,100
ASIP,100
ASL,99.93
ASMT,99.95
ASMTL,96.17
ASNS,100
ASNSD1,100
ASPA,99.9
ASPDH,100
ASPG,99.52
ASPH,98.35
ASPHD1,100
ASPHD2,100
ASPM,99.88
ASPRV1,100
ASPSCR1,96.14
ASRGL1,100
ASS1,98.6
ASTE1,100
ASTL,100
ASTN1,100
ASTN2,94.6
ASXL1,98.86
ASXL2,100
ASXL3,99.18
ASZ1,91.25
ATAD1,100
ATAD2,100
ATAD2B,99.39
ATAD3A,89.95
ATAD3B,91.29
ATAD3C,98.87
ATAD5,100
ATAT1,16.19
ATCAY,100
ATE1,96.71
ATF1,100
ATF2,100
ATF3,100
ATF4,100
ATF5,100
ATF6,100
ATF6B,53.49
ATF7,100
ATF7IP,99.34
ATF7IP2,100
ATG10,100
ATG101,100
ATG12,100
ATG13,100
ATG14,100
ATG16L1,100
ATG16L2,94.24
ATG2A,99.9
ATG2B,100
ATG3,96.56
ATG4A,100
ATG4B,100
ATG4C,93.39
ATG4D,92.04
ATG5,100
ATG7,100
ATG9A,100
ATG9B,90.3
ATIC,97.24
ATL1,95.41
ATL2,94.71
ATL3,97.1
ATM,99.41
ATMIN,87.46
ATN1,100
ATOH1,100
ATOH7,71.02
ATOH8,83.87
ATOX1,100
ATP10A,97.24
ATP10B,100
ATP10D,100
ATP11A,100
ATP11AUN,100
ATP11B,98.77
ATP11C,98.23
ATP12A,100
ATP13A1,96.32
ATP13A2,98.3
ATP13A3,94.98
ATP13A4,100
ATP13A5,100
ATP1A1,100
ATP1A1-AS1,100
ATP1A2,99.94
ATP1A3,98.31
ATP1A4,100
ATP1B1,100
ATP1B2,100
ATP1B3,90.98
ATP1B4,95.71
ATP23,99.76
ATP2A1,100
ATP2A1-AS1,100
ATP2A2,99.56
ATP2A3,96.79
ATP2B1,100
ATP2B2,99
ATP2B3,90.26
ATP2B4,100
ATP2C1,99.83
ATP2C2,100
ATP4A,100
ATP4B,100
ATP5F1A,94.03
ATP5F1B,100
ATP5F1C,100
ATP5F1D,83.83
ATP5F1E,100
ATP5IF1,100
ATP5MC1,100
ATP5MC2,100
ATP5MC3,100
ATP5ME,98.92
ATP5MF,100
ATP5MG,100
ATP5MGL,100
ATP5MJ,100
ATP5MK,100
ATP5PB,100
ATP5PD,100
ATP5PF,100
ATP5PO,100
ATP6AP1,73.46
ATP6AP1L,100
ATP6AP2,99.92
ATP6V0A1,100
ATP6V0A2,99.85
ATP6V0A4,100
ATP6V0B,100
ATP6V0C,100
ATP6V0D1,100
ATP6V0D2,100
ATP6V0E1,82.29
ATP6V0E2,99.57
ATP6V1A,100
ATP6V1B1,100
ATP6V1B2,100
ATP6V1C1,100
ATP6V1C2,100
ATP6V1D,100
ATP6V1E1,100
ATP6V1E2,100
ATP6V1F,100
ATP6V1FNB,100
ATP6V1G1,100
ATP6V1G2,1.68
ATP6V1G2-DDX39B,3.52
ATP6V1G3,100
ATP6V1H,100
ATP7A,99.56
ATP7B,99.79
ATP8A1,98.11
ATP8A2,98.97
ATP8B1,99.75
ATP8B2,100
ATP8B3,100
ATP8B4,99.76
ATP9A,97.84
ATP9B,98.31
ATPAF1,71.05
ATPAF2,100
ATPSCKMT,100
ATR,99.99
ATRAID,100
ATRIP,97.52
ATRN,95.71
ATRNL1,93.89
ATRX,98.3
ATXN1,100
ATXN10,96.68
ATXN1L,100
ATXN2,85.29
ATXN2L,92.35
ATXN3,93.71
ATXN3L,100
ATXN7,91.37
ATXN7L1,100
ATXN7L2,100
ATXN7L3,100
ATXN7L3B,100
AUH,92.07
AUNIP,100
AUP1,100
AURKA,100
AURKAIP1,100
AURKB,100
AURKC,100
AUTS2,96.65
AVEN,77.97
AVIL,100
AVL9,100
AVP,58.67
AVPI1,98.65
AVPR1A,100
AVPR1B,100
AVPR2,99.92
AWAT1,99.33
AWAT2,99.66
AXDND1,97.89
AXIN1,97.79
AXIN2,96.24
AXL,100
AZGP1,100
AZI2,100
AZIN1,100
AZIN2,100
AZU1,98.13
B2M,100
B3GALNT1,98.87
B3GALNT2,93.22
B3GALT1,100
B3GALT2,100
B3GALT4,0
B3GALT5,100
B3GALT6,41.92
B3GALT9,100
B3GAT1,100
B3GAT2,75.93
B3GAT3,100
B3GLCT,92.55
B3GNT2,100
B3GNT3,100
B3GNT4,100
B3GNT5,100
B3GNT6,88.66
B3GNT7,99.09
B3GNT8,100
B3GNT9,90.41
B3GNTL1,88.01
B4GALNT1,100
B4GALNT2,100
B4GALNT3,99.22
B4GALNT4,86.19
B4GALT1,99.52
B4GALT2,100
B4GALT3,98.81
B4GALT4,100
B4GALT5,97.86
B4GALT6,100
B4GALT7,95.02
B4GAT1,100
B9D1,100
B9D2,100
BAALC,98.1
BAAT,99.71
BABAM1,100
BABAM2,98.67
BACE1,100
BACE2,94.06
BACH1,100
BACH2,100
BAD,100
BAG1,87.88
BAG2,98.97
BAG3,99.77
BAG4,100
BAG5,100
BAG6,17.88
BAGE2,100
BAHCC1,97.65
BAHD1,100
BAIAP2,100
BAIAP2L1,100
BAIAP2L2,98.37
BAIAP3,99.75
BAK1,96.49
BALR6,100
BAMBI,100
BANF1,100
BANF2,100
BANK1,94.33
BANP,100
BAP1,96.91
BARD1,99.96
BARHL1,91.87
BARHL2,100
BARX1,70.85
BARX2,99.78
BASP1,90.94
BATF,100
BATF2,100
BATF3,87.95
BAX,99.76
BAZ1A,98.42
BAZ1B,97.6
BAZ2A,100
BAZ2B,99.35
BBC3,72.28
BBIP1,100
BBLN,100
BBOF1,100
BBOX1,100
BBS1,100
BBS10,99.23
BBS12,100
BBS2,100
BBS4,99.95
BBS5,100
BBS7,99.69
BBS9,99.74
BBX,100
BCAM,100
BCAN,99.8
BCAP29,96.62
BCAP31,54.56
BCAR1,99.29
BCAR3,100
BCAS1,100
BCAS2,100
BCAS3,99.18
BCAS4,95.73
BCAT1,100
BCAT2,100
BCCIP,100
BCDIN3D,100
BCHE,99.91
BCKDHA,100
BCKDHB,99.49
BCKDK,99.23
BCL10,100
BCL11A,100
BCL11B,91.25
BCL2,100
BCL2A1,100
BCL2L1,100
BCL2L10,100
BCL2L11,88.24
BCL2L12,100
BCL2L13,100
BCL2L14,100
BCL2L15,100
BCL2L2,100
BCL3,86.55
BCL6,100
BCL6B,99.59
BCL7A,98.56
BCL7B,87.91
BCL7C,100
BCL9,100
BCL9L,98.49
BCLAF1,100
BCLAF3,98.95
BCO1,100
BCO2,100
BCOR,86.2
BCORL1,94.27
BCR,96.07
BCS1L,100
BDH1,85.98
BDH2,100
BDKRB1,100
BDKRB2,100
BDNF,100
BDNF-AS,100
BDP1,90.41
BEAN1,100
BECN1,100
BECN2,100
BEGAIN,98.28
BEND2,98.15
BEND3,100
BEND4,80.69
BEND6,100
BEND7,96.7
BEST1,99.34
BEST2,100
BEST3,100
BEST4,96.08
BET1,77.53
BET1L,97.68
BEX1,95.24
BEX2,100
BEX3,100
BEX4,98.07
BEX5,100
BFAR,96.12
BFSP1,81.53
BFSP2,100
BGLAP,100
BGN,98.1
BHLHA15,94.39
BHLHA9,8.62
BHLHE22,68.59
BHLHE23,45.73
BHLHE40,100
BHLHE41,69.01
BHMT,100
BHMT2,100
BICC1,99.75
BICD1,98.33
BICD2,99.32
BICDL1,94.81
BICDL2,99.75
BICRA,90.63
BICRAL,100
BID,100
BIK,100
BIN1,99.68
BIN2,100
BIN3,100
BIRC2,99.1
BIRC3,94.77
BIRC5,100
BIRC6,99.29
BIRC7,100
BIRC8,100
BISPR,100
BIVM,100
BIVM-ERCC5,100
BLACAT1,100
BLCAP,100
BLID,100
BLK,99.89
BLM,99.76
BLMH,100
BLNK,100
BLOC1S1,100
BLOC1S2,100
BLOC1S3,55.41
BLOC1S4,62.54
BLOC1S5,100
BLOC1S6,99.84
BLVRA,100
BLVRB,100
BLZF1,100
BMERB1,94.83
BMF,100
BMI1,95.4
BMP1,99.12
BMP10,100
BMP15,96.61
BMP2,100
BMP2K,97.49
BMP3,100
BMP4,99.8
BMP5,100
BMP6,87.61
BMP7,95.81
BMP8A,60.99
BMP8B,88.55
BMPER,100
BMPR1A,99.88
BMPR1B,99.46
BMPR2,99.51
BMS1,95.96
BMS1P10,100
BMS1P17,100
BMS1P22,100
BMT2,100
BMX,98.61
BNC1,96.88
BNC2,100
BNIP1,100
BNIP2,96.01
BNIP3,84.98
BNIP3L,100
BNIP5,100
BNIPL,100
BOC,99.23
BOD1,100
BOD1L1,97.17
BOD1L2,90.75
BOK,65.57
BOLA1,100
BOLA2,100
BOLA2-SMG1P6,0
BOLA2B,100
BOLA3,94.49
BOLL,100
BOP1,76.82
BORA,97.78
BORCS5,100
BORCS6,100
BORCS7,100
BORCS8,100
BPGM,100
BPHL,100
BPI,100
BPIFA1,100
BPIFA2,100
BPIFA3,100
BPIFB1,100
BPIFB2,100
BPIFB3,100
BPIFB4,100
BPIFB6,100
BPIFC,100
BPNT1,100
BPNT2,81.18
BPTF,96.65
BPY2,100
BPY2B,100
BPY2C,100
BRAF,95.19
BRAP,100
BRAT1,99.61
BRCA1,100
BRCA2,99.39
BRCC3,97.06
BRD1,100
BRD2,10.31
BRD3,98.55
BRD3OS,100
BRD4,100
BRD7,100
BRD8,100
BRD9,99.16
BRDT,97.37
BRF1,89.96
BRF2,100
BRI3,76.6
BRI3BP,79.1
BRICD5,100
BRINP1,100
BRINP2,100
BRINP3,99.83
BRIP1,99.73
BRIX1,94.44
BRK1,100
BRME1,99.93
BRMS1,100
BRMS1L,100
BROX,100
BRPF1,99.4
BRPF3,99.92
BRS3,100
BRSK1,100
BRSK2,95.7
BRWD1,99.78
BRWD3,96.74
BSCL2,100
BSDC1,100
BSG,100
BSN,98.1
BSND,98.04
BSPH1,92.48
BSPRY,83.58
BST1,100
BST2,100
BSX,100
BTAF1,99.84
BTBD1,95.65
BTBD10,100
BTBD11,93.81
BTBD16,100
BTBD17,76.52
BTBD18,100
BTBD19,98.87
BTBD2,77.01
BTBD3,91.69
BTBD7,96.75
BTBD8,98.24
BTBD9,100
BTC,100
BTD,100
BTF3,100
BTF3L4,90.77
BTG1,100
BTG2,100
BTG3,100
BTG3-AS1,100
BTG4,100
BTK,99.29
BTLA,100
BTN1A1,99.95
BTN2A1,100
BTN2A2,100
BTN3A1,100
BTN3A2,100
BTN3A3,100
BTNL10,100
BTNL2,19.29
BTNL3,100
BTNL8,100
BTNL9,92.86
BTRC,100
BUB1,96.52
BUB1B,100
BUB1B-PAK6,93.51
BUB3,100
BUD13,100
BUD23,100
BUD31,100
BVES,100
BYSL,100
BZW1,98.83
BZW2,94.76
C10orf105,100
C10orf120,100
C10orf143,100
C10orf53,100
C10orf55,50
C10orf62,100
C10orf67,94.32
C10orf71,100
C10orf82,100
C10orf88,94.54
C10orf90,100
C10orf95,37.23
C10orf99,100
C11orf1,100
C11orf16,100
C11orf21,100
C11orf24,100
C11orf40,100
C11orf42,100
C11orf52,100
C11orf53,100
C11orf54,100
C11orf58,100
C11orf65,99.52
C11orf68,86.17
C11orf71,100
C11orf80,98.54
C11orf86,100
C11orf87,100
C11orf91,92.59
C11orf94,100
C11orf96,67.29
C11orf97,100
C11orf98,100
C12orf29,95.66
C12orf4,99.94
C12orf40,95.88
C12orf42,100
C12orf43,100
C12orf50,100
C12orf54,100
C12orf56,95.14
C12orf57,100
C12orf60,100
C12orf71,100
C12orf73,100
C12orf75,75.86
C12orf76,100
C13orf42,99.19
C13orf46,100
C14orf119,100
C14orf132,100
C14orf178,97.13
C14orf180,89.27
C14orf28,100
C14orf39,99.45
C14orf93,100
C15orf32,100
C15orf39,99.78
C15orf40,100
C15orf48,100
C15orf61,88.28
C15orf62,100
C16orf46,100
C16orf54,100
C16orf72,96.21
C16orf74,100
C16orf78,100
C16orf82,100
C16orf86,100
C16orf87,99.87
C16orf89,100
C16orf90,100
C16orf91,100
C16orf92,100
C16orf95,100
C16orf96,100
C17orf100,100
C17orf107,100
C17orf113,93
C17orf114,52.98
C17orf49,97.58
C17orf50,89.77
C17orf58,54.32
C17orf64,99.8
C17orf67,84.42
C17orf75,100
C17orf80,100
C17orf97,100
C17orf98,92.47
C17orf99,100
C18orf21,100
C18orf25,100
C18orf32,100
C18orf54,95.57
C18orf63,94.46
C19orf12,99.3
C19orf18,100
C19orf25,100
C19orf33,100
C19orf38,100
C19orf44,100
C19orf47,98.92
C19orf48,100
C19orf53,100
C19orf54,100
C19orf67,100
C19orf73,100
C19orf81,96.13
C19orf84,100
C19orf85,100
C1D,100
C1GALT1,100
C1GALT1C1,99.69
C1GALT1C1L,100
C1QA,100
C1QB,100
C1QBP,81.39
C1QC,100
C1QL1,63.84
C1QL2,94.56
C1QL3,86.59
C1QL4,97.93
C1QTNF1,100
C1QTNF12,92.27
C1QTNF2,100
C1QTNF3,100
C1QTNF3-AMACR,100
C1QTNF4,70.61
C1QTNF5,91.55
C1QTNF6,100
C1QTNF7,100
C1QTNF8,90.94
C1QTNF9,80.27
C1QTNF9B,98.7
C1R,100
C1RL,99.32
C1S,100
C1orf100,100
C1orf105,97.93
C1orf109,100
C1orf112,98.63
C1orf115,97.44
C1orf116,100
C1orf122,74.47
C1orf127,100
C1orf131,100
C1orf141,90.96
C1orf146,100
C1orf159,100
C1orf162,100
C1orf167,100
C1orf174,100
C1orf185,93.07
C1orf198,99.19
C1orf21,90.14
C1orf210,100
C1orf216,100
C1orf226,100
C1orf232,78.99
C1orf35,95.96
C1orf43,100
C1orf50,100
C1orf52,100
C1orf53,76.03
C1orf54,100
C1orf56,100
C1orf68,100
C1orf74,100
C1orf87,100
C1orf94,100
C2,3.21
C20orf141,100
C20orf144,65.58
C20orf173,100
C20orf202,100
C20orf203,100
C20orf204,75.79
C20orf27,100
C20orf85,100
C20orf96,100
C21orf140,100
C21orf58,100
C21orf62,97.23
C21orf91,100
C22orf15,98.18
C22orf23,100
C22orf31,100
C22orf39,65
C22orf42,100
C22orf46,99.1
C2CD2,94.32
C2CD2L,93.23
C2CD3,100
C2CD4A,59.91
C2CD4B,47.21
C2CD4C,92.3
C2CD4D,34.93
C2CD5,97.71
C2CD6,97.76
C2orf15,100
C2orf16,100
C2orf27A,100
C2orf42,100
C2orf49,100
C2orf50,100
C2orf66,100
C2orf68,100
C2orf69,99.74
C2orf72,28.6
C2orf73,100
C2orf74,100
C2orf76,91.01
C2orf78,100
C2orf80,100
C2orf81,100
C2orf83,100
C2orf88,99.34
C2orf92,100
C3,99.98
C3AR1,100
C3orf14,100
C3orf18,100
C3orf20,100
C3orf22,100
C3orf33,100
C3orf36,100
C3orf38,100
C3orf49,99.02
C3orf52,100
C3orf56,100
C3orf62,100
C3orf70,100
C3orf80,40.19
C3orf84,100
C3orf85,100
C3orf86,81.37
C4A,89.21
C4B,84.43
C4BPA,100
C4BPB,100
C4orf17,100
C4orf19,100
C4orf3,100
C4orf33,89.3
C4orf36,100
C4orf45,100
C4orf46,100
C4orf47,100
C4orf48,59.17
C4orf50,93.71
C4orf51,100
C4orf54,100
C5,100
C5AR1,100
C5AR2,100
C5orf15,100
C5orf22,100
C5orf24,100
C5orf34,100
C5orf38,91.14
C5orf46,100
C5orf47,92.41
C5orf49,99.39
C5orf52,100
C5orf58,97.21
C5orf60,100
C5orf63,100
C5orf64,100
C5orf67,91.71
C6,99.97
C6orf118,96.7
C6orf120,100
C6orf132,95.54
C6orf136,0
C6orf141,100
C6orf15,0
C6orf163,100
C6orf201,100
C6orf223,83.68
C6orf226,100
C6orf47,27.34
C6orf52,100
C6orf58,91.94
C6orf62,100
C6orf89,100
C7,100
C7orf25,98.22
C7orf31,100
C7orf33,100
C7orf50,92.88
C7orf57,100
C7orf77,100
C8A,100
C8B,100
C8G,97.16
C8orf33,100
C8orf34,100
C8orf44,100
C8orf48,100
C8orf58,97.42
C8orf74,97.76
C8orf76,100
C8orf82,59.72
C8orf86,100
C8orf88,93.22
C8orf89,100
C9,100
C9orf129,100
C9orf131,100
C9orf152,100
C9orf153,100
C9orf163,100
C9orf24,100
C9orf40,67.69
C9orf43,100
C9orf50,85.26
C9orf57,100
C9orf64,100
C9orf72,99.55
C9orf78,100
C9orf85,100
C9orf92,100
CA1,100
CA10,100
CA11,100
CA12,100
CA13,100
CA14,100
CA2,99.54
CA3,100
CA3-AS1,75
CA4,100
CA5A,100
CA5B,98.43
CA6,98.17
CA7,100
CA8,100
CA9,100
CAAP1,100
CAB39,93
CAB39L,93.52
CABCOCO1,100
CABIN1,99.05
CABLES1,72.54
CABLES2,74.81
CABP1,63.16
CABP2,100
CABP4,99.31
CABP5,100
CABP7,100
CABS1,100
CABYR,97.43
CACFD1,100
CACHD1,100
CACNA1A,93.84
CACNA1B,91.89
CACNA1C,100
CACNA1D,100
CACNA1E,100
CACNA1F,94.83
CACNA1G,100
CACNA1H,95.46
CACNA1I,91.12
CACNA1S,99.72
CACNA2D1,98.61
CACNA2D2,94.08
CACNA2D3,99.45
CACNA2D4,100
CACNB1,100
CACNB2,99.83
CACNB3,100
CACNB4,99.59
CACNG1,100
CACNG2,100
CACNG3,100
CACNG4,100
CACNG5,100
CACNG6,99.88
CACNG7,99.91
CACNG8,59.94
CACTIN,100
CACUL1,93.22
CACYBP,100
CAD,100
CADM1,95.66
CADM2,99.93
CADM3,100
CADM4,94.55
CADPS,94.75
CADPS2,99.13
CAGE1,100
CALB1,100
CALB2,100
CALCA,100
CALCB,100
CALCOCO1,100
CALCOCO2,100
CALCR,100
CALCRL,100
CALD1,100
CALHM1,100
CALHM2,100
CALHM3,100
CALHM4,100
CALHM5,100
CALHM6,84.07
CALM1,100
CALM2,100
CALM3,100
CALML3,100
CALML4,100
CALML5,100
CALML6,100
CALN1,100
CALR,100
CALR3,100
CALU,100
CALY,87.51
CAMK1,100
CAMK1D,98.56
CAMK1G,100
CAMK2A,100
CAMK2B,97.42
CAMK2D,100
CAMK2G,99.82
CAMK2N1,90.72
CAMK2N2,100
CAMK4,100
CAMKK1,100
CAMKK2,100
CAMKMT,97.94
CAMKV,100
CAMLG,92.59
CAMP,100
CAMSAP1,95.02
CAMSAP2,100
CAMSAP3,93.91
CAMTA1,99.56
CAMTA2,99.92
CAND1,97.12
CAND2,99.9
CANT1,99.65
CANX,97.57
CAP1,100
CAP2,100
CAPG,100
CAPN1,100
CAPN10,99.95
CAPN11,100
CAPN12,93.43
CAPN13,100
CAPN14,100
CAPN15,100
CAPN2,100
CAPN3,100
CAPN5,100
CAPN6,100
CAPN7,100
CAPN8,100
CAPN9,100
CAPNS1,99.48
CAPNS2,100
CAPRIN1,100
CAPRIN2,100
CAPS,100
CAPS2,100
CAPSL,100
CAPZA1,100
CAPZA2,86.62
CAPZA3,100
CAPZB,100
CARD10,100
CARD11,100
CARD14,100
CARD16,100
CARD18,100
CARD19,99.26
CARD6,100
CARD8,99.27
CARD9,100
CARF,100
CARHSP1,100
CARM1,89.03
CARMIL1,99.79
CARMIL2,92.21
CARMIL3,99.91
CARNMT1,88.45
CARNS1,85.25
CARS1,98.25
CARS2,94.27
CARTPT,100
CASC19,0
CASC3,100
CASC8,100
CASD1,100
CASK,94.33
CASKIN1,85.71
CASKIN2,100
CASP1,96.47
CASP10,100
CASP12,100
CASP14,100
CASP2,100
CASP3,100
CASP4,100
CASP5,100
CASP6,100
CASP7,100
CASP8,99.88
CASP8AP2,98.73
CASP9,99.71
CASQ1,100
CASQ2,99.84
CASR,99.97
CASS4,100
CAST,96.25
CASTOR1,100
CASTOR2,100
CASTOR3,89.35
CASZ1,94.25
CAT,100
CATIP,100
CATIP-AS2,100
CATSPER1,100
CATSPER2,100
CATSPER3,100
CATSPER4,100
CATSPERB,96.09
CATSPERD,100
CATSPERE,93.68
CATSPERG,100
CATSPERZ,100
CAV1,100
CAV2,100
CAV3,100
CAVIN1,99.71
CAVIN2,100
CAVIN3,96.26
CAVIN4,100
CBARP,67.89
CBARP-DT,90.14
CBFA2T2,98.43
CBFA2T3,100
CBFB,86.88
CBL,99.6
CBLB,97.76
CBLC,99.55
CBLIF,100
CBLL1,100
CBLL2,99.3
CBLN1,94.47
CBLN2,87.27
CBLN3,100
CBLN4,99.34
CBR1,98.91
CBR3,100
CBR4,96.88
CBS,99.87
CBWD1,90.73
CBWD2,90.49
CBWD3,86.72
CBWD5,88.49
CBWD6,87.71
CBX1,100
CBX2,96.89
CBX3,100
CBX4,94.75
CBX5,100
CBX6,100
CBX7,96.54
CBX8,100
CBY1,100
CBY2,100
CBY3,100
CC2D1A,99.76
CC2D1B,100
CC2D2A,99.98
CC2D2B,93.15
CCAR1,99.81
CCAR2,99.48
CCBE1,99.73
CCDC102A,64.61
CCDC102B,100
CCDC103,100
CCDC105,100
CCDC106,100
CCDC107,100
CCDC110,99.97
CCDC112,99.43
CCDC113,100
CCDC115,94.82
CCDC116,100
CCDC117,77.61
CCDC12,99.83
CCDC120,65.29
CCDC121,100
CCDC122,83.82
CCDC124,100
CCDC125,92.61
CCDC126,100
CCDC127,100
CCDC13,100
CCDC134,100
CCDC136,99.81
CCDC137,100
CCDC138,95.84
CCDC14,100
CCDC140,100
CCDC141,100
CCDC142,99.33
CCDC144A,99.29
CCDC144NL,100
CCDC144NL-AS1,99.74
CCDC146,98.54
CCDC148,100
CCDC149,99.53
CCDC15,100
CCDC150,99.86
CCDC152,82.48
CCDC153,100
CCDC154,97.34
CCDC157,99.64
CCDC158,100
CCDC159,100
CCDC160,100
CCDC162P,98.65
CCDC163,100
CCDC166,55.53
CCDC167,100
CCDC168,100
CCDC169,100
CCDC17,100
CCDC170,100
CCDC171,100
CCDC172,78.1
CCDC174,95.87
CCDC175,99.69
CCDC177,60.08
CCDC178,91.45
CCDC179,100
CCDC18,94.08
CCDC180,100
CCDC181,100
CCDC182,100
CCDC183,100
CCDC184,100
CCDC185,100
CCDC186,100
CCDC187,100
CCDC188,100
CCDC190,100
CCDC191,100
CCDC192,100
CCDC194,68.36
CCDC195,100
CCDC196,94.56
CCDC197,96.08
CCDC198,100
CCDC200,100
CCDC201,100
CCDC22,90.52
CCDC24,100
CCDC25,93.25
CCDC27,100
CCDC28A,97.23
CCDC28A-AS1,100
CCDC28B,100
CCDC3,87.21
CCDC30,100
CCDC32,100
CCDC33,100
CCDC34,100
CCDC38,100
CCDC39,100
CCDC40,98.38
CCDC42,100
CCDC43,100
CCDC47,100
CCDC50,100
CCDC51,100
CCDC54,100
CCDC57,100
CCDC59,100
CCDC6,96.56
CCDC60,100
CCDC61,75.62
CCDC62,100
CCDC63,100
CCDC65,100
CCDC66,95.05
CCDC68,100
CCDC69,100
CCDC7,97.74
CCDC70,100
CCDC71,100
CCDC71L,79.96
CCDC73,84.86
CCDC74A,99.63
CCDC74B,100
CCDC77,100
CCDC78,100
CCDC8,100
CCDC80,100
CCDC81,100
CCDC82,99.88
CCDC83,100
CCDC85A,95.3
CCDC85B,99.67
CCDC85C,75.6
CCDC86,100
CCDC87,100
CCDC88A,99.07
CCDC88B,98.87
CCDC88C,100
CCDC89,100
CCDC9,99.61
CCDC90B,96.68
CCDC91,100
CCDC92,99.8
CCDC92B,47.89
CCDC93,99.72
CCDC96,100
CCDC97,99.72
CCDC9B,100
CCER1,100
CCER2,100
CCHCR1,49.05
CCIN,100
CCK,100
CCKAR,100
CCKBR,100
CCL1,100
CCL11,100
CCL13,100
CCL14,94.78
CCL15,100
CCL16,100
CCL17,100
CCL18,64.07
CCL19,100
CCL2,100
CCL20,100
CCL21,100
CCL22,100
CCL23,98.56
CCL24,100
CCL25,100
CCL26,100
CCL27,100
CCL28,100
CCL3,100
CCL3L3,100
CCL4,98.21
CCL4L2,91.75
CCL5,100
CCL7,100
CCL8,100
CCM2,100
CCM2L,80.54
CCN1,100
CCN2,78.76
CCN3,100
CCN4,100
CCN5,100
CCN6,98.67
CCNA1,100
CCNA2,100
CCNB1,100
CCNB1IP1,100
CCNB2,100
CCNB3,98.08
CCNC,92.11
CCND1,100
CCND2,100
CCND3,99.81
CCNDBP1,100
CCNE1,98.13
CCNE2,89.42
CCNF,99.37
CCNG1,100
CCNG2,100
CCNH,99.36
CCNI,100
CCNI2,78.9
CCNJ,100
CCNJL,92.56
CCNK,92.54
CCNL1,100
CCNL2,96.71
CCNO,100
CCNO-DT,100
CCNP,100
CCNQ,88.32
CCNT1,99.54
CCNT2,100
CCNY,100
CCNYL1,100
CCNYL3,100
CCP110,100
CCPG1,100
CCR1,100
CCR10,91.28
CCR2,100
CCR3,100
CCR4,100
CCR5,100
CCR5AS,100
CCR6,100
CCR7,100
CCR8,100
CCR9,100
CCRL2,100
CCS,96.63
CCSAP,85.68
CCSER1,98.41
CCSER2,96.58
CCT2,100
CCT3,100
CCT4,100
CCT5,100
CCT6A,100
CCT6B,100
CCT7,99.51
CCT8,100
CCT8L2,100
CCZ1,92.27
CCZ1B,98.27
CD101,100
CD109,100
CD14,100
CD151,91.99
CD160,100
CD163,99.87
CD163L1,100
CD164,100
CD164L2,100
CD177,100
CD180,100
CD19,97.3
CD1A,100
CD1B,100
CD1C,100
CD1D,100
CD1E,100
CD2,100
CD200,100
CD200R1,95.8
CD200R1L,87.2
CD207,100
CD209,100
CD22,100
CD226,100
CD24,91.64
CD244,100
CD247,100
CD248,96.75
CD27,100
CD274,100
CD276,100
CD28,100
CD2AP,94.83
CD2BP2,100
CD300A,100
CD300C,100
CD300E,100
CD300H,100
CD300LB,100
CD300LD,100
CD300LF,97.59
CD300LG,100
CD302,86.55
CD320,100
CD33,100
CD34,100
CD36,93.34
CD37,100
CD38,100
CD3D,100
CD3E,100
CD3G,100
CD4,100
CD40,100
CD40LG,99.49
CD44,100
CD46,99.77
CD47,73.97
CD48,100
CD5,99.8
CD52,100
CD53,100
CD55,98.83
CD58,87.87
CD59,100
CD5L,100
CD6,94.8
CD63,100
CD68,100
CD69,100
CD7,100
CD70,100
CD72,100
CD74,100
CD79A,100
CD79B,100
CD80,100
CD81,95.97
CD82,100
CD83,97.9
CD84,100
CD86,100
CD8A,95.21
CD8B,100
CD8B2,97.71
CD9,100
CD93,100
CD96,100
CD99,100
CD99L2,94.42
CDA,100
CDADC1,100
CDAN1,94.56
CDC123,97.13
CDC14A,100
CDC14B,95.33
CDC14C,99.94
CDC16,97.34
CDC20,100
CDC20B,100
CDC23,100
CDC25A,100
CDC25B,98.46
CDC25C,100
CDC26,100
CDC27,99.3
CDC34,99.61
CDC37,100
CDC37L1,90.86
CDC40,100
CDC42,100
CDC42BPA,98.49
CDC42BPB,99.46
CDC42BPG,98.16
CDC42EP1,98.21
CDC42EP2,99.73
CDC42EP3,100
CDC42EP4,100
CDC42EP5,0
CDC42SE1,100
CDC42SE2,100
CDC45,100
CDC5L,100
CDC6,100
CDC7,100
CDC73,94.92
CDCA2,100
CDCA3,100
CDCA4,100
CDCA5,100
CDCA7,100
CDCA7L,100
CDCA8,100
CDCP1,98.93
CDCP2,100
CDH1,99.66
CDH10,100
CDH11,100
CDH12,100
CDH13,100
CDH15,94.03
CDH16,100
CDH17,100
CDH18,100
CDH19,100
CDH2,97.91
CDH20,99.83
CDH22,87.99
CDH23,98.87
CDH24,80.41
CDH26,100
CDH3,98.47
CDH4,87.44
CDH5,99.92
CDH6,100
CDH7,100
CDH8,100
CDH9,100
CDHR1,97.35
CDHR2,91.54
CDHR3,100
CDHR4,100
CDHR5,83
CDIN1,100
CDIP1,94.12
CDIPT,100
CDK1,96.03
CDK10,97.5
CDK11A,99.63
CDK11B,100
CDK12,100
CDK13,92.61
CDK14,97.96
CDK15,100
CDK16,96.32
CDK17,100
CDK18,100
CDK19,100
CDK2,100
CDK20,100
CDK2AP1,84.33
CDK2AP2,100
CDK3,100
CDK4,100
CDK5,100
CDK5R1,100
CDK5R2,60.78
CDK5RAP1,100
CDK5RAP2,99.98
CDK5RAP3,100
CDK6,100
CDK7,94.01
CDK8,94.98
CDK9,81.02
CDKAL1,100
CDKL1,100
CDKL2,100
CDKL3,100
CDKL4,100
CDKL5,98.12
CDKN1A,100
CDKN1B,99.87
CDKN1C,46.87
CDKN2A,100
CDKN2AIP,99.83
CDKN2AIPNL,100
CDKN2B,99.8
CDKN2B-AS1,98.89
CDKN2C,100
CDKN2D,88.82
CDKN3,92.63
CDNF,100
CDO1,100
CDON,99.62
CDPF1,100
CDR2,100
CDR2L,95.99
CDRT15,100
CDRT15L2,100
CDRT15P3,76.09
CDRT4,100
CDS1,100
CDS2,100
CDSN,78.82
CDT1,85.77
CDV3,68
CDX1,58.4
CDX2,92.04
CDX4,99.42
CDY1,100
CDY1B,100
CDY2A,100
CDY2B,100
CDYL,98.71
CDYL2,99.52
CEACAM1,100
CEACAM16,100
CEACAM18,100
CEACAM19,100
CEACAM20,100
CEACAM21,96.97
CEACAM3,100
CEACAM4,99.55
CEACAM5,100
CEACAM6,100
CEACAM7,100
CEACAM8,100
CEACAMP10,100
CEBPA,31.13
CEBPB,32.27
CEBPD,33.21
CEBPE,100
CEBPG,100
CEBPZ,100
CEBPZOS,100
CECR2,97.21
CEL,89.53
CELA1,100
CELA2A,100
CELA2B,100
CELA3A,99.27
CELA3B,96.24
CELF1,100
CELF2,96.09
CELF3,100
CELF4,97.91
CELF5,93.7
CELF6,90.14
CELSR1,92.36
CELSR2,99.72
CELSR3,98.4
CEMIP,100
CEMIP2,98.29
CENATAC,100
CEND1,92.89
CENPA,87.76
CENPB,90.72
CENPBD1P,100
CENPC,95.73
CENPE,98.52
CENPF,100
CENPH,100
CENPI,97.26
CENPJ,99.98
CENPK,100
CENPL,100
CENPM,100
CENPN,100
CENPN-AS1,100
CENPO,100
CENPP,99.85
CENPQ,92.48
CENPS,100
CENPT,100
CENPU,100
CENPV,55.84
CENPVL1,95.73
CENPVL2,92.31
CENPVL3,79.75
CENPW,91.46
CENPX,100
CEP104,100
CEP112,95.13
CEP120,100
CEP126,98.51
CEP128,97.16
CEP131,100
CEP135,100
CEP152,99.98
CEP162,99.18
CEP164,100
CEP170,99.27
CEP170B,100
CEP19,100
CEP192,99.16
CEP20,83.99
CEP250,100
CEP290,95.38
CEP295,100
CEP295NL,100
CEP350,100
CEP41,99.9
CEP43,96.86
CEP44,100
CEP55,100
CEP57,100
CEP57L1,100
CEP63,100
CEP68,100
CEP70,94.35
CEP72,95.42
CEP72-DT,100
CEP76,100
CEP78,95.68
CEP83,99.87
CEP85,100
CEP85L,97.96
CEP89,98.96
CEP95,97.81
CEP97,100
CEPT1,100
CER1,100
CERCAM,95.88
CERK,91.37
CERKL,99.54
CERS1,78.22
CERS2,100
CERS3,100
CERS4,100
CERS5,98.66
CERS6,100
CERT1,100
CES1,90.51
CES1P1,100
CES2,98.43
CES3,100
CES4A,100
CES5A,92.47
CETN1,100
CETN2,100
CETN3,100
CETP,100
CFAP100,99.82
CFAP107,100
CFAP119,100
CFAP126,100
CFAP141,100
CFAP157,100
CFAP161,100
CFAP20,100
CFAP206,93.49
CFAP20DC,100
CFAP20DC-DT,100
CFAP210,100
CFAP221,100
CFAP251,100
CFAP276,100
CFAP298,100
CFAP298-TCP10L,100
CFAP299,92.62
CFAP300,97.32
CFAP36,93.39
CFAP410,97.54
CFAP418,98.9
CFAP43,99.98
CFAP44,100
CFAP45,100
CFAP46,99.66
CFAP47,92.23
CFAP52,100
CFAP53,100
CFAP54,97.09
CFAP57,99.95
CFAP58,100
CFAP61,100
CFAP65,99.87
CFAP69,91.45
CFAP70,100
CFAP73,85.74
CFAP74,98.56
CFAP77,100
CFAP91,100
CFAP92,100
CFAP95,100
CFAP97,100
CFAP97D1,100
CFAP97D2,100
CFAP99,82.22
CFB,21.15
CFC1,100
CFC1B,89
CFD,44.13
CFDP1,91.4
CFH,99.57
CFHR1,100
CFHR2,100
CFHR3,95.84
CFHR4,96.24
CFHR5,99.78
CFI,92.8
CFL1,95.21
CFL2,98.3
CFLAR,100
CFP,83.17
CFTR,99.37
CGA,100
CGAS,98.22
CGB1,100
CGB2,100
CGB3,100
CGB5,100
CGB7,100
CGB8,100
CGGBP1,100
CGN,98.17
CGNL1,100
CGREF1,100
CGRRF1,100
CH25H,100
CH507-145C22.1,85.85
CH507-42P11.6,100
CHAC1,100
CHAC2,100
CHADL,85.99
CHAF1A,98.22
CHAF1B,100
CHAMP1,100
CHAT,100
CHCHD1,100
CHCHD10,79.16
CHCHD2,100
CHCHD3,98.42
CHCHD4,100
CHCHD5,100
CHCHD6,100
CHCHD7,100
CHD1,96.2
CHD1L,100
CHD2,100
CHD3,98.14
CHD4,99.85
CHD5,99.1
CHD6,100
CHD7,99.94
CHD8,100
CHD9,99.56
CHDH,100
CHEK1,100
CHEK2,97.25
CHERP,100
CHFR,100
CHGA,96.65
CHGB,100
CHI3L1,100
CHI3L2,100
CHIA,99.11
CHIC1,99.33
CHIC2,100
CHID1,99.82
CHIT1,100
CHKA,77.69
CHKB,100
CHKB-CPT1B,100
CHL1,100
CHL1-AS2,100
CHM,96.06
CHML,100
CHMP1A,98.96
CHMP1B,100
CHMP2A,100
CHMP2B,98.2
CHMP3,100
CHMP4A,100
CHMP4B,100
CHMP4C,100
CHMP5,100
CHMP6,100
CHMP7,87.73
CHN1,97.54
CHN2,98.39
CHODL,99.27
CHORDC1,95.29
CHP1,100
CHP2,100
CHPF,98.89
CHPF2,100
CHPT1,93.5
CHRAC1,100
CHRD,95.08
CHRDL1,98.98
CHRDL2,100
CHRFAM7A,79.26
CHRM1,100
CHRM2,100
CHRM3,98.32
CHRM4,100
CHRM5,100
CHRNA1,100
CHRNA10,92.69
CHRNA2,99.89
CHRNA3,98.28
CHRNA4,99.6
CHRNA5,91.6
CHRNA6,100
CHRNA7,83.26
CHRNA9,100
CHRNB1,100
CHRNB2,100
CHRNB3,100
CHRNB4,100
CHRND,100
CHRNE,100
CHRNG,100
CHROMR,100
CHST1,100
CHST10,100
CHST11,100
CHST12,100
CHST13,88.27
CHST14,87.53
CHST15,99.95
CHST2,84.18
CHST3,99.62
CHST4,100
CHST5,100
CHST6,99.76
CHST7,60.03
CHST8,100
CHST9,100
CHSY1,88.48
CHSY3,100
CHTF18,90.43
CHTF8,100
CHTOP,100
CHUK,100
CHURC1,100
CHURC1-FNTB,100
CIAO1,100
CIAO2A,99.8
CIAO2B,100
CIAO3,100
CIAPIN1,100
CIART,100
CIB1,100
CIB2,99.64
CIB3,100
CIB4,99.66
CIBAR1,79.85
CIBAR2,100
CIC,99.71
CIDEA,100
CIDEB,100
CIDEC,100
CIITA,99.8
CILK1,100
CILP,100
CILP2,100
CINP,100
CIP2A,100
CIPC,100
CIR1,92.98
CIRBP,100
CIROP,99.26
CISD1,100
CISD2,100
CISD3,70.15
CISH,100
CIT,100
CITED1,95.15
CITED2,91.06
CITED4,0
CIZ1,97.94
CKAP2,100
CKAP2L,97.86
CKAP4,82.96
CKAP5,100
CKB,98.16
CKLF,100
CKM,100
CKMT1A,100
CKMT1B,99.93
CKMT2,99.25
CKS1B,100
CKS2,100
CLASP1,100
CLASP2,98.58
CLASRP,100
CLBA1,98.02
CLC,100
CLCA1,100
CLCA2,95.35
CLCA4,99.78
CLCC1,99.75
CLCF1,100
CLCN1,99.75
CLCN2,100
CLCN3,99.96
CLCN4,97.79
CLCN5,96.14
CLCN6,99.22
CLCN7,94.22
CLCNKA,100
CLCNKB,100
CLDN1,100
CLDN10,100
CLDN11,100
CLDN12,100
CLDN14,99.87
CLDN14-AS1,100
CLDN15,100
CLDN16,98.32
CLDN17,100
CLDN18,100
CLDN19,99.64
CLDN2,100
CLDN20,100
CLDN22,100
CLDN23,100
CLDN24,100
CLDN25,100
CLDN3,100
CLDN34,100
CLDN4,100
CLDN5,100
CLDN6,100
CLDN7,99.86
CLDN8,100
CLDN9,100
CLDND1,100
CLDND2,100
CLEC10A,100
CLEC11A,90.89
CLEC12A,95.67
CLEC12B,100
CLEC14A,100
CLEC16A,100
CLEC17A,100
CLEC18A,91.44
CLEC18B,100
CLEC18C,98.52
CLEC19A,100
CLEC1A,100
CLEC1B,100
CLEC20A,100
CLEC2A,100
CLEC2B,84.79
CLEC2D,91.69
CLEC2L,81.4
CLEC3A,100
CLEC3B,100
CLEC4A,100
CLEC4C,100
CLEC4D,100
CLEC4E,100
CLEC4F,100
CLEC4G,100
CLEC4M,100
CLEC4OP,100
CLEC5A,100
CLEC6A,100
CLEC7A,100
CLEC9A,100
CLECL1,100
CLGN,96.78
CLHC1,100
CLIC1,0
CLIC2,100
CLIC3,98.12
CLIC4,100
CLIC5,100
CLIC6,100
CLINT1,100
CLIP1,100
CLIP2,99.66
CLIP3,100
CLIP4,100
CLK1,100
CLK2,94.4
CLK3,94.72
CLK4,93.91
CLLU1,95.87
CLLU1-AS1,100
CLMN,99.72
CLMP,100
CLN3,99.87
CLN5,96.65
CLN6,93.53
CLN8,91.58
CLNK,98.2
CLNS1A,100
CLOCK,100
CLP1,100
CLPB,100
CLPP,100
CLPS,100
CLPSL1,100
CLPSL2,99.35
CLPTM1,98.4
CLPTM1L,89.71
CLPX,100
CLRN1,100
CLRN1-AS1,100
CLRN2,100
CLRN3,100
CLSPN,100
CLSTN1,96.91
CLSTN2,99.83
CLSTN3,99.64
CLTA,99.73
CLTB,99.39
CLTC,100
CLTCL1,100
CLTRN,100
CLU,100
CLUAP1,100
CLUH,98
CLUL1,96.35
CLVS1,100
CLVS2,100
CLXN,100
CLYBL,95.28
CMA1,100
CMAHP,100
CMAS,100
CMBL,100
CMC1,100
CMC2,100
CMC4,100
CMIP,97.8
CMKLR1,100
CMKLR2,100
CMPK1,100
CMPK2,61.99
CMSS1,98.41
CMTM1,100
CMTM2,100
CMTM3,79.95
CMTM4,75.27
CMTM5,100
CMTM6,100
CMTM7,91.78
CMTM8,100
CMTR1,100
CMTR2,100
CMYA5,100
CNBD1,88.58
CNBD2,100
CNBP,100
CNDP1,100
CNDP2,100
CNEP1R1,100
CNFN,100
CNGA1,99.74
CNGA2,96.99
CNGA3,99.87
CNGA4,100
CNGB1,99.98
CNGB3,97.11
CNIH1,100
CNIH2,100
CNIH3,100
CNIH4,100
CNKSR1,100
CNKSR2,95.96
CNKSR3,100
CNMD,100
CNN1,96.49
CNN2,100
CNN3,93.63
CNN3-DT,100
CNNM1,89.96
CNNM2,99.86
CNNM3,60.03
CNNM4,95.31
CNOT1,100
CNOT10,100
CNOT11,100
CNOT2,100
CNOT3,11.86
CNOT4,100
CNOT6,100
CNOT6L,100
CNOT7,100
CNOT8,95.34
CNOT9,100
CNP,100
CNPPD1,100
CNPY1,100
CNPY2,100
CNPY3,100
CNPY3-GNMT,100
CNPY4,100
CNR1,99.93
CNR2,100
CNRIP1,100
CNST,99
CNTD1,100
CNTF,100
CNTFR,100
CNTLN,97.8
CNTN1,100
CNTN2,100
CNTN3,100
CNTN4,100
CNTN5,100
CNTN6,100
CNTNAP1,100
CNTNAP2,98.66
CNTNAP3,100
CNTNAP3B,78.57
CNTNAP3C,99.2
CNTNAP4,100
CNTNAP5,99.31
CNTRL,99.81
CNTROB,100
COA1,100
COA3,100
COA4,100
COA5,100
COA6,100
COA7,100
COA8,100
COASY,99.33
COBL,99.08
COBLL1,97.94
COCH,99.6
COG1,98.83
COG2,100
COG3,100
COG4,100
COG5,100
COG6,99.56
COG7,100
COG8,98.37
COIL,100
COL10A1,100
COL11A1,99.82
COL11A2,0.62
COL12A1,100
COL13A1,93.93
COL14A1,99.86
COL15A1,100
COL16A1,100
COL17A1,99.98
COL18A1,97.75
COL19A1,98.78
COL1A1,99.58
COL1A2,99.09
COL20A1,100
COL21A1,100
COL22A1,99.9
COL23A1,84.76
COL24A1,100
COL25A1,100
COL26A1,99.55
COL27A1,99.87
COL28A1,98.64
COL2A1,100
COL3A1,99.98
COL4A1,99.22
COL4A2,99.94
COL4A3,99.08
COL4A4,99.76
COL4A5,99.42
COL4A6,96.69
COL5A1,98.06
COL5A2,99.56
COL5A3,99.77
COL6A1,99.69
COL6A2,99.97
COL6A3,99.77
COL6A5,99.99
COL6A6,99.96
COL7A1,99.09
COL8A1,100
COL8A2,100
COL9A1,98.86
COL9A2,100
COL9A3,96.26
COLCA1,98.13
COLCA2,100
COLEC10,100
COLEC11,100
COLEC12,99.69
COLGALT1,86.17
COLGALT2,97.62
COLQ,100
COMMD1,100
COMMD10,100
COMMD2,100
COMMD3,100
COMMD4,100
COMMD4P1,100
COMMD4P2,100
COMMD5,100
COMMD6,100
COMMD7,86.85
COMMD8,100
COMMD9,100
COMP,99.48
COMT,99.82
COMTD1,100
COP1,93.81
COPA,100
COPB1,100
COPB2,100
COPE,100
COPG1,99.93
COPG2,100
COPRS,85.88
COPS2,99.48
COPS3,100
COPS4,100
COPS5,100
COPS6,100
COPS7A,100
COPS7B,100
COPS8,93.2
COPS9,99.21
COPZ1,100
COPZ2,83.94
COQ10A,84.62
COQ10B,100
COQ2,92.59
COQ3,100
COQ4,100
COQ5,100
COQ6,100
COQ7,100
COQ8A,100
COQ8B,100
COQ9,100
CORIN,100
CORO1A,99.56
CORO1B,100
CORO1C,100
CORO2A,100
CORO2B,98.96
CORO6,100
CORO7,92.1
CORT,100
COTL1,100
COX10,100
COX10-DT,100
COX11,93.92
COX14,100
COX15,99.93
COX16,100
COX17,100
COX18,100
COX19,100
COX20,100
COX4I1,99.06
COX4I2,100
COX5A,96.01
COX5B,100
COX6A1,100
COX6A2,98.3
COX6B1,100
COX6B2,100
COX6C,100
COX7A1,100
COX7A2,100
COX7A2L,100
COX7B,100
COX7B2,100
COX7C,100
COX8A,100
COX8C,100
CP,99.29
CPA1,100
CPA2,100
CPA3,100
CPA4,100
CPA5,100
CPA6,94.6
CPAMD8,95.39
CPB1,100
CPB2,100
CPD,93.72
CPE,94.85
CPEB1,97.17
CPEB2,70.54
CPEB3,91.6
CPEB4,100
CPED1,99.52
CPHXL,100
CPHXL2,100
CPLANE1,97.94
CPLANE1-AS1,0
CPLANE2,100
CPLX1,100
CPLX2,100
CPLX3,100
CPLX4,100
CPM,100
CPN1,100
CPN2,100
CPNE1,100
CPNE2,100
CPNE3,100
CPNE4,96.79
CPNE5,100
CPNE6,100
CPNE7,96.05
CPNE8,91.05
CPNE8-AS1,100
CPNE9,100
CPO,100
CPOX,91.71
CPPED1,100
CPQ,100
CPS1,99.94
CPSF1,100
CPSF2,100
CPSF3,100
CPSF4,100
CPSF4L,100
CPSF6,99.64
CPSF7,100
CPT1A,100
CPT1B,100
CPT1C,100
CPT2,99.95
CPTP,100
CPVL,100
CPXCR1,100
CPXM1,94.51
CPXM2,99.15
CPZ,100
CR1,98.31
CR1L,100
CR2,100
CRABP1,100
CRABP2,100
CRACD,100
CRACDL,88.63
CRACR2A,100
CRACR2B,100
CRADD,100
CRAMP1,93.12
CRAT,99.37
CRB1,100
CRB2,85.73
CRB3,100
CRBN,100
CRCP,100
CRCT1,100
CREB1,100
CREB3,100
CREB3L1,100
CREB3L2,100
CREB3L3,98.99
CREB3L4,100
CREB5,97.57
CREBBP,99.99
CREBL2,100
CREBRF,100
CREBZF,100
CREG1,73.32
CREG2,78.01
CRELD1,100
CRELD2,96.52
CREM,100
CRH,100
CRHBP,99.9
CRHR1,91.31
CRHR2,100
CRIM1,98.56
CRIP1,100
CRIP2,81.06
CRIP3,100
CRIPT,100
CRISP1,100
CRISP2,100
CRISP3,100
CRISPLD1,100
CRISPLD2,100
CRK,98.23
CRKL,100
CRLF1,91.13
CRLF2,100
CRLF3,100
CRLS1,66.85
CRMP1,82.31
CRNDE,100
CRNKL1,100
CRNN,100
CROCC,94.88
CROCC2,97.43
CROT,100
CRP,100
CRPPA,93.75
CRTAC1,100
CRTAM,100
CRTAP,73.23
CRTC1,100
CRTC2,100
CRTC3,95.85
CRX,99.79
CRY1,100
CRY2,100
CRYAA,99.73
CRYAB,100
CRYBA1,100
CRYBA2,95.29
CRYBA4,100
CRYBB1,100
CRYBB2,100
CRYBB3,100
CRYBG1,99.46
CRYBG2,100
CRYBG3,99.63
CRYGA,100
CRYGB,100
CRYGC,100
CRYGD,98.86
CRYGN,100
CRYGS,100
CRYL1,96.77
CRYM,100
CRYZ,100
CRYZL1,91.89
CS,100
CSAD,100
CSAG1,100
CSAG2,80.25
CSAG3,100
CSDC2,100
CSDE1,100
CSE1L,91.91
CSF1,97.74
CSF1R,99.54
CSF2,100
CSF2RA,94.12
CSF2RB,100
CSF3,100
CSF3R,100
CSGALNACT1,99.39
CSGALNACT2,100
CSH1,100
CSH2,100
CSHL1,100
CSK,100
CSKMT,100
CSMD1,99.99
CSMD2,98.45
CSMD3,100
CSN1S1,87.99
CSN2,96.04
CSN3,100
CSNK1A1,100
CSNK1A1L,100
CSNK1D,100
CSNK1E,100
CSNK1G1,100
CSNK1G2,99.57
CSNK1G3,97.17
CSNK2A1,100
CSNK2A2,95.51
CSNK2A3,100
CSNK2B,7.69
CSNKA2IP,100
CSPG4,99.89
CSPG4P12,45
CSPG4P3Y,100
CSPG4P4Y,100
CSPG5,94.24
CSPP1,98.97
CSRNP1,100
CSRNP2,100
CSRNP3,100
CSRP1,90.15
CSRP1-AS1,100
CSRP2,100
CSRP3,100
CSRP3-AS1,100
CST1,100
CST11,100
CST2,100
CST3,86.39
CST4,100
CST5,100
CST6,90.89
CST7,100
CST8,100
CST9,100
CST9L,100
CSTA,100
CSTB,100
CSTF1,100
CSTF2,98.3
CSTF2T,100
CSTF3,98.2
CSTL1,100
CSTPP1,99.5
CT45A1,100
CT45A10,100
CT45A2,55.96
CT45A3,100
CT45A5,83.33
CT45A6,83.86
CT45A7,81.58
CT45A8,56.32
CT45A9,54.91
CT47A1,87.95
CT47A10,89.1
CT47A11,82.45
CT47A12,75.65
CT47A2,92.67
CT47A3,100
CT47A4,93.54
CT47A5,98.26
CT47A6,74.25
CT47A7,87.37
CT47A8,95.47
CT47A9,88.24
CT47B1,94.67
CT55,82.48
CT62,100
CT83,100
CTAG1A,100
CTAG1B,100
CTAG2,100
CTAGE1,97.89
CTAGE15,100
CTAGE4,100
CTAGE6,100
CTAGE8,100
CTAGE9,100
CTBP1,98.1
CTBP2,100
CTBS,95.23
CTC-338M12.4,100
CTC1,99.79
CTCF,93.21
CTCF-DT,100
CTCFL,100
CTDNEP1,100
CTDP1,91.43
CTDSP1,99.12
CTDSP2,100
CTDSPL,93.66
CTDSPL2,100
CTF1,33.76
CTH,99.76
CTHRC1,95.29
CTIF,100
CTLA4,100
CTNNA1,100
CTNNA2,100
CTNNA3,100
CTNNAL1,97.44
CTNNB1,100
CTNNBIP1,100
CTNNBL1,100
CTNND1,100
CTNND2,93.05
CTNS,99.86
CTPS1,100
CTPS2,99.91
CTR9,100
CTRB1,100
CTRB2,100
CTRC,100
CTRL,100
CTSA,100
CTSB,100
CTSC,99.81
CTSD,98.09
CTSE,100
CTSF,85.66
CTSG,100
CTSH,100
CTSK,100
CTSL,100
CTSO,86.02
CTSS,100
CTSV,100
CTSW,100
CTSZ,87.61
CTTN,100
CTTNBP2,98.46
CTTNBP2NL,100
CTU1,33.05
CTU2,96.25
CTXN1,66.67
CTXN2,100
CTXN3,100
CTXND1,100
CTXND2,100
CUBN,99.94
CUEDC1,100
CUEDC2,99.42
CUL1,100
CUL2,97.3
CUL3,96.35
CUL4A,93.48
CUL4B,98.61
CUL5,100
CUL7,99.98
CUL9,99.82
CUTA,97.09
CUTC,100
CUX1,88.82
CUX2,100
CUZD1,100
CWC15,100
CWC22,97.69
CWC25,91.16
CWC27,98.32
CWF19L1,100
CWF19L2,100
CWH43,96.34
CX3CL1,100
CX3CR1,100
CXADR,93.05
CXCL1,100
CXCL10,100
CXCL11,100
CXCL12,98.92
CXCL13,100
CXCL14,100
CXCL16,100
CXCL17,100
CXCL2,100
CXCL3,100
CXCL5,100
CXCL6,100
CXCL8,99.67
CXCL9,100
CXCR1,100
CXCR2,100
CXCR3,93.5
CXCR4,100
CXCR5,100
CXCR6,100
CXXC1,100
CXXC4,83.17
CXXC5,100
CXorf38,76.55
CXorf49,100
CXorf49B,100
CXorf51A,92.97
CXorf51B,78.9
CXorf58,100
CXorf65,98.34
CXorf66,100
CYB561,100
CYB561A3,100
CYB561D1,100
CYB561D2,100
CYB5A,100
CYB5B,100
CYB5D1,100
CYB5D2,100
CYB5R1,100
CYB5R2,100
CYB5R3,97.96
CYB5R4,82.85
CYB5RL,100
CYBA,100
CYBB,97.75
CYBC1,100
CYBRD1,100
CYC1,89.69
CYCS,100
CYFIP1,94.95
CYFIP2,100
CYGB,100
CYHR1,79.26
CYLC1,97.9
CYLC2,96.08
CYLD,97.83
CYLD-AS1,100
CYP11A1,100
CYP11B1,100
CYP11B2,100
CYP17A1,100
CYP19A1,99.94
CYP1A1,98.96
CYP1A2,100
CYP1B1,99.47
CYP20A1,100
CYP21A2,50.36
CYP24A1,99.56
CYP26A1,100
CYP26B1,100
CYP26C1,77.38
CYP27A1,100
CYP27B1,100
CYP27C1,86.51
CYP2A13,100
CYP2A6,100
CYP2A7,100
CYP2B6,100
CYP2C18,100
CYP2C19,99.93
CYP2C8,99.94
CYP2C9,99.93
CYP2D6,98.18
CYP2D7,81.06
CYP2E1,99.93
CYP2F1,100
CYP2G1P,100
CYP2J2,99.87
CYP2R1,100
CYP2S1,100
CYP2U1,91.24
CYP2W1,100
CYP39A1,100
CYP3A4,100
CYP3A43,100
CYP3A5,100
CYP3A7,100
CYP3A7-CYP3A51P,100
CYP46A1,92.63
CYP4A11,100
CYP4A22,100
CYP4B1,100
CYP4F11,100
CYP4F12,100
CYP4F2,100
CYP4F22,99.94
CYP4F3,100
CYP4F8,95.81
CYP4V2,99.08
CYP4X1,100
CYP4Z1,100
CYP51A1,100
CYP51A1-AS1,100
CYP7A1,100
CYP7B1,99.47
CYP8B1,100
CYREN,100
CYRIA,100
CYRIB,100
CYS1,33.33
CYSLTR1,100
CYSLTR2,100
CYSRT1,100
CYSTM1,100
CYTH1,98.35
CYTH2,100
CYTH3,95.06
CYTH4,100
CYTIP,100
CYTL1,100
CYYR1,100
CZIB,100
ClinGen CNVs: Pathogenic (nssv579289),100
D2HGDH,99.78
DAAM1,100
DAAM2,100
DAB1,99.95
DAB2,100
DAB2IP,96.76
DACH1,96.39
DACH2,93.05
DACT1,86.26
DACT2,90.2
DACT3,47.58
DAD1,100
DAG1,99.85
DAGLA,99.82
DAGLB,100
DALRD3,99.23
DAND5,100
DAO,100
DAOA,100
DAP,91.64
DAP3,95.87
DAPK1,100
DAPK2,100
DAPK3,100
DAPL1,100
DAPP1,100
DARS1,100
DARS2,100
DAW1,100
DAXX,26.71
DAZ1,96.18
DAZ2,80.51
DAZ3,72.97
DAZ4,80.57
DAZAP1,98.07
DAZAP2,100
DAZL,95.13
DBF4,92.74
DBF4B,100
DBH,98.1
DBI,100
DBN1,99.33
DBNDD1,96.79
DBNDD2,100
DBNL,100
DBP,72.92
DBR1,100
DBT,99.18
DBX1,100
DBX2,100
DCAF1,100
DCAF10,100
DCAF11,100
DCAF12,100
DCAF12L1,98.35
DCAF12L2,81.75
DCAF13,97.06
DCAF15,100
DCAF16,100
DCAF17,97.75
DCAF4,100
DCAF4L1,100
DCAF4L2,100
DCAF5,100
DCAF6,98.1
DCAF7,100
DCAF8,100
DCAF8L1,100
DCAF8L2,99.26
DCAKD,100
DCANP1,100
DCBLD1,90.98
DCBLD2,99.59
DCC,99.25
DCD,100
DCDC1,99.78
DCDC2,100
DCDC2B,100
DCDC2C,96.14
DCHS1,96.71
DCHS2,99.81
DCK,99.89
DCLK1,100
DCLK2,100
DCLK3,96.76
DCLRE1A,100
DCLRE1B,100
DCLRE1C,97.09
DCLRE1CP1,100
DCN,99.93
DCP1A,97.89
DCP1B,97.34
DCP2,100
DCPS,100
DCST1,99.66
DCST2,100
DCSTAMP,100
DCT,100
DCTD,96.43
DCTN1,100
DCTN2,100
DCTN3,100
DCTN4,100
DCTN5,100
DCTN6,100
DCTPP1,100
DCUN1D1,99.67
DCUN1D2,68.34
DCUN1D3,95.82
DCUN1D4,100
DCUN1D5,100
DCX,99.7
DCXR,100
DDA1,100
DDAH1,89.51
DDAH2,0
DDB1,100
DDB2,100
DDC,100
DDHD1,95.97
DDHD2,100
DDI1,100
DDI2,99.92
DDIAS,97.06
DDIT3,100
DDIT4,100
DDIT4L,100
DDN,97.57
DDN-AS1,100
DDO,100
DDOST,100
DDR1,4.99
DDR2,100
DDRGK1,100
DDT,100
DDTL,100
DDX1,100
DDX10,100
DDX11,100
DDX17,99.82
DDX18,100
DDX19A,100
DDX19B,100
DDX20,98.96
DDX21,100
DDX23,100
DDX24,99.96
DDX25,100
DDX27,100
DDX28,94.39
DDX31,100
DDX39A,100
DDX39B,9.21
DDX3X,97.33
DDX3Y,90.74
DDX4,100
DDX41,99.32
DDX42,100
DDX43,98.46
DDX46,100
DDX47,100
DDX49,100
DDX5,100
DDX50,97.66
DDX51,83.99
DDX52,98.91
DDX53,99.74
DDX54,99.66
DDX55,99.9
DDX56,100
DDX58,100
DDX59,100
DDX6,100
DDX60,97.17
DDX60L,100
DEAF1,79.72
DECR1,100
DECR2,81.8
DEDD,100
DEDD2,99.4
DEF6,95.52
DEF8,99.12
DEFA1,100
DEFA1B,100
DEFA3,100
DEFA4,100
DEFA5,100
DEFA6,100
DEFB1,100
DEFB103A,100
DEFB103B,100
DEFB104A,100
DEFB104B,100
DEFB105A,100
DEFB105B,100
DEFB106A,100
DEFB106B,100
DEFB107A,100
DEFB107B,100
DEFB108B,100
DEFB108F,100
DEFB109B,99.24
DEFB110,100
DEFB112,100
DEFB113,100
DEFB114,100
DEFB115,100
DEFB116,100
DEFB118,100
DEFB119,100
DEFB121,100
DEFB123,100
DEFB124,100
DEFB125,100
DEFB126,99.4
DEFB127,100
DEFB128,100
DEFB129,100
DEFB130A,100
DEFB130B,100
DEFB131A,100
DEFB131B,100
DEFB132,100
DEFB133,100
DEFB134,100
DEFB135,100
DEFB136,100
DEFB4A,100
DEFB4B,100
DEGS1,100
DEGS2,96.19
DEK,93.13
DELE1,100
DELEC1,100
DENND10,100
DENND11,75.66
DENND1A,98.31
DENND1B,99.4
DENND1C,100
DENND2A,100
DENND2B,100
DENND2C,100
DENND2D,100
DENND3,99.14
DENND4A,100
DENND4B,99.78
DENND4C,97.91
DENND5A,98.77
DENND5B,97.76
DENND6A,91.39
DENND6B,91.87
DENR,96.65
DEPDC1,100
DEPDC1B,100
DEPDC4,100
DEPDC5,100
DEPDC7,100
DEPP1,100
DEPTOR,100
DERA,100
DERL1,100
DERL2,92.36
DERL3,98.83
DES,100
DESI1,100
DESI2,100
DET1,100
DEUP1,100
DEXI,99.31
DFFA,96.37
DFFB,100
DGAT1,92.67
DGAT2,100
DGAT2L6,99.31
DGCR2,100
DGCR5,17.62
DGCR6,97.75
DGCR6L,100
DGCR8,100
DGKA,100
DGKB,99.17
DGKD,96.24
DGKE,100
DGKG,100
DGKH,98.65
DGKI,89.6
DGKK,99.16
DGKQ,90.96
DGKZ,93.02
DGLUCY,99.85
DGUOK,100
DHCR24,98.29
DHCR7,100
DHDDS,100
DHDH,100
DHFR,99.65
DHFR2,100
DHH,94.79
DHODH,100
DHPS,100
DHRS1,100
DHRS11,81.1
DHRS12,99.03
DHRS13,85.71
DHRS2,100
DHRS3,100
DHRS4,100
DHRS4-AS1,100
DHRS4L2,100
DHRS7,99.51
DHRS7B,100
DHRS7C,100
DHRS9,100
DHRSX,92.45
DHTKD1,99.82
DHX15,100
DHX16,0.28
DHX29,98.23
DHX30,93.66
DHX32,100
DHX33,100
DHX34,99.97
DHX35,100
DHX36,98.15
DHX37,100
DHX38,100
DHX40,96.28
DHX57,100
DHX58,99.71
DHX8,100
DHX9,100
DIABLO,100
DIAPH1,99.08
DIAPH2,94.86
DIAPH3,96.52
DICER1,99.88
DIDO1,100
DIMT1,100
DIO1,100
DIO2,100
DIO3,100
DIP2A,100
DIP2B,99.79
DIP2C,98.4
DIPK1A,99.27
DIPK1B,95.92
DIPK1C,85.27
DIPK2A,94.06
DIPK2B,89.28
DIRAS1,100
DIRAS2,100
DIRAS3,100
DIRC1,100
DIRC3,100
DIS3,100
DIS3L,95.74
DIS3L2,99.89
DISC1,100
DISP1,100
DISP2,96.58
DISP3,100
DIXDC1,100
DKC1,98.24
DKK1,100
DKK2,100
DKK3,97.64
DKK4,100
DKKL1,100
DLAT,100
DLC1,100
DLD,98.81
DLEC1,100
DLEU7,83.77
DLG1,99.06
DLG2,99.9
DLG3,95.88
DLG4,98.3
DLG5,96.51
DLGAP1,99.58
DLGAP2,75.38
DLGAP3,98.27
DLGAP4,100
DLGAP5,100
DLK1,100
DLK2,100
DLL1,93.65
DLL3,70.28
DLL4,99.27
DLST,100
DLX1,100
DLX2,96.5
DLX3,100
DLX4,100
DLX5,97.9
DLX6,100
DMAC1,100
DMAC2,100
DMAC2L,100
DMAP1,100
DMBT1,100
DMBT1L1,100
DMBX1,100
DMC1,100
DMD,97.12
DMGDH,96.71
DMKN,100
DMP1,99.94
DMPK,98.19
DMRT1,99.3
DMRT2,87.08
DMRT3,85.98
DMRTA1,94.79
DMRTA2,69.61
DMRTB1,83.28
DMRTC1,100
DMRTC1B,98.48
DMRTC2,100
DMTF1,98.72
DMTN,99.59
DMWD,87.26
DMXL1,99.35
DMXL2,99.35
DNA2,100
DNAAF1,100
DNAAF10,100
DNAAF11,95.13
DNAAF2,91.91
DNAAF3,99.63
DNAAF4,99.94
DNAAF5,77.39
DNAAF6,100
DNAAF8,100
DNAAF9,97.65
DNAH1,99.73
DNAH10,98.75
DNAH11,100
DNAH12,97.76
DNAH14,98.47
DNAH17,99.79
DNAH2,99.8
DNAH3,100
DNAH5,98.82
DNAH6,100
DNAH7,100
DNAH8,99.94
DNAH9,99.26
DNAI1,98.85
DNAI2,100
DNAI3,100
DNAI4,100
DNAI7,99.26
DNAJA1,100
DNAJA2,99.52
DNAJA3,91.88
DNAJA4,97.74
DNAJB1,100
DNAJB11,100
DNAJB12,100
DNAJB13,100
DNAJB14,100
DNAJB2,100
DNAJB4,95.66
DNAJB5,98.49
DNAJB6,99.75
DNAJB7,100
DNAJB8,99.57
DNAJB9,100
DNAJC1,88.06
DNAJC10,97.05
DNAJC11,100
DNAJC12,100
DNAJC13,100
DNAJC14,100
DNAJC15,100
DNAJC16,100
DNAJC17,98.02
DNAJC18,100
DNAJC19,99.72
DNAJC2,92.88
DNAJC21,87.48
DNAJC22,100
DNAJC24,100
DNAJC25,84.74
DNAJC27,100
DNAJC28,100
DNAJC3,98.41
DNAJC30,100
DNAJC4,100
DNAJC5,97.99
DNAJC5B,94.96
DNAJC5G,100
DNAJC6,96.23
DNAJC7,100
DNAJC8,100
DNAJC9,100
DNAJC9-AS1,100
DNAL1,90.22
DNAL4,100
DNALI1,100
DNASE1,100
DNASE1L1,91.33
DNASE1L2,97.02
DNASE1L3,100
DNASE2,100
DNASE2B,100
DND1,95.76
DNER,90.02
DNHD1,100
DNLZ,73.56
DNM1,96.05
DNM1L,99.96
DNM1P50,100
DNM2,94.16
DNM3,100
DNMBP,100
DNMT1,100
DNMT3A,100
DNMT3B,99.55
DNMT3L,100
DNPEP,100
DNPH1,88.34
DNTT,100
DNTTIP1,100
DNTTIP2,100
DOC2A,100
DOC2B,62.39
DOCK1,98.86
DOCK10,98.29
DOCK11,93.76
DOCK2,100
DOCK3,99.2
DOCK4,98.67
DOCK5,100
DOCK6,99.34
DOCK7,95.21
DOCK8,97.43
DOCK9,97.75
DOHH,98.16
DOK1,100
DOK2,100
DOK3,99.84
DOK4,100
DOK5,100
DOK6,100
DOK7,98.88
DOLK,100
DOLPP1,100
DONSON,81.15
DOP1A,99.26
DOP1B,100
DOT1L,95.7
DPAGT1,100
DPCD,100
DPEP1,99.12
DPEP2,97.4
DPEP2NB,100
DPEP3,100
DPF1,100
DPF2,100
DPF3,100
DPH1,100
DPH2,100
DPH3,100
DPH5,95.34
DPH6,99.11
DPH7,97.99
DPM1,87.49
DPM2,99.64
DPM3,100
DPP10,95.45
DPP3,100
DPP4,94.87
DPP6,93.12
DPP7,95.84
DPP8,100
DPP9,99.21
DPPA2,100
DPPA3,87.5
DPPA4,100
DPPA5,100
DPRX,100
DPT,100
DPY19L1,81.08
DPY19L2,89.44
DPY19L2P3,93.36
DPY19L3,92.18
DPY19L4,96.02
DPY30,100
DPYD,99.53
DPYS,99.61
DPYSL2,94.67
DPYSL3,100
DPYSL4,100
DPYSL5,100
DQX1,100
DR1,100
DRAM1,100
DRAM2,100
DRAP1,94.52
DRAXIN,100
DRC1,100
DRC3,100
DRC7,100
DRD1,100
DRD2,100
DRD3,99.92
DRD4,17.86
DRD5,100
DRG1,100
DRG2,100
DRGX,100
DRICH1,100
DROSHA,100
DRP2,90.15
DSC1,98.68
DSC2,99.19
DSC3,100
DSCAM,100
DSCAML1,96.62
DSCC1,99.07
DSCR4,100
DSE,100
DSEL,100
DSG1,98.83
DSG1-AS1,90.91
DSG2,99.53
DSG3,99.87
DSG4,98.9
DSN1,100
DSP,99.95
DSP-AS1,100
DSPP,100
DST,99.72
DSTN,100
DSTYK,99.69
DTD1,93.32
DTD2,100
DTHD1,97.69
DTL,100
DTNA,100
DTNB,100
DTNBP1,99.87
DTWD1,95.91
DTWD2,98.27
DTX1,85.99
DTX2,94.1
DTX3,100
DTX3L,100
DTX4,98.98
DTYMK,85.49
DUOX1,100
DUOX2,100
DUOXA1,100
DUOXA2,100
DUS1L,100
DUS2,99.66
DUS3L,100
DUS4L,100
DUSP1,82.34
DUSP10,100
DUSP11,97.76
DUSP12,100
DUSP13,100
DUSP14,100
DUSP15,88.96
DUSP16,100
DUSP18,100
DUSP19,100
DUSP2,72.98
DUSP21,92.67
DUSP22,100
DUSP23,100
DUSP26,100
DUSP28,34.09
DUSP29,100
DUSP3,96.67
DUSP4,100
DUSP5,69.35
DUSP6,100
DUSP7,84.74
DUSP8,30.56
DUSP9,73
DUT,81.33
DUX4,98.35
DUXA,100
DUXB,100
DVL1,99.43
DVL2,100
DVL3,99.16
DXO,1.91
DYDC1,90.45
DYDC2,100
DYM,99.96
DYNAP,100
DYNC1H1,100
DYNC1I1,100
DYNC1I2,100
DYNC1LI1,91.7
DYNC1LI2,100
DYNC2H1,98.36
DYNC2I1,100
DYNC2I2,94.7
DYNC2LI1,100
DYNLL1,100
DYNLL2,100
DYNLRB1,100
DYNLRB2,100
DYNLT1,100
DYNLT2,100
DYNLT2B,100
DYNLT3,100
DYNLT4,100
DYNLT5,100
DYRK1A,100
DYRK1B,99.69
DYRK2,97.47
DYRK3,100
DYRK4,100
DYSF,100
DYTN,100
DZANK1,100
DZIP1,96.82
DZIP1L,100
DZIP3,95.01
E2F1,80.14
E2F2,100
E2F3,94.7
E2F4,99.27
E2F5,84.91
E2F6,95.07
E2F7,98.48
E2F8,99.42
E4F1,99.96
EAF1,100
EAF2,100
EAPP,100
EARS2,100
EBAG9,100
EBF1,100
EBF2,100
EBF3,94.89
EBF4,87.57
EBI3,100
EBLN1,100
EBLN2,100
EBNA1BP2,100
EBP,100
EBPL,73.53
ECD,100
ECE1,96.34
ECE2,100
ECEL1,82.67
ECH1,100
ECHDC1,99.65
ECHDC2,100
ECHDC3,93.72
ECHS1,100
ECI1,87.46
ECI2,100
ECM1,100
ECPAS,94.83
ECRG4,100
ECSCR,100
ECSIT,100
ECT2,96.88
ECT2L,100
EDA,94.74
EDA2R,98.47
EDAR,99.88
EDARADD,99.33
EDC3,100
EDC4,100
EDDM13,98.28
EDDM3A,100
EDDM3B,100
EDEM1,95.03
EDEM2,100
EDEM3,94.09
EDF1,100
EDIL3,100
EDN1,100
EDN2,100
EDN3,99.88
EDNRA,100
EDNRB,99.33
EDRF1,96.35
EEA1,100
EED,100
EEF1A1,100
EEF1A2,87.52
EEF1AKMT1,100
EEF1AKMT2,100
EEF1AKMT3,100
EEF1AKMT4,94.27
EEF1B2,100
EEF1D,99.82
EEF1E1,79.85
EEF1G,100
EEF2,98.72
EEF2K,100
EEF2KMT,99.91
EEFSEC,96.28
EEPD1,100
EFCAB10,100
EFCAB11,91.05
EFCAB12,100
EFCAB13,99.93
EFCAB13-DT,100
EFCAB14,100
EFCAB2,99.86
EFCAB3,96.33
EFCAB5,100
EFCAB6,100
EFCAB7,96.35
EFCAB8,100
EFCAB9,100
EFCC1,80.32
EFEMP1,99.84
EFEMP2,99.64
EFHB,100
EFHC1,99.78
EFHC2,96.93
EFHD1,59.84
EFHD2,77.13
EFL1,100
EFNA1,100
EFNA2,84.85
EFNA3,89.26
EFNA4,100
EFNA5,100
EFNB1,92.05
EFNB2,100
EFNB3,100
EFR3A,99.62
EFR3B,99.72
EFS,100
EFTUD2,100
EGF,98.23
EGFL6,96.46
EGFL7,100
EGFL8,11.25
EGFLAM,100
EGFR,99.92
EGILA,100
EGLN1,76.6
EGLN2,100
EGLN3,100
EGR1,100
EGR2,99.94
EGR3,100
EGR4,92.2
EHBP1,100
EHBP1L1,92.06
EHD1,98.97
EHD2,100
EHD3,100
EHD4,100
EHF,100
EHHADH,100
EHMT1,99.59
EHMT2,11.08
EI24,88.8
EID1,100
EID2,77.36
EID2B,100
EID3,100
EIF1,100
EIF1AD,100
EIF1AX,100
EIF1AY,88.28
EIF1B,100
EIF2A,100
EIF2AK1,100
EIF2AK2,100
EIF2AK3,89.68
EIF2AK4,98.91
EIF2B1,99.91
EIF2B2,100
EIF2B3,100
EIF2B4,100
EIF2B5,100
EIF2B5-DT,100
EIF2D,100
EIF2S1,100
EIF2S2,81.04
EIF2S3,99.2
EIF2S3B,100
EIF3A,100
EIF3B,88.42
EIF3C,100
EIF3CL,96.87
EIF3D,100
EIF3E,100
EIF3F,100
EIF3G,100
EIF3H,98.08
EIF3I,100
EIF3J,99.63
EIF3K,100
EIF3L,100
EIF3M,96.91
EIF4A1,100
EIF4A2,100
EIF4A3,100
EIF4B,100
EIF4E,100
EIF4E1B,100
EIF4E2,100
EIF4E3,73.93
EIF4EBP1,85.15
EIF4EBP2,100
EIF4EBP3,100
EIF4ENIF1,100
EIF4G1,100
EIF4G2,100
EIF4G3,100
EIF4H,100
EIF5,98.27
EIF5A,100
EIF5A2,100
EIF5AL1,100
EIF5B,99.95
EIF6,100
EIPR1,100
ELAC1,100
ELAC2,99.89
ELANE,80.59
ELAPOR1,100
ELAPOR2,95.81
ELAVL1,100
ELAVL2,100
ELAVL3,100
ELAVL4,98.81
ELF1,100
ELF2,100
ELF3,100
ELF4,88.1
ELF5,100
ELFN1,95.7
ELFN2,100
ELK1,85.7
ELK3,100
ELK4,100
ELL,100
ELL2,100
ELL3,100
ELMO1,100
ELMO2,100
ELMO3,100
ELMOD1,98.27
ELMOD2,99.23
ELMOD3,98.18
ELN,100
ELOA,97.04
ELOA2,100
ELOB,96.96
ELOC,100
ELOF1,100
ELOVL1,100
ELOVL2,99.71
ELOVL3,100
ELOVL4,97.36
ELOVL5,100
ELOVL6,100
ELOVL7,97.68
ELP1,98.84
ELP2,100
ELP3,100
ELP4,99.82
ELP5,100
ELP6,96.82
ELSPBP1,100
EMB,99.8
EMC1,100
EMC10,100
EMC2,90.77
EMC3,100
EMC4,100
EMC6,100
EMC7,100
EMC8,100
EMC9,100
EMCN,100
EMD,76.36
EME1,100
EME2,87.54
EMG1,100
EMID1,99.42
EMILIN1,100
EMILIN2,86.77
EMILIN3,92.74
EML1,97.56
EML2,100
EML3,99.23
EML4,99.13
EML5,99.42
EML6,99.41
EMP1,100
EMP2,100
EMP3,100
EMSY,98.99
EMX1,87.43
EMX2,99.08
EN1,63.44
EN2,54.68
ENAH,88.84
ENAM,99.8
ENC1,100
ENDOD1,98
ENDOG,75.78
ENDOU,100
ENDOV,100
ENG,100
ENGASE,94.32
ENHO,100
ENKD1,100
ENKUR,100
ENO1,100
ENO2,100
ENO3,97.6
ENO4,100
ENOPH1,100
ENOSF1,99.76
ENOX1,100
ENOX2,99.42
ENPEP,97.27
ENPP1,89.05
ENPP2,100
ENPP3,99.11
ENPP4,100
ENPP5,100
ENPP6,99.77
ENPP7,100
ENPP7P15,100
ENSA,100
ENTHD1,100
ENTPD1,100
ENTPD2,92.14
ENTPD3,100
ENTPD4,100
ENTPD5,95.54
ENTPD6,100
ENTPD7,99.9
ENTPD8,100
ENTR1,98.82
ENY2,100
EOGT,92.16
EOLA1,94.46
EOLA2,88.89
EOMES,96.41
EP300,99.96
EP400,99.89
EPAS1,99.74
EPB41,99.86
EPB41L1,100
EPB41L2,97.77
EPB41L3,94.29
EPB41L4A,96.56
EPB41L4B,91.56
EPB41L5,95.22
EPB42,100
EPC1,100
EPC2,100
EPCAM,100
EPDR1,100
EPG5,100
EPGN,100
EPHA1,99.69
EPHA1-AS1,100
EPHA10,90.05
EPHA2,97.18
EPHA2-AS1,100
EPHA3,100
EPHA4,100
EPHA5,100
EPHA6,100
EPHA7,98.49
EPHA8,97.05
EPHB1,100
EPHB2,97.72
EPHB3,96.06
EPHB4,100
EPHB6,76.21
EPHX1,100
EPHX2,100
EPHX3,83.19
EPHX4,100
EPM2A,78.86
EPM2A-DT,100
EPM2AIP1,100
EPN1,100
EPN2,100
EPN3,94.8
EPO,100
EPOP,30.18
EPOR,99.95
EPPIN,100
EPPK1,96.47
EPRS1,100
EPS15,98.55
EPS15L1,98.9
EPS8,100
EPS8L1,29.46
EPS8L2,97.81
EPS8L3,100
EPSTI1,97.6
EPX,100
EPYC,100
EQTN,100
ERAL1,100
ERAP1,100
ERAP2,100
ERAS,85.33
ERBB2,100
ERBB3,100
ERBB4,100
ERBIN,98.73
ERC1,100
ERC2,100
ERCC1,100
ERCC2,99.8
ERCC3,100
ERCC4,99.67
ERCC5,100
ERCC6,99.91
ERCC6L,98.19
ERCC6L2,100
ERCC8,100
EREG,100
ERF,100
ERFE,52.3
ERG,98.96
ERG28,100
ERGIC1,100
ERGIC2,90.8
ERGIC3,100
ERH,100
ERI1,100
ERI2,100
ERI3,99.05
ERICH1,98.21
ERICH2,96.99
ERICH3,99.61
ERICH4,100
ERICH5,100
ERICH6,94.28
ERICH6B,100
ERLEC1,100
ERLIN1,100
ERLIN2,100
ERMAP,100
ERMARD,100
ERMN,100
ERMP1,95.1
ERN1,92.97
ERN2,96.52
ERO1A,97.56
ERO1B,96.08
ERP27,100
ERP29,100
ERP44,94.02
ERRFI1,100
ERV3-1,100
ERVFC1,100
ERVFRD-1,100
ERVH48-1,100
ERVK3-1,100
ERVMER34-1,100
ERVV-1,100
ERVV-2,100
ERVW-1,100
ESAM,100
ESCO1,100
ESCO2,99.84
ESD,100
ESF1,100
ESM1,100
ESPL1,99.44
ESPN,73.83
ESPNL,100
ESR1,99.96
ESR2,100
ESRP1,100
ESRP2,98.03
ESRRA,84.48
ESRRAP2,100
ESRRB,100
ESRRG,100
ESS2,100
ESX1,92.3
ESYT1,100
ESYT2,90.51
ESYT3,100
ETAA1,100
ETDA,100
ETDB,95.49
ETDC,100
ETF1,100
ETFA,100
ETFB,100
ETFBKMT,100
ETFDH,100
ETFRF1,80.62
ETHE1,100
ETNK1,96.69
ETNK2,99.35
ETNPPL,100
ETS1,100
ETS2,92.25
ETV1,100
ETV2,100
ETV3,100
ETV3L,100
ETV4,100
ETV5,100
ETV6,100
ETV7,100
EVA1A,100
EVA1B,100
EVA1C,98.19
EVC,91.22
EVC2,99.15
EVI2A,100
EVI2B,100
EVI5,98.85
EVI5L,99.67
EVL,99.76
EVPL,100
EVPLL,100
EVX1,86.6
EVX2,65.48
EWSR1,99.73
EXD1,100
EXD2,100
EXD3,100
EXO1,100
EXO5,100
EXOC1,100
EXOC1L,100
EXOC2,100
EXOC3,100
EXOC3L1,96.95
EXOC3L2,77.29
EXOC3L4,91.18
EXOC4,100
EXOC5,100
EXOC6,98.23
EXOC6B,98.18
EXOC7,100
EXOC8,100
EXOG,100
EXOSC1,100
EXOSC10,100
EXOSC2,100
EXOSC3,99.65
EXOSC4,100
EXOSC5,100
EXOSC6,31.38
EXOSC7,100
EXOSC8,100
EXOSC9,98.37
EXPH5,100
EXT1,99.7
EXT2,99.96
EXTL1,99.76
EXTL2,99.51
EXTL3,100
EYA1,99.9
EYA2,100
EYA3,100
EYA4,99.78
EYS,99.5
EZH1,100
EZH2,95.68
EZHIP,99.8
EZR,100
F10,98.26
F11,100
F11-AS1,100
F11R,100
F12,100
F13A1,100
F13B,99.95
F2,100
F2R,100
F2RL1,100
F2RL2,100
F2RL3,94.99
F3,100
F5,98.72
F7,100
F8,91.64
F8A2,34.68
F8A3,37.28
F9,97.8
FA2H,89.64
FAAH,92.88
FAAH2,99.03
FAAP100,99.24
FAAP20,97.51
FAAP24,100
FABP1,100
FABP12,100
FABP2,100
FABP3,98.91
FABP4,100
FABP5,100
FABP6,100
FABP7,100
FABP9,100
FADD,91.07
FADS1,93.66
FADS2,100
FADS3,100
FADS6,98.77
FAF1,100
FAF2,100
FAH,99.92
FAHD1,100
FAHD2A,100
FAHD2B,100
FAHD2CP,100
FAIM,100
FAIM2,100
FAM102A,100
FAM102B,100
FAM104A,100
FAM104B,96.19
FAM106A,100
FAM106C,100
FAM107A,100
FAM107B,100
FAM110A,100
FAM110B,100
FAM110C,82.84
FAM110D,63.24
FAM111A,100
FAM111B,100
FAM114A1,99.95
FAM114A2,100
FAM117A,92.15
FAM117B,81.3
FAM118A,100
FAM118B,100
FAM120A,97.32
FAM120AOS,85.97
FAM120B,82.71
FAM120C,82.27
FAM124A,96.39
FAM124B,100
FAM126A,99.51
FAM126B,100
FAM131A,99.34
FAM131B,97.63
FAM131B-AS2,100
FAM131C,97.39
FAM133A,100
FAM133B,93.33
FAM135A,97.91
FAM135B,100
FAM136A,100
FAM13A,99.16
FAM13B,98.34
FAM13C,100
FAM149A,96.91
FAM149B1,100
FAM151B,98.09
FAM153A,98.72
FAM153B,100
FAM153CP,100
FAM153DP,100
FAM156A,100
FAM156B,100
FAM157A,100
FAM157B,100
FAM161A,98.9
FAM161B,100
FAM162A,100
FAM162B,95.91
FAM163A,100
FAM163B,100
FAM166A,100
FAM166B,100
FAM166C,100
FAM167A,100
FAM167B,100
FAM168A,100
FAM168B,100
FAM169A,100
FAM169B,100
FAM170A,100
FAM170B,100
FAM170B-AS1,100
FAM171A1,96.46
FAM171A2,55.43
FAM171B,100
FAM172A,97.54
FAM174A,99.32
FAM174B,81.04
FAM174C,70.3
FAM177A1,100
FAM177B,100
FAM178B,100
FAM180A,100
FAM180B,100
FAM181A,96.9
FAM181B,75.1
FAM182B,100
FAM183A,100
FAM184A,100
FAM184B,100
FAM185A,100
FAM186A,100
FAM186B,100
FAM187A,100
FAM187B,100
FAM189A1,58.82
FAM189A2,84.54
FAM189B,95.1
FAM193A,94.59
FAM193B,95.84
FAM199X,95.37
FAM200A,100
FAM200B,100
FAM204A,96.39
FAM205A,97.78
FAM205C,100
FAM209A,100
FAM209B,100
FAM20A,98.41
FAM20B,100
FAM20C,73.91
FAM210A,100
FAM210B,71.56
FAM214A,100
FAM214B,100
FAM216A,100
FAM216B,100
FAM217A,99.26
FAM217B,100
FAM219A,97.98
FAM219B,99.55
FAM220A,100
FAM221A,100
FAM221B,100
FAM222A,100
FAM222B,100
FAM227A,100
FAM227B,96.88
FAM228A,94.71
FAM228B,100
FAM229A,100
FAM229B,100
FAM234A,100
FAM234B,100
FAM236A,100
FAM236B,100
FAM236C,100
FAM236D,79.58
FAM237A,100
FAM237B,100
FAM240A,100
FAM240B,100
FAM240C,100
FAM241A,90.14
FAM241B,100
FAM246A,26.32
FAM246B,0
FAM24A,100
FAM24B,100
FAM25A,100
FAM25C,100
FAM25E,100
FAM25G,100
FAM27B,100
FAM27C,100
FAM27E3,100
FAM30A,95.3
FAM32A,100
FAM3A,90.46
FAM3B,95.82
FAM3C,100
FAM3D,98.81
FAM43A,96.62
FAM43B,37.58
FAM47A,99.83
FAM47B,99.54
FAM47C,100
FAM47E,98.46
FAM50A,88.24
FAM50B,100
FAM53A,97.64
FAM53B,100
FAM53C,100
FAM66C,100
FAM72A,100
FAM72B,100
FAM72C,100
FAM72D,100
FAM76A,100
FAM76B,100
FAM78A,100
FAM78B,100
FAM81A,100
FAM81B,100
FAM83A,100
FAM83B,100
FAM83C,98.04
FAM83D,99.03
FAM83E,95.42
FAM83F,85.96
FAM83G,98.8
FAM83H,68.05
FAM86B1,98.85
FAM86B2,100
FAM86KP,100
FAM89A,47.57
FAM89B,52.91
FAM8A1,90.1
FAM90A1,99.57
FAM91A1,95.66
FAM98A,100
FAM98B,100
FAM98C,94.35
FAM9A,82.98
FAM9B,84.44
FAM9C,65.46
FAN1,98.51
FANCA,93.69
FANCB,97.33
FANCC,99.85
FANCD2,98.55
FANCD2OS,100
FANCD2P2,100
FANCE,93.56
FANCF,99.65
FANCG,100
FANCI,100
FANCL,99.93
FANCM,98.54
FANK1,100
FAP,88.91
FAR1,100
FAR2,97.7
FARP1,99.92
FARP2,100
FARS2,100
FARSA,100
FARSB,100
FAS,99.73
FASLG,100
FASN,99.55
FASTK,100
FASTKD1,100
FASTKD2,99.59
FASTKD3,100
FASTKD5,100
FAT1,100
FAT2,100
FAT3,100
FAT4,100
FATE1,97.64
FAU,100
FAXC,100
FAXDC2,100
FBF1,100
FBH1,99.97
FBL,100
FBLIM1,98.46
FBLL1,74.93
FBLN1,89.47
FBLN2,100
FBLN5,99.88
FBLN7,94.82
FBN1,99.96
FBN2,100
FBN3,100
FBP1,99.82
FBP2,100
FBRS,92.56
FBRSL1,84.11
FBXL12,100
FBXL13,100
FBXL14,100
FBXL15,100
FBXL16,98.89
FBXL17,82.08
FBXL18,99.13
FBXL19,99.03
FBXL2,100
FBXL20,99.86
FBXL21P,99.77
FBXL22,86.33
FBXL3,100
FBXL4,97.78
FBXL5,100
FBXL6,89.2
FBXL7,100
FBXL8,95.29
FBXO10,94.54
FBXO11,90.87
FBXO15,99.61
FBXO16,96.45
FBXO17,100
FBXO2,92.82
FBXO21,96.65
FBXO22,96.08
FBXO24,100
FBXO25,86.05
FBXO27,96.64
FBXO28,100
FBXO3,96.34
FBXO30,100
FBXO31,87.01
FBXO32,100
FBXO33,88.07
FBXO34,100
FBXO36,100
FBXO38,100
FBXO38-DT,93.23
FBXO39,100
FBXO4,100
FBXO40,100
FBXO41,86.53
FBXO42,100
FBXO43,100
FBXO44,97.72
FBXO45,86.76
FBXO46,100
FBXO47,100
FBXO48,100
FBXO5,100
FBXO6,100
FBXO7,97.48
FBXO8,100
FBXO9,100
FBXW10,100
FBXW10B,100
FBXW11,100
FBXW12,100
FBXW2,100
FBXW4,97.83
FBXW5,100
FBXW7,100
FBXW8,88.24
FBXW9,99.93
FCAMR,100
FCAR,0
FCER1A,100
FCER1G,100
FCER2,100
FCF1,100
FCGBP,99.76
FCGR1A,100
FCGR1BP,100
FCGR2A,100
FCGR2B,100
FCGR2C,100
FCGR3A,100
FCGR3B,100
FCGRT,100
FCHO1,100
FCHO2,97.58
FCHSD1,100
FCHSD2,97.72
FCMR,99.06
FCN1,100
FCN2,100
FCN3,100
FCRL1,100
FCRL2,100
FCRL3,100
FCRL4,96.45
FCRL5,99.05
FCRL6,99.26
FCRLA,99.74
FCRLB,97.89
FCSK,100
FDCSP,100
FDFT1,94.14
FDPS,91.02
FDX1,66.67
FDX2,100
FDXACB1,100
FDXR,100
FECH,95
FEM1A,91.44
FEM1B,100
FEM1C,100
FEN1,100
FER,100
FER1L5,100
FER1L6,100
FERD3L,100
FERMT1,99.81
FERMT2,98.85
FERMT3,98.56
FES,100
FETUB,100
FEV,67.36
FEZ1,100
FEZ2,96.55
FEZF1,99.3
FEZF2,99.93
FFAR1,100
FFAR2,100
FFAR3,100
FFAR4,100
FGA,100
FGB,100
FGD1,87
FGD2,100
FGD3,100
FGD4,95.46
FGD5,99.71
FGD6,100
FGF1,100
FGF10,100
FGF11,100
FGF12,100
FGF13,90.49
FGF14,99.72
FGF16,87.04
FGF17,100
FGF18,83.17
FGF19,94.16
FGF2,77.28
FGF20,55.02
FGF21,100
FGF22,58.93
FGF23,99.49
FGF3,69.44
FGF4,48.95
FGF5,100
FGF6,100
FGF7P3,100
FGF8,92.85
FGF9,98.89
FGFBP1,100
FGFBP2,100
FGFBP3,60.1
FGFR1,99.23
FGFR1OP2,100
FGFR2,99.74
FGFR3,95.83
FGFR4,100
FGFRL1,98.17
FGG,100
FGGY,100
FGL1,100
FGR,100
FH,99.87
FHAD1,98.77
FHDC1,100
FHIP1A,100
FHIP1B,100
FHIP2A,98.66
FHIP2B,98.12
FHIT,100
FHL1,89.95
FHL2,100
FHL3,100
FHL5,100
FHOD1,100
FHOD3,99.72
FIBCD1,95.21
FIBIN,100
FIBP,100
FICD,100
FIG4,100
FIGLA,89.27
FIGN,100
FIGNL1,100
FIGNL2,66.22
FILIP1,100
FIP1L1,98.58
FIS1,100
FITM1,98.37
FITM2,100
FIZ1,70.75
FJX1,49.24
FKBP10,100
FKBP11,100
FKBP14,100
FKBP15,100
FKBP1A,93.63
FKBP1B,100
FKBP1C,100
FKBP2,100
FKBP3,100
FKBP4,95.11
FKBP5,100
FKBP6,100
FKBP7,100
FKBP8,100
FKBP9,94.43
FKBPL,24.48
FKRP,83.33
FKTN,99.73
FLACC1,100
FLAD1,99.4
FLCN,100
FLG,99.57
FLG2,98.26
FLI1,100
FLII,97.96
FLNA,85.68
FLNB,100
FLNC,99.73
FLOT1,7.74
FLOT2,100
FLRT1,100
FLRT2,100
FLRT3,100
FLT1,99.84
FLT3,98.56
FLT3LG,100
FLT4,96.73
FLVCR1,99.53
FLVCR2,99.78
FLYWCH1,100
FLYWCH2,100
FMC1,100
FMN1,100
FMN2,98.76
FMNL1,93.16
FMNL2,100
FMNL3,100
FMO1,100
FMO2,100
FMO3,99.88
FMO4,100
FMO5,100
FMOD,100
FMR1,99.19
FMR1NB,87.24
FN1,100
FN3K,96.13
FN3KRP,100
FNBP1,98.78
FNBP1L,100
FNBP4,96.65
FNDC1,98.08
FNDC10,26.87
FNDC11,100
FNDC3A,94.72
FNDC3B,100
FNDC4,100
FNDC5,86.72
FNDC7,100
FNDC8,100
FNIP1,100
FNIP2,99.66
FNTA,98.79
FNTB,100
FOCAD,100
FOLH1,100
FOLH1B,100
FOLR1,100
FOLR2,100
FOLR3,99.77
FOS,100
FOSB,100
FOSL1,95.59
FOSL2,100
FOSL2-AS1,100
FOXA1,100
FOXA2,88.43
FOXA3,100
FOXB1,100
FOXB2,87.61
FOXC1,58.1
FOXC2,57.44
FOXD1,52.86
FOXD2,48.79
FOXD3,70.08
FOXD4,100
FOXD4L1,100
FOXD4L3,100
FOXD4L4,100
FOXD4L5,95.04
FOXD4L6,100
FOXE1,40.46
FOXE3,25.52
FOXF1,81.15
FOXF2,62.25
FOXG1,84.38
FOXH1,99.55
FOXI1,99.65
FOXI2,73.98
FOXI3,66.67
FOXJ1,97.16
FOXJ2,100
FOXJ3,100
FOXK1,82.61
FOXK2,82.97
FOXL1,82.18
FOXL2,41.03
FOXL2NB,100
FOXL3,63.82
FOXM1,100
FOXN1,100
FOXN2,100
FOXN3,100
FOXN4,100
FOXO1,80.49
FOXO3,100
FOXO3B,92.69
FOXO4,90.05
FOXO6,50.81
FOXP1,99.96
FOXP2,99.92
FOXP3,98.39
FOXP4,99.96
FOXQ1,58.71
FOXR1,100
FOXR2,100
FOXRED1,100
FOXRED2,100
FOXS1,100
FPGS,86.06
FPGT,100
FPR1,100
FPR2,100
FPR3,100
FRA10AC1,83.13
FRAS1,99.96
FRAT1,63.69
FRAT2,56.55
FREM1,100
FREM2,99.83
FREM3,100
FRG1,99.88
FRG2,100
FRG2B,98.81
FRG2C,100
FRK,100
FRMD1,100
FRMD3,100
FRMD4A,97.36
FRMD4B,100
FRMD5,99.8
FRMD6,100
FRMD7,96.41
FRMD8,100
FRMPD1,100
FRMPD2,98.99
FRMPD3,92.63
FRMPD4,88.03
FRRS1,100
FRRS1L,72.1
FRS2,100
FRS3,98.19
FRY,100
FRYL,99.94
FRZB,100
FSBP,100
FSCB,100
FSCN1,95.28
FSCN2,86.89
FSCN3,100
FSD1,100
FSD1L,100
FSD2,98.99
FSHB,100
FSHR,99.91
FSIP1,100
FSIP2,98.92
FST,99.74
FSTL1,100
FSTL3,75.22
FSTL4,100
FSTL5,98.66
FTCD,97.17
FTCDNL1,100
FTH1,98.14
FTHL17,96.92
FTHL18P,100
FTL,96.91
FTMT,100
FTO,98.74
FTSJ1,96.38
FTSJ3,100
FUBP1,100
FUBP3,95.36
FUCA1,99.93
FUCA2,100
FUNDC1,100
FUNDC2,88.53
FUOM,100
FURIN,100
FUS,99.51
FUT1,100
FUT10,100
FUT11,96.76
FUT2,100
FUT3,100
FUT4,74.42
FUT5,100
FUT6,100
FUT7,100
FUT8,100
FUT9,100
FUZ,100
FXN,75.7
FXR1,100
FXR2,99.46
FXYD1,100
FXYD2,100
FXYD3,100
FXYD4,100
FXYD5,100
FXYD6,100
FXYD7,100
FYB1,96.85
FYB2,98.49
FYCO1,99.98
FYN,80.41
FYTTD1,98.94
FZD1,87.45
FZD10,99.08
FZD2,93.64
FZD3,100
FZD4,99.7
FZD5,100
FZD6,100
FZD7,98.61
FZD8,72.66
FZD9,80.01
FZR1,100
G0S2,100
G2E3,96.79
G3BP1,100
G3BP2,100
G6PC1,100
G6PC2,100
G6PC3,100
G6PD,84
GAA,99.93
GAB1,100
GAB2,98.29
GAB3,78.76
GAB4,99.71
GABARAP,100
GABARAPL1,100
GABARAPL2,100
GABBR1,9.85
GABBR2,95.69
GABPA,100
GABPB1,100
GABPB2,96.65
GABRA1,98.51
GABRA2,99.88
GABRA3,98.58
GABRA4,100
GABRA5,100
GABRA6,100
GABRB1,100
GABRB2,100
GABRB3,99.89
GABRD,97.45
GABRE,92.7
GABRG1,100
GABRG2,97.3
GABRG3,99.77
GABRP,100
GABRQ,93.37
GABRR1,99.11
GABRR2,100
GABRR3,100
GACAT2,43.09
GAD1,100
GAD2,100
GADD45A,100
GADD45B,100
GADD45G,100
GADD45GIP1,95.52
GADL1,100
GAGE1,96.84
GAGE10,76.92
GAGE12B,100
GAGE12C,63.28
GAGE12D,60.73
GAGE12E,64.97
GAGE12F,90.4
GAGE12G,71.19
GAGE12H,48.02
GAGE12J,97.74
GAGE13,76.27
GAGE2A,84.33
GAGE2E,100
GAK,99.98
GAL,100
GAL3ST1,100
GAL3ST2,62.02
GAL3ST3,79.49
GAL3ST4,98.9
GALC,95.59
GALE,100
GALK1,99.85
GALK2,100
GALM,100
GALNS,99.93
GALNT1,100
GALNT10,99.79
GALNT11,97.55
GALNT12,86.27
GALNT13,99.79
GALNT14,100
GALNT15,92.95
GALNT16,100
GALNT17,94.85
GALNT18,100
GALNT2,94.36
GALNT3,99.16
GALNT4,100
GALNT5,100
GALNT6,100
GALNT7,100
GALNT8,98.53
GALNT9,100
GALNTL5,100
GALNTL6,100
GALP,100
GALR1,99.52
GALR2,100
GALR3,52.3
GALT,100
GAMT,98.56
GAN,98.66
GANAB,100
GANC,98.17
GAP43,100
GAPDH,98.92
GAPDHS,100
GAPT,100
GAPVD1,100
GAR1,100
GAREM1,100
GAREM2,77.04
GARIN1A,100
GARIN1B,99.22
GARIN2,100
GARIN3,99.72
GARIN4,100
GARIN5A,98.56
GARIN5B,99.31
GARNL3,98.92
GARRE1,100
GARS1,97.55
GART,100
GAS1,37.67
GAS2,100
GAS2L1,100
GAS2L2,100
GAS2L3,99.14
GAS6,95.53
GAS7,100
GAS8,100
GASAL1,83.42
GASK1A,100
GASK1B,100
GAST,100
GATA1,80.03
GATA2,98.99
GATA3,100
GATA4,67.01
GATA5,87.35
GATA6,75.63
GATAD1,83.68
GATAD2A,100
GATAD2B,92.2
GATB,100
GATC,100
GATD1,94.94
GATD3,84.15
GATD3B,100
GATM,89.49
GBA,98.33
GBA2,100
GBA3,100
GBE1,99.49
GBF1,100
GBGT1,100
GBP1,100
GBP2,100
GBP3,100
GBP4,100
GBP5,100
GBP6,100
GBP7,100
GBX1,70.77
GBX2,92.89
GC,98.02
GCA,100
GCAT,100
GCAWKR,100
GCC1,100
GCC2,100
GCC2-AS1,100
GCDH,100
GCFC2,99.69
GCG,100
GCGR,100
GCH1,87.38
GCHFR,100
GCK,99.7
GCKR,100
GCLC,100
GCLM,95.03
GCM1,100
GCM2,99.74
GCN1,100
GCNA,98.89
GCNT1,100
GCNT2,99.97
GCNT3,100
GCNT4,100
GCOM1,100
GCSAM,100
GCSAML,100
GCSH,98.88
GDA,100
GDAP1,96.94
GDAP1L1,100
GDAP2,100
GDE1,100
GDF1,47.01
GDF10,100
GDF11,90.93
GDF15,100
GDF2,100
GDF3,100
GDF5,100
GDF6,92.97
GDF7,65.71
GDF9,100
GDI1,96.44
GDI2,100
GDNF,99.32
GDNF-AS1,100
GDPD1,100
GDPD2,98.16
GDPD3,100
GDPD4,100
GDPD5,100
GDPGP1,100
GEM,100
GEMIN2,95.06
GEMIN4,99.69
GEMIN5,100
GEMIN6,100
GEMIN7,90.15
GEMIN8,89.83
GEN1,100
GET1,97.5
GET1-SH3BGR,100
GET3,100
GET4,88.72
GFAP,100
GFER,69.31
GFI1,90.96
GFI1B,98.26
GFM1,98
GFM2,100
GFOD1,100
GFOD2,100
GFPT1,99.57
GFPT2,96.04
GFRA1,100
GFRA2,99.81
GFRA3,100
GFRA4,50.44
GFRAL,95.44
GFUS,91.09
GFY,100
GGA1,100
GGA2,95.43
GGA3,100
GGACT,100
GGCT,100
GGCTP1,97.65
GGCX,99.79
GGH,93.98
GGN,100
GGNBP2,99
GGPS1,100
GGT1,100
GGT2P,92.58
GGT5,100
GGT6,100
GGT7,99.5
GGTA1,100
GGTLC1,100
GGTLC2,100
GGTLC3,71.81
GH1,100
GH2,100
GHDC,100
GHITM,100
GHR,99.75
GHRH,100
GHRHR,99.93
GHRL,100
GHSR,99.58
GID4,89.64
GID8,100
GIGYF1,100
GIGYF2,100
GIMAP1,100
GIMAP1-GIMAP5,100
GIMAP2,100
GIMAP4,100
GIMAP5,100
GIMAP6,100
GIMAP7,100
GIMAP8,100
GIMD1,95.3
GIN1,100
GINM1,100
GINS1,100
GINS2,100
GINS3,100
GINS4,100
GIP,100
GIPC1,100
GIPC2,99.9
GIPC3,97.68
GIPR,100
GIT1,97.93
GIT2,100
GJA1,99.91
GJA10,100
GJA3,99.33
GJA4,99.1
GJA5,100
GJA8,100
GJA9,100
GJB1,83.08
GJB2,99.03
GJB3,99.88
GJB4,100
GJB5,100
GJB6,100
GJB7,100
GJC1,100
GJC2,76.31
GJC3,100
GJD2,100
GJD2-DT,100
GJD3,44.75
GJD4,100
GJE1,95.63
GK,91.5
GK2,100
GK5,93.63
GKAP1,97.95
GKN1,100
GKN2,100
GKN3P,100
GLA,92.64
GLB1,100
GLB1L,100
GLB1L2,100
GLB1L3,99.01
GLCCI1,84.56
GLCCI1-DT,100
GLCE,100
GLDC,96.15
GLDN,81.35
GLE1,100
GLG1,100
GLI1,100
GLI2,91.96
GLI3,99.11
GLI4,91.07
GLIPR1,100
GLIPR1L1,100
GLIPR1L2,100
GLIPR2,87.45
GLIS1,92.58
GLIS2,89.42
GLIS3,99.94
GLMN,95.12
GLMP,100
GLO1,100
GLOD4,100
GLOD5,96.92
GLP1R,98.79
GLP2R,100
GLRA1,100
GLRA2,98.55
GLRA3,100
GLRA4,85
GLRB,94.78
GLRX,100
GLRX2,100
GLRX3,96.63
GLRX5,75.87
GLS,91.24
GLS2,100
GLT1D1,83.21
GLT6D1,99.91
GLT8D1,98.67
GLT8D2,100
GLTP,100
GLTPD2,66.06
GLUD1,96.58
GLUD2,90.52
GLUL,99.87
GLYAT,100
GLYATL1,100
GLYATL1B,100
GLYATL2,100
GLYATL3,100
GLYCTK,100
GLYR1,100
GM2A,99.87
GMCL1,92.16
GMCL2,98.04
GMDS,99.48
GMEB1,100
GMEB2,100
GMFB,91.74
GMFG,100
GMIP,100
GML,100
GMNC,98.63
GMNN,100
GMPPA,100
GMPPB,100
GMPR,100
GMPR2,100
GMPS,100
GNA11,97.27
GNA12,93.68
GNA13,100
GNA14,100
GNA15,100
GNAI1,100
GNAI2,100
GNAI3,100
GNAL,87.93
GNAO1,99.95
GNAQ,100
GNAS,88.11
GNAT1,100
GNAT2,100
GNAT3,100
GNAZ,100
GNB1,86.63
GNB1-DT,100
GNB1L,100
GNB2,100
GNB3,100
GNB4,100
GNB5,100
GNE,99.88
GNG10,93.72
GNG11,100
GNG12,100
GNG13,100
GNG14,100
GNG2,100
GNG3,100
GNG4,100
GNG5,100
GNG7,100
GNG8,100
GNGT1,100
GNGT2,100
GNL1,0
GNL2,100
GNL3,100
GNL3L,98.23
GNLY,100
GNMT,100
GNPAT,97.08
GNPDA1,100
GNPDA2,87.89
GNPNAT1,100
GNPTAB,99.9
GNPTG,89.88
GNRH1,100
GNRH2,100
GNRHR,99.52
GNRHR2,100
GNS,100
GOLGA1,100
GOLGA2,99.14
GOLGA2P11,100
GOLGA2P8,100
GOLGA3,100
GOLGA4,99.7
GOLGA5,100
GOLGA6A,100
GOLGA6B,100
GOLGA6C,97.07
GOLGA6D,95.87
GOLGA6L1,100
GOLGA6L10,92.54
GOLGA6L2,99.49
GOLGA6L22,100
GOLGA6L23P,91.04
GOLGA6L24P,98.22
GOLGA6L25P,99.11
GOLGA6L3,88.75
GOLGA6L4,91.42
GOLGA6L6,100
GOLGA6L7,99.23
GOLGA6L9,72.13
GOLGA7,100
GOLGA7B,100
GOLGA8A,100
GOLGA8B,99.22
GOLGA8F,100
GOLGA8G,91.84
GOLGA8H,100
GOLGA8J,100
GOLGA8K,100
GOLGA8M,95.76
GOLGA8N,100
GOLGA8O,93.36
GOLGA8Q,100
GOLGA8R,75.95
GOLGA8S,99.85
GOLGA8T,99.49
GOLGA8UP,100
GOLGB1,100
GOLIM4,97.61
GOLM1,100
GOLM2,100
GOLPH3,70.44
GOLPH3L,100
GOLT1A,100
GOLT1B,100
GON4L,99.26
GON7,94.46
GOPC,100
GORAB,99.38
GORASP1,100
GORASP2,97.84
GOSR1,100
GOSR2,100
GOT1,100
GOT1L1,100
GOT2,100
GP1BA,100
GP1BB,6.6
GP2,100
GP5,100
GP6,0
GP6-AS1,0
GP9,100
GPA33,100
GPAA1,96.09
GPAA1P2,100
GPALPP1,100
GPAM,100
GPANK1,0
GPAT2,100
GPAT2P2,100
GPAT3,100
GPAT4,100
GPATCH1,100
GPATCH11,85.55
GPATCH2,100
GPATCH2L,100
GPATCH3,100
GPATCH4,100
GPATCH8,100
GPBAR1,100
GPBP1,100
GPBP1L1,100
GPC1,94.2
GPC2,96.21
GPC3,99.1
GPC4,94.14
GPC5,100
GPC6,99.95
GPCPD1,96.22
GPD1,100
GPD1L,99.91
GPD2,99.82
GPHA2,100
GPHB5,100
GPHN,100
GPI,92.39
GPIHBP1,100
GPKOW,91.4
GPLD1,100
GPM6A,100
GPM6B,98.04
GPN1,100
GPN2,100
GPN3,100
GPNMB,99.34
GPR101,93.45
GPR107,100
GPR108,100
GPR119,94.05
GPR12,100
GPR132,100
GPR135,83.64
GPR137,100
GPR137B,99.6
GPR137C,84.14
GPR139,100
GPR141,100
GPR142,100
GPR143,75.58
GPR143P,100
GPR148,100
GPR149,100
GPR15,100
GPR150,65.98
GPR151,100
GPR152,100
GPR153,70.21
GPR155,97.51
GPR156,100
GPR157,89.88
GPR158,100
GPR160,90.46
GPR161,100
GPR162,100
GPR17,100
GPR171,100
GPR173,93.76
GPR174,99.2
GPR176,100
GPR179,89.7
GPR18,100
GPR180,100
GPR182,100
GPR183,100
GPR19,100
GPR199P,100
GPR20,79.29
GPR21,100
GPR22,100
GPR25,80.29
GPR26,94.58
GPR27,23.58
GPR3,100
GPR31,100
GPR32,100
GPR33,100
GPR35,100
GPR37,100
GPR37L1,100
GPR39,100
GPR4,100
GPR42,100
GPR45,100
GPR50,99.3
GPR52,100
GPR55,100
GPR6,100
GPR61,100
GPR62,48.33
GPR63,100
GPR65,100
GPR68,100
GPR75,100
GPR78,89.65
GPR83,100
GPR84,100
GPR85,100
GPR87,100
GPR88,62.94
GPR89A,100
GPR89B,100
GPRASP1,98.81
GPRC5A,100
GPRC5B,98.33
GPRC5C,93.21
GPRC5D,100
GPRC5D-AS1,100
GPRC6A,100
GPRIN1,80.57
GPRIN2,100
GPRIN3,100
GPS1,98.37
GPS2,100
GPSM1,97.22
GPSM2,95.84
GPSM3,7
GPT,100
GPT2,92.04
GPX1,100
GPX2,100
GPX3,100
GPX4,82.69
GPX5,100
GPX6,100
GPX7,99.29
GRAMD1A,99.92
GRAMD1B,99.43
GRAMD1C,100
GRAMD2A,96.76
GRAMD2B,100
GRAMD4,98.7
GRAP,100
GRAP2,100
GRAPL,100
GRAPL-AS1,100
GRB10,95.6
GRB14,94.22
GRB2,100
GRB7,100
GREB1,98.4
GREB1L,100
GREM1,79.95
GREM2,99.11
GREP1,100
GRHL1,98.96
GRHL2,86.83
GRHL3,100
GRHPR,99.74
GRIA1,100
GRIA2,98.18
GRIA3,97.37
GRIA4,100
GRID1,100
GRID2,100
GRID2IP,88.09
GRIFIN,100
GRIK1,100
GRIK2,98.2
GRIK3,100
GRIK4,93.29
GRIK5,91.33
GRIN1,99.77
GRIN2A,99.98
GRIN2B,100
GRIN2C,80.36
GRIN2D,57.79
GRIN3A,97.68
GRIN3B,81.45
GRINA,100
GRIP1,99.85
GRIP2,98.13
GRIPAP1,82.04
GRK1,98.52
GRK2,90.41
GRK3,93.48
GRK4,100
GRK5,97.07
GRK6,99.79
GRK7,100
GRM1,100
GRM2,100
GRM3,99.97
GRM4,100
GRM5,94.66
GRM6,82.88
GRM7,99.48
GRM7-AS3,100
GRM8,100
GRN,100
GRP,100
GRPEL1,100
GRPEL2,100
GRPR,95.84
GRSF1,82.21
GRTP1,83.17
GRWD1,98.06
GRXCR1,100
GRXCR2,100
GSAP,97.09
GSC,60.9
GSC2,43.04
GSDMA,100
GSDMB,100
GSDMC,100
GSDMD,98.01
GSDME,100
GSE1,90.43
GSG1,100
GSG1L,73.62
GSG1L2,100
GSK3A,88.05
GSK3B,99.93
GSKIP,100
GSN,95.04
GSPT1,91.26
GSPT2,98.36
GSR,85.08
GSS,100
GSTA1,100
GSTA2,100
GSTA3,100
GSTA4,100
GSTA5,100
GSTCD,98.4
GSTK1,100
GSTM1,100
GSTM2,100
GSTM3,100
GSTM4,100
GSTM5,100
GSTO1,100
GSTO2,95.69
GSTP1,100
GSTT2,64.49
GSTT2B,100
GSTT3P,0
GSTT4,77.68
GSTZ1,100
GSX1,83.9
GSX2,97.27
GTDC1,100
GTF2A1,100
GTF2A1L,100
GTF2A2,100
GTF2B,100
GTF2E1,100
GTF2E2,100
GTF2F1,99.78
GTF2F2,98.83
GTF2H1,100
GTF2H2,66.8
GTF2H2C,67.45
GTF2H3,93.94
GTF2H4,4.1
GTF2H5,100
GTF2I,92.41
GTF2IRD1,100
GTF2IRD2,97.26
GTF2IRD2B,99.59
GTF3A,99.5
GTF3C1,100
GTF3C2,100
GTF3C3,100
GTF3C4,100
GTF3C5,98.52
GTF3C6,100
GTPBP1,96.43
GTPBP10,100
GTPBP2,98.29
GTPBP3,100
GTPBP4,100
GTPBP6,88.85
GTPBP8,100
GTSCR1,100
GTSE1,99
GTSF1,100
GTSF1L,100
GUCA1A,100
GUCA1ANB,100
GUCA1B,100
GUCA1C,100
GUCA2A,100
GUCA2B,100
GUCD1,100
GUCY1A1,100
GUCY1A2,87.13
GUCY1B1,100
GUCY1B2,100
GUCY2C,100
GUCY2C-AS1,100
GUCY2D,94.72
GUCY2F,99.52
GUF1,91.91
GUK1,96.62
GULOP,0
GULP1,98.89
GUSB,99.7
GVQW3,100
GXYLT1,89.27
GXYLT2,79.35
GYG1,99.65
GYG2,100
GYPA,84.31
GYPB,98.8
GYPC,100
GYPE,100
GYS1,100
GYS2,99.37
GZF1,100
GZMA,100
GZMB,100
GZMH,100
GZMK,100
GZMM,99.35
H1-0,100
H1-1,100
H1-10,91.9
H1-2,100
H1-3,100
H1-4,100
H1-5,100
H1-6,100
H1-7,100
H1-8,90.39
H19,100
H2AB2,100
H2AB3,100
H2AC1,100
H2AC11,100
H2AC12,100
H2AC13,100
H2AC14,100
H2AC15,100
H2AC16,100
H2AC17,100
H2AC18,100
H2AC19,100
H2AC20,100
H2AC21,100
H2AC4,100
H2AC6,100
H2AC7,100
H2AC8,100
H2AJ,100
H2AL3,65.1
H2AP,89.55
H2AW,100
H2AX,97.22
H2AZ1,100
H2AZ2,99.33
H2BC1,99.48
H2BC10,100
H2BC11,100
H2BC12,100
H2BC13,100
H2BC14,100
H2BC15,94.85
H2BC17,100
H2BC18,100
H2BC21,100
H2BC3,100
H2BC4,100
H2BC5,100
H2BC6,100
H2BC7,100
H2BC8,100
H2BC9,100
H2BP2,100
H2BU1,100
H2BW1,89.58
H2BW2,100
H3-3A,100
H3-3B,100
H3-4,100
H3-5,100
H3-7,100
H3C1,100
H3C10,100
H3C11,100
H3C12,100
H3C13,100
H3C14,100
H3C15,100
H3C2,100
H3C3,100
H3C4,100
H3C6,100
H3C7,100
H3C8,100
H3Y1,100
H3Y2,100
H4-16,100
H4C1,100
H4C11,100
H4C12,100
H4C13,100
H4C14,100
H4C15,100
H4C2,100
H4C3,100
H4C4,100
H4C5,100
H4C6,100
H4C7,100
H4C8,100
H4C9,100
H6PD,100
HAAO,100
HABP2,100
HABP4,72.32
HACD1,95.01
HACD2,100
HACD3,97.65
HACD4,100
HACE1,96.18
HACL1,100
HADH,99.72
HADHA,100
HADHB,99.94
HAGH,92.33
HAGHL,84.41
HAL,100
HAMP,100
HAND1,92.28
HAND2,100
HAO1,100
HAO2,100
HAP1,100
HAPLN1,100
HAPLN2,96.18
HAPLN3,100
HAPLN4,99.5
HARBI1,100
HARS1,100
HARS2,100
HAS1,100
HAS2,100
HAS3,100
HASPIN,100
HAT1,100
HAUS1,100
HAUS2,97.65
HAUS3,97.68
HAUS4,99.64
HAUS5,100
HAUS6,98.35
HAUS7,91.12
HAUS8,100
HAVCR1,99.84
HAVCR2,100
HAX1,99.79
HBA1,100
HBA2,99.31
HBB,99.16
HBD,100
HBE1,100
HBEGF,100
HBG1,100
HBG2,100
HBM,73.24
HBP1,100
HBQ1,100
HBS1L,100
HBZ,85.81
HCAR1,100
HCAR2,100
HCAR3,100
HCCS,99.81
HCFC1,88.79
HCFC1R1,100
HCFC2,100
HCG22,0
HCK,100
HCLS1,100
HCN1,93.08
HCN2,58.99
HCN3,91.83
HCN4,88.08
HCP5,100
HCRT,43.18
HCRTR1,99.22
HCRTR2,100
HCST,100
HDAC1,100
HDAC10,100
HDAC11,94.47
HDAC2,100
HDAC3,100
HDAC4,99.45
HDAC5,99.69
HDAC6,93.59
HDAC7,99.46
HDAC8,96.31
HDAC9,100
HDC,100
HDDC2,100
HDDC3,100
HDGF,100
HDGFL1,100
HDGFL2,99.73
HDGFL3,99.12
HDHD2,100
HDHD3,100
HDHD5,91.43
HDLBP,88.49
HDX,91.57
HEATR1,98.28
HEATR3,93.54
HEATR4,97.3
HEATR5A,100
HEATR5A-DT,100
HEATR5B,99.83
HEATR6,100
HEATR9,100
HEBP1,100
HEBP2,97.1
HECA,86.89
HECTD1,99.31
HECTD2,98.21
HECTD3,97.66
HECTD4,99.84
HECW1,100
HECW2,100
HEG1,92.93
HELB,97.5
HELLPAR,0
HELLS,94.8
HELQ,97.75
HELT,100
HELZ,99.4
HELZ2,100
HEMGN,100
HEMK1,100
HENMT1,100
HEPACAM,92.27
HEPACAM2,95.52
HEPH,98.28
HEPHL1,100
HEPN1,100
HERC1,100
HERC2,94.23
HERC2P11,99.18
HERC3,100
HERC4,100
HERC5,94.3
HERC6,100
HERPUD1,100
HERPUD2,100
HES1,84.82
HES2,87.42
HES3,98.93
HES4,39.92
HES5,17.25
HES6,71.98
HES7,83.84
HESX1,99.82
HEXA,100
HEXA-AS1,100
HEXB,96.47
HEXD,99.96
HEXIM1,100
HEXIM2,99.33
HEY1,100
HEY2,100
HEYL,100
HFE,99.64
HFM1,96.17
HGC6.3,100
HGD,100
HGF,98.25
HGFAC,98.49
HGH1,57.37
HGS,100
HGSNAT,94.37
HHAT,98.46
HHATL,100
HHEX,89.05
HHIP,99.33
HHIPL1,81.11
HHIPL2,100
HHLA1,100
HHLA2,100
HHLA3,100
HIBADH,100
HIBCH,100
HIC1,57.4
HIC2,100
HID1,100
HIF1A,100
HIF1AN,100
HIF3A,100
HIGD1A,100
HIGD1B,95
HIGD1C,100
HIGD2A,100
HIGD2B,100
HIKESHI,91.59
HILPDA,100
HINFP,100
HINT1,100
HINT2,100
HINT3,100
HIP1,100
HIP1R,98.21
HIPK1,100
HIPK2,100
HIPK3,100
HIPK4,100
HIRA,100
HIRIP3,100
HIVEP1,100
HIVEP2,100
HIVEP3,100
HJURP,100
HJV,100
HK1,100
HK2,100
HK3,100
HKDC1,100
HLA-A,14.15
HLA-B,99.5
HLA-C,81.37
HLA-DMA,0
HLA-DMB,0
HLA-DOA,17.13
HLA-DOB,27.22
HLA-DPA1,0
HLA-DPB1,17.76
HLA-DPB2,0
HLA-DQA1,100
HLA-DQA2,0
HLA-DQB1,92.1
HLA-DQB2,0
HLA-DRA,0
HLA-DRB1,92.52
HLA-DRB5,100
HLA-E,31.65
HLA-F,15.95
HLA-G,20.95
HLCS,92.86
HLF,100
HLTF,100
HLX,100
HM13,100
HM13-AS1,63.73
HMBOX1,100
HMBS,100
HMCES,100
HMCN1,99.97
HMCN2,99.15
HMG20A,100
HMG20B,89.01
HMGA1,100
HMGA2,96.84
HMGB1,99.08
HMGB2,100
HMGB3,96.83
HMGCL,99.9
HMGCLL1,100
HMGCR,100
HMGCS1,100
HMGCS2,100
HMGN1,97.55
HMGN2,100
HMGN3,100
HMGN4,100
HMGN5,100
HMGXB3,100
HMGXB4,100
HMHB1,100
HMMR,100
HMOX1,100
HMOX2,100
HMSD,97.07
HMX1,46.74
HMX2,100
HMX3,92.64
HNF1A,100
HNF1A-AS1,100
HNF1B,95.62
HNF4A,99.95
HNF4G,100
HNMT,95.18
HNRNPA0,100
HNRNPA1,100
HNRNPA1L2,100
HNRNPA2B1,100
HNRNPA3,100
HNRNPAB,79.08
HNRNPC,100
HNRNPCL1,24.15
HNRNPCL2,100
HNRNPCL3,100
HNRNPCL4,89.91
HNRNPD,96.82
HNRNPDL,81.98
HNRNPF,100
HNRNPH1,100
HNRNPH2,89.45
HNRNPH3,100
HNRNPK,100
HNRNPL,86.55
HNRNPLL,100
HNRNPM,99.17
HNRNPR,100
HNRNPU,97.41
HNRNPUL1,98.06
HNRNPUL2,88.68
HOATZ,100
HOGA1,100
HOMER1,100
HOMER2,99.57
HOMER3,100
HOMEZ,100
HOOK1,100
HOOK2,98.41
HOOK3,94.37
HOPX,100
HORMAD1,100
HORMAD2,100
HOTAIR,100
HOTAIRM1,100
HOXA1,100
HOXA10,69.99
HOXA11,100
HOXA13,56.3
HOXA2,93.01
HOXA3,100
HOXA4,50.78
HOXA5,100
HOXA6,100
HOXA7,98.41
HOXA9,100
HOXB-AS3,100
HOXB1,100
HOXB13,100
HOXB2,100
HOXB3,89.35
HOXB4,76.85
HOXB5,100
HOXB6,100
HOXB7,95.69
HOXB8,99.59
HOXB9,96.41
HOXC10,100
HOXC11,100
HOXC12,84.33
HOXC13,82.88
HOXC4,100
HOXC5,100
HOXC6,100
HOXC8,100
HOXC9,100
HOXD1,85.8
HOXD10,99.42
HOXD11,70.44
HOXD12,93.46
HOXD13,80.07
HOXD3,100
HOXD4,97.4
HOXD8,70.68
HOXD9,83.19
HP,100
HP1BP3,100
HPCA,100
HPCAL1,100
HPCAL4,100
HPD,100
HPDL,100
HPF1,100
HPGD,99.47
HPGDS,100
HPN,100
HPR,100
HPRT1,93.26
HPS1,100
HPS3,100
HPS4,100
HPS5,99.92
HPS6,89.74
HPSE,100
HPSE2,100
HPX,100
HR,99.86
HRAS,89.14
HRC,100
HRCT1,100
HRG,100
HRG-AS1,100
HRH1,100
HRH2,100
HRH3,92.24
HRH4,100
HRK,0
HRNR,95.35
HROB,100
HS1BP3,99.63
HS2ST1,100
HS3ST1,99.78
HS3ST2,92.45
HS3ST3A1,87.27
HS3ST3B1,92.75
HS3ST4,71.12
HS3ST5,100
HS3ST6,71.88
HS6ST1,93.85
HS6ST2,94.11
HS6ST3,92.4
HSBP1,95.09
HSBP1L1,93.47
HSCB,100
HSD11B1,100
HSD11B1-AS1,100
HSD11B1L,100
HSD11B2,78.77
HSD17B1,100
HSD17B10,91.11
HSD17B11,100
HSD17B12,96.58
HSD17B13,100
HSD17B14,100
HSD17B2,100
HSD17B3,100
HSD17B4,99.96
HSD17B6,100
HSD17B7,96.38
HSD17B8,7.76
HSD3B1,100
HSD3B2,99.38
HSD3B7,100
HSDL1,100
HSDL2,99.76
HSDL2-AS1,100
HSF1,98.46
HSF2,96.18
HSF2BP,100
HSF4,100
HSF5,92.72
HSFX1,100
HSFX2,100
HSFX4,100
HSFY1,100
HSFY2,100
HSH2D,100
HSP90AA1,100
HSP90AB1,100
HSP90AB2P,100
HSP90B1,96.13
HSPA12A,98.31
HSPA12B,99.08
HSPA13,100
HSPA14,97.33
HSPA1A,59.92
HSPA1B,55.89
HSPA1L,14.17
HSPA2,100
HSPA4,100
HSPA4L,100
HSPA5,100
HSPA6,100
HSPA8,98.71
HSPA9,100
HSPB1,100
HSPB11,98.28
HSPB2,100
HSPB3,100
HSPB6,97.72
HSPB7,100
HSPB8,99.41
HSPB9,100
HSPBAP1,100
HSPBP1,100
HSPD1,100
HSPE1,100
HSPG2,99.07
HSPH1,100
HTATIP2,98.06
HTATSF1,97.88
HTD2,100
HTN1,70.69
HTN3,67.31
HTR1A,100
HTR1B,100
HTR1D,100
HTR1E,100
HTR1F,100
HTR2A,100
HTR2B,100
HTR2C,99.78
HTR3A,100
HTR3B,100
HTR3C,100
HTR3D,100
HTR3E,100
HTR4,100
HTR5A,99.82
HTR6,100
HTR7,91.14
HTRA1,70.55
HTRA2,100
HTRA3,78.16
HTRA4,91.9
HTT,98.69
HUNK,93.32
HUS1,100
HUS1B,100
HUWE1,92.56
HVCN1,100
HYAL1,100
HYAL2,100
HYAL3,98.85
HYAL4,100
HYDIN,98.71
HYI,81.23
HYKK,100
HYLS1,99.45
HYOU1,100
HYPK,100
IAH1,91.55
IAPP,89.6
IARS1,100
IARS2,100
IBA57,82.56
IBSP,100
IBTK,100
ICA1,99.12
ICA1L,100
ICAM1,100
ICAM2,100
ICAM3,100
ICAM4,100
ICAM5,89.41
ICE1,98.25
ICE2,98.29
ICMT,78.85
ICOS,100
ICOSLG,96.67
ID1,89.02
ID2,100
ID3,100
ID4,42.59
IDE,98.15
IDH1,100
IDH2,91.56
IDH3A,100
IDH3B,100
IDH3G,96.42
IDI1,99.31
IDI2,100
IDNK,100
IDO1,100
IDO2,100
IDS,91.03
IDUA,88.6
IER2,97.47
IER3,0
IER3IP1,78.65
IER5,72.66
IER5L,56.71
IER5L-AS1,100
IFFO1,95.87
IFFO2,71.88
IFI16,100
IFI27,95.28
IFI27L1,98.76
IFI27L2,100
IFI30,100
IFI35,100
IFI44,100
IFI44L,100
IFI6,100
IFIH1,99.59
IFIT1,100
IFIT1B,100
IFIT2,100
IFIT3,100
IFIT5,100
IFITM1,100
IFITM10,89.06
IFITM2,100
IFITM3,100
IFITM5,100
IFNA1,100
IFNA10,100
IFNA13,100
IFNA14,100
IFNA16,100
IFNA17,100
IFNA2,100
IFNA21,100
IFNA4,100
IFNA5,100
IFNA6,100
IFNA7,100
IFNA8,100
IFNAR1,100
IFNAR2,100
IFNB1,100
IFNE,100
IFNG,100
IFNGR1,99.69
IFNGR2,93.93
IFNK,100
IFNL1,100
IFNL2,100
IFNL3,100
IFNL4,86.15
IFNLR1,98.93
IFNW1,100
IFRD1,100
IFRD2,99.28
IFT122,100
IFT140,99.79
IFT172,100
IFT20,100
IFT22,100
IFT27,100
IFT43,100
IFT46,100
IFT52,100
IFT57,100
IFT74,86.83
IFT80,97.25
IFT81,95.04
IFT88,97.6
IFTAP,100
IGBP1,99.32
IGBP1P2,100
IGDCC3,95.97
IGDCC4,94.44
IGF1,97.54
IGF1R,99.8
IGF2,100
IGF2BP1,100
IGF2BP2,100
IGF2BP3,100
IGF2R,98.02
IGFALS,100
IGFBP1,96.15
IGFBP2,72.63
IGFBP3,56.51
IGFBP4,88.29
IGFBP5,100
IGFBP6,99.1
IGFBP7,62.83
IGFBPL1,56.87
IGFL1,100
IGFL2,100
IGFL3,100
IGFL4,100
IGFLR1,100
IGFN1,100
IGHA1,99.21
IGHA2,94.43
IGHD,85.85
IGHD1OR15-1A,100
IGHD1OR15-1B,100
IGHD2OR15-2A,100
IGHD2OR15-2B,0
IGHD3OR15-3A,100
IGHD3OR15-3B,100
IGHD4OR15-4A,100
IGHD4OR15-4B,100
IGHD5OR15-5A,100
IGHD5OR15-5B,100
IGHD7-27,100
IGHE,77.63
IGHG1,100
IGHG2,100
IGHG3,98.52
IGHG4,100
IGHJ1,100
IGHJ2,100
IGHJ3,100
IGHJ4,100
IGHJ5,100
IGHJ6,100
IGHM,100
IGHMBP2,100
IGHV1-18,100
IGHV1-2,98.68
IGHV1-24,75.51
IGHV1-3,72.96
IGHV1-45,78.55
IGHV1-46,100
IGHV1-58,98.91
IGHV1-69,76.53
IGHV1-69-2,0
IGHV1-69D,0
IGHV1OR15-1,100
IGHV1OR15-9,100
IGHV1OR21-1,100
IGHV2-26,100
IGHV2-5,100
IGHV2-70,100
IGHV2-70D,19.27
IGHV2OR16-5,100
IGHV3-11,100
IGHV3-13,78.41
IGHV3-15,100
IGHV3-16,100
IGHV3-20,98.91
IGHV3-21,100
IGHV3-23,100
IGHV3-30,100
IGHV3-33,53.95
IGHV3-35,68.5
IGHV3-38,100
IGHV3-43,82.18
IGHV3-48,92.86
IGHV3-49,100
IGHV3-53,100
IGHV3-64,100
IGHV3-64D,100
IGHV3-66,19.47
IGHV3-7,100
IGHV3-72,100
IGHV3-73,100
IGHV3-74,53.51
IGHV3OR15-7,100
IGHV3OR16-10,100
IGHV3OR16-12,100
IGHV3OR16-13,87.28
IGHV3OR16-17,100
IGHV3OR16-8,100
IGHV3OR16-9,100
IGHV4-28,100
IGHV4-31,100
IGHV4-34,100
IGHV4-39,100
IGHV4-4,100
IGHV4-59,100
IGHV4-61,27.81
IGHV4OR15-8,90.02
IGHV5-10-1,100
IGHV5-51,100
IGHV6-1,100
IGHV7-4-1,94.62
IGHV7-81,100
IGIP,100
IGKC,100
IGKJ1,100
IGKJ2,100
IGKJ3,100
IGKJ4,100
IGKJ5,100
IGKV1-12,100
IGKV1-16,100
IGKV1-27,100
IGKV1-33,100
IGKV1-37,100
IGKV1-39,100
IGKV1-5,100
IGKV1-8,100
IGKV1D-12,100
IGKV1D-16,100
IGKV1D-17,100
IGKV1D-33,100
IGKV1D-37,100
IGKV1D-39,100
IGKV1D-42,100
IGKV1D-43,100
IGKV1D-8,0
IGKV2-24,100
IGKV2-28,100
IGKV2-30,100
IGKV2-40,100
IGKV2D-24,100
IGKV2D-26,100
IGKV2D-28,100
IGKV2D-29,94.02
IGKV2D-30,100
IGKV2D-40,100
IGKV3-11,100
IGKV3-15,100
IGKV3-20,100
IGKV3-7,100
IGKV3D-11,100
IGKV3D-15,65.99
IGKV3D-20,100
IGKV3D-7,100
IGKV3OR2-268,100
IGKV4-1,100
IGKV5-2,100
IGKV6-21,100
IGKV6D-21,100
IGKV6D-41,100
IGLC2,100
IGLC3,91.25
IGLC7,100
IGLJ2,100
IGLJ3,100
IGLJ4,100
IGLJ5,100
IGLJ6,100
IGLJ7,100
IGLL1,100
IGLL5,100
IGLON5,92.19
IGLV1-36,100
IGLV1-40,100
IGLV1-44,100
IGLV1-47,100
IGLV1-50,100
IGLV1-51,100
IGLV1-62,100
IGLV10-54,100
IGLV11-55,100
IGLV2-11,100
IGLV2-14,100
IGLV2-18,100
IGLV2-23,100
IGLV2-33,100
IGLV2-8,100
IGLV3-1,100
IGLV3-10,100
IGLV3-12,100
IGLV3-16,100
IGLV3-19,100
IGLV3-21,100
IGLV3-22,100
IGLV3-25,100
IGLV3-27,100
IGLV3-32,92.44
IGLV3-9,100
IGLV4-3,100
IGLV4-60,100
IGLV4-69,100
IGLV5-37,99.73
IGLV5-45,68.83
IGLV5-48,100
IGLV5-52,100
IGLV6-57,100
IGLV7-43,100
IGLV7-46,100
IGLV8-61,100
IGLV8OR8-1,100
IGLV9-49,100
IGSF1,95.11
IGSF10,100
IGSF11,100
IGSF21,95.19
IGSF22,99.86
IGSF23,100
IGSF3,100
IGSF5,100
IGSF6,100
IGSF8,99.3
IGSF9,100
IGSF9B,100
IHH,96.72
IHO1,100
IK,100
IKBIP,91.64
IKBKB,100
IKBKE,100
IKBKG,80.77
IKZF1,100
IKZF2,98.92
IKZF3,100
IKZF4,100
IKZF5,100
IL10,100
IL10RA,100
IL10RB,100
IL11,100
IL11RA,100
IL12A,100
IL12A-AS1,100
IL12B,100
IL12RB1,99.87
IL12RB2,100
IL13,100
IL13RA1,87.98
IL13RA2,100
IL15,100
IL15RA,95.98
IL16,100
IL17A,100
IL17B,100
IL17C,100
IL17D,59.45
IL17F,100
IL17RA,99.78
IL17RB,100
IL17RC,100
IL17RD,97.97
IL17RE,84.61
IL17REL,100
IL18,100
IL18BP,100
IL18R1,98.7
IL18RAP,100
IL19,100
IL1A,100
IL1B,100
IL1F10,100
IL1R1,100
IL1R2,100
IL1RAP,99.96
IL1RAPL1,100
IL1RAPL2,99.79
IL1RL1,96.23
IL1RL2,99.3
IL1RN,100
IL2,100
IL20,100
IL20RA,94.99
IL20RB,100
IL21,100
IL21R,100
IL22,100
IL22RA1,100
IL22RA2,97.98
IL23A,100
IL23R,100
IL24,100
IL25,98.9
IL26,88.95
IL27,100
IL27RA,100
IL2RA,99.66
IL2RB,100
IL2RG,96.49
IL3,100
IL31,100
IL31RA,100
IL32,92.34
IL33,100
IL34,100
IL36A,100
IL36B,100
IL36G,100
IL36RN,99.2
IL37,100
IL3RA,99.82
IL4,100
IL4I1,99.89
IL4R,100
IL5,100
IL5RA,100
IL6,100
IL6-AS1,100
IL6R,100
IL6ST,100
IL7,88.31
IL7R,99.93
IL9,100
IL9R,83.81
ILDR1,100
ILDR2,86.88
ILF2,100
ILF3,99.55
ILK,100
ILKAP,95.78
ILRUN,100
ILVBL,100
IMMP1L,100
IMMP2L,99.69
IMMT,99.35
IMP3,100
IMP4,100
IMPA1,95.6
IMPA2,83.68
IMPACT,100
IMPDH1,94.9
IMPDH2,99.18
IMPG1,97.05
IMPG2,99.53
INA,87.47
INAFM1,67.83
INAFM2,48.27
INAVA,100
INCA1,100
INCENP,100
INF2,97.83
ING1,80.28
ING2,100
ING3,97
ING4,100
ING5,96.62
INHA,100
INHBA,100
INHBA-AS1,100
INHBB,63.4
INHBC,100
INHBE,100
INIP,100
INKA1,99.36
INKA2,100
INMT,100
INMT-MINDY4,100
INO80,100
INO80B,100
INO80C,100
INO80D,100
INO80E,100
INPP1,91.91
INPP4A,100
INPP4B,98
INPP5A,99.08
INPP5B,100
INPP5D,99.78
INPP5E,96.81
INPP5F,95
INPP5J,100
INPP5K,100
INPPL1,95.62
INS,100
INSC,100
INSIG1,100
INSIG2,100
INSL3,100
INSL4,100
INSL5,100
INSL6,100
INSM1,39.6
INSM2,86.71
INSR,97.56
INSRR,100
INSYN1,99.89
INTS1,99.66
INTS10,100
INTS11,99.41
INTS12,100
INTS13,100
INTS14,98.87
INTS15,99.66
INTS2,100
INTS3,98.29
INTS4,100
INTS4P1,100
INTS5,100
INTS6,100
INTS6L,95.67
INTS7,100
INTS8,97.37
INTS9,100
INTU,97.86
INVS,99.75
IP6K1,100
IP6K2,100
IP6K3,100
IPCEF1,100
IPMK,100
IPO11,97.89
IPO13,100
IPO4,100
IPO5,97.32
IPO7,100
IPO8,100
IPO9,99.3
IPP,100
IPPK,100
IQANK1,74.64
IQCA1,100
IQCA1L,100
IQCB1,99.95
IQCC,100
IQCD,97.79
IQCE,98.64
IQCF1,100
IQCF2,100
IQCF3,100
IQCF5,100
IQCF6,95.24
IQCG,100
IQCH,100
IQCJ,87.9
IQCJ-SCHIP1,100
IQCK,100
IQCM,98.66
IQCN,100
IQGAP1,100
IQGAP2,100
IQGAP3,100
IQSEC1,93.21
IQSEC2,86.96
IQSEC3,84.6
IQUB,96.63
IRAG1,100
IRAG2,98.69
IRAK1,80.05
IRAK1BP1,100
IRAK2,100
IRAK3,97.17
IRAK4,99.6
IREB2,100
IRF1,100
IRF1-AS1,100
IRF2,90.91
IRF2BP1,98.4
IRF2BP2,61.9
IRF2BPL,94.83
IRF3,100
IRF4,97.75
IRF5,98.9
IRF6,99.73
IRF7,78.45
IRF8,99.63
IRF9,100
IRGC,100
IRGM,100
IRGQ,98.99
IRS1,100
IRS2,83.89
IRS4,85.5
IRX1,80.87
IRX2,48.02
IRX3,69.3
IRX4,95.05
IRX5,89.12
IRX6,100
ISCA1,100
ISCA2,100
ISCU,90.22
ISG15,100
ISG20,100
ISG20L2,100
ISL1,99.91
ISL2,92.96
ISLR,100
ISLR2,96.09
ISM1,91.98
ISM2,100
ISOC1,100
ISOC2,100
IST1,100
ISX,100
ISY1,100
ISYNA1,100
ITCH,93.68
ITFG1,96.53
ITFG2,100
ITGA1,99.04
ITGA10,100
ITGA11,99.61
ITGA2,99.51
ITGA2B,100
ITGA3,95.74
ITGA4,97.99
ITGA5,100
ITGA6,99.92
ITGA7,100
ITGA8,99.88
ITGA9,97.35
ITGAD,100
ITGAE,100
ITGAL,99.71
ITGAM,100
ITGAV,100
ITGAX,100
ITGB1,100
ITGB1BP1,97.95
ITGB1BP2,91.75
ITGB2,92.88
ITGB3,96.73
ITGB3BP,90.18
ITGB4,97.72
ITGB5,97.18
ITGB6,100
ITGB7,100
ITGB8,100
ITGB8-AS1,100
ITGBL1,88.56
ITIH1,99.96
ITIH2,100
ITIH3,100
ITIH4,100
ITIH5,100
ITIH6,84.5
ITK,100
ITLN1,100
ITLN2,100
ITM2A,98.23
ITM2B,98.91
ITM2C,98.62
ITPA,100
ITPK1,97.4
ITPKA,83.9
ITPKB,99.89
ITPKC,92.4
ITPR1,98.32
ITPR2,100
ITPR2-AS1,100
ITPR3,99.88
ITPRID1,100
ITPRID2,100
ITPRIP,100
ITPRIPL1,99.67
ITPRIPL2,100
ITSN1,100
ITSN2,100
IVD,99.95
IVL,100
IVNS1ABP,100
IWS1,100
IYD,99.91
IZUMO1,100
IZUMO1R,100
IZUMO2,100
IZUMO3,100
IZUMO4,100
JADE1,99.27
JADE2,100
JADE3,99.47
JAG1,97.67
JAG2,93.3
JAGN1,100
JAK1,99.86
JAK2,100
JAK3,99.97
JAKMIP1,100
JAKMIP2,100
JAKMIP3,100
JAM2,97.29
JAM3,100
JAML,100
JARID2,100
JAZF1,100
JCAD,100
JCHAIN,94.67
JDP2,100
JHY,100
JKAMP,100
JMJD1C,100
JMJD4,90.68
JMJD6,99.79
JMJD7,100
JMJD8,81.07
JMY,97.84
JOSD1,100
JOSD2,100
JPH1,100
JPH2,85.89
JPH3,97.17
JPH4,83.01
JPT1,93.19
JPT2,95.02
JRK,100
JRKL,100
JSRP1,95.93
JTB,100
JUN,100
JUNB,100
JUND,48.41
JUP,99.27
KALRN,99.95
KANK1,99.45
KANK2,99.23
KANK3,69.33
KANK4,100
KANSL1,88.86
KANSL1L,96.4
KANSL2,100
KANSL3,100
KANTR,100
KARS1,100
KASH5,100
KAT14,100
KAT2A,100
KAT2B,90.37
KAT5,100
KAT6A,100
KAT6B,99.97
KAT7,100
KAT8,100
KATNA1,100
KATNAL1,100
KATNAL2,99.98
KATNB1,100
KATNBL1,86.34
KATNIP,99.45
KAZALD1,88.56
KAZN,88.68
KBTBD11,2.46
KBTBD12,100
KBTBD13,78.19
KBTBD2,100
KBTBD3,100
KBTBD4,100
KBTBD6,100
KBTBD7,100
KBTBD8,100
KCMF1,98.65
KCNA1,100
KCNA10,100
KCNA2,100
KCNA3,86.4
KCNA4,100
KCNA5,100
KCNA6,100
KCNA7,85.56
KCNAB1,100
KCNAB2,99.64
KCNAB3,100
KCNB1,100
KCNB2,97.77
KCNC1,100
KCNC2,99.91
KCNC3,76.25
KCNC4,100
KCND1,93.52
KCND2,100
KCND3,100
KCNE1,96.83
KCNE2,100
KCNE3,100
KCNE4,100
KCNE5,0
KCNF1,100
KCNG1,100
KCNG2,53.86
KCNG3,96.64
KCNG4,100
KCNH1,100
KCNH2,91.49
KCNH3,100
KCNH4,99.05
KCNH5,100
KCNH6,100
KCNH7,100
KCNH8,100
KCNIP1,98.94
KCNIP2,100
KCNIP3,100
KCNIP4,100
KCNJ1,99.84
KCNJ10,100
KCNJ11,100
KCNJ12,100
KCNJ14,100
KCNJ15,100
KCNJ16,98.27
KCNJ18,100
KCNJ2,99.85
KCNJ3,100
KCNJ4,100
KCNJ5,99.94
KCNJ6,100
KCNJ8,100
KCNJ9,85.29
KCNK1,100
KCNK10,99.94
KCNK12,63.09
KCNK13,98.61
KCNK15,95.32
KCNK15-AS1,100
KCNK16,100
KCNK17,100
KCNK18,100
KCNK2,100
KCNK3,90.13
KCNK4,99.38
KCNK5,100
KCNK6,90.89
KCNK7,100
KCNK9,93.77
KCNMA1,99.67
KCNMB2,100
KCNMB3,100
KCNMB4,100
KCNN1,95.84
KCNN2,99.02
KCNN3,100
KCNN4,100
KCNQ1,86.06
KCNQ2,97.08
KCNQ3,95.34
KCNQ4,82.62
KCNQ5,97.72
KCNRG,100
KCNS1,87.83
KCNS2,100
KCNS3,100
KCNT1,95.81
KCNT2,96.35
KCNU1,100
KCNV1,100
KCNV2,100
KCP,97.31
KCTD1,94.74
KCTD10,100
KCTD11,100
KCTD12,81.39
KCTD13,98.15
KCTD14,100
KCTD15,90.99
KCTD16,100
KCTD17,91.22
KCTD18,100
KCTD19,100
KCTD2,79.09
KCTD20,100
KCTD21,100
KCTD3,100
KCTD5,91.96
KCTD6,100
KCTD7,96.33
KCTD8,94.8
KCTD9,100
KDELR1,100
KDELR2,99.4
KDELR3,100
KDF1,100
KDM1A,95.04
KDM1B,100
KDM2A,98.23
KDM2B,98.82
KDM3A,100
KDM3B,96.44
KDM4A,100
KDM4B,100
KDM4C,99.81
KDM4D,100
KDM4E,100
KDM4F,100
KDM5A,99.48
KDM5B,100
KDM5C,93.74
KDM5D,95.94
KDM6A,98.33
KDM6B,98.91
KDM7A,93.14
KDM8,100
KDR,100
KDSR,100
KEAP1,100
KEL,98.57
KERA,100
KHDC1,100
KHDC1L,100
KHDC3L,100
KHDC4,100
KHDRBS1,85.66
KHDRBS2,95.88
KHDRBS3,100
KHK,100
KHNYN,100
KHSRP,87.26
KIAA0040,100
KIAA0100,100
KIAA0232,100
KIAA0319,100
KIAA0319L,100
KIAA0408,100
KIAA0513,100
KIAA0586,100
KIAA0753,99.98
KIAA0825,99.29
KIAA0895,98.65
KIAA0895L,100
KIAA0930,98.18
KIAA1109,99.81
KIAA1143,100
KIAA1191,100
KIAA1210,96.9
KIAA1217,100
KIAA1328,97.24
KIAA1522,94.61
KIAA1549,96.83
KIAA1549L,96.32
KIAA1586,99.54
KIAA1614,100
KIAA1671,100
KIAA1755,99.9
KIAA1958,100
KIAA2012,100
KIAA2013,88.72
KIAA2026,100
KICS2,100
KIDINS220,100
KIF11,100
KIF12,99.46
KIF13A,97.94
KIF13B,98.7
KIF14,100
KIF15,97.41
KIF16B,100
KIF17,99.64
KIF18A,94.14
KIF18B,100
KIF19,96.28
KIF1A,99.97
KIF1B,99.96
KIF1C,100
KIF20A,100
KIF20B,96.38
KIF21A,97.74
KIF21B,99.4
KIF22,100
KIF23,100
KIF24,100
KIF25,100
KIF26A,96.98
KIF26A-DT,87.54
KIF26B,84.35
KIF27,99.02
KIF2A,100
KIF2B,100
KIF2C,100
KIF3A,100
KIF3B,100
KIF3C,100
KIF4A,96.43
KIF4B,100
KIF5A,100
KIF5B,98.31
KIF5C,99.79
KIF6,100
KIF7,94.09
KIF9,100
KIFAP3,100
KIFBP,98.93
KIFC1,61.07
KIFC2,85.02
KIFC3,100
KIN,94.5
KIR2DL1,0
KIR2DL4,0
KIR2DS4,0
KIR3DL1,0
KIR3DL2,0
KIR3DL3,0
KIR3DX1,65.76
KIRREL1,100
KIRREL2,100
KIRREL3,100
KISS1,99.77
KISS1R,88.47
KIT,100
KITLG,100
KIZ,100
KL,93.26
KLB,100
KLC1,100
KLC2,100
KLC3,98.9
KLC4,100
KLF1,95.07
KLF10,96.71
KLF11,99.37
KLF12,100
KLF13,45.38
KLF14,74.18
KLF15,100
KLF16,42.86
KLF17,100
KLF18,100
KLF2,42.13
KLF3,100
KLF4,100
KLF5,81
KLF6,100
KLF7,100
KLF8,100
KLF9,100
KLHDC1,94.66
KLHDC10,100
KLHDC2,100
KLHDC3,100
KLHDC4,100
KLHDC7A,100
KLHDC7B,92.5
KLHDC8A,100
KLHDC8B,100
KLHDC9,100
KLHL1,100
KLHL10,100
KLHL11,92.57
KLHL12,100
KLHL13,99.09
KLHL14,99.71
KLHL15,99.72
KLHL17,94.24
KLHL18,100
KLHL2,98.6
KLHL20,100
KLHL21,67.87
KLHL22,91.38
KLHL23,100
KLHL24,100
KLHL25,100
KLHL26,99.52
KLHL28,100
KLHL29,98.83
KLHL3,99.95
KLHL30,99.71
KLHL31,100
KLHL32,100
KLHL33,100
KLHL34,97.88
KLHL35,55.82
KLHL36,100
KLHL38,100
KLHL4,100
KLHL40,100
KLHL41,100
KLHL42,100
KLHL5,94.26
KLHL6,100
KLHL7,100
KLHL8,100
KLHL9,100
KLK1,100
KLK10,100
KLK11,100
KLK12,100
KLK13,100
KLK14,100
KLK15,100
KLK2,100
KLK3,99.02
KLK4,100
KLK5,100
KLK6,100
KLK7,100
KLK8,100
KLK9,100
KLKB1,100
KLLN,100
KLRB1,100
KLRC1,92.24
KLRC2,94.38
KLRC3,81.81
KLRC4,100
KLRC4-KLRK1,94.47
KLRD1,100
KLRF1,100
KLRF2,100
KLRG1,100
KLRG2,90.58
KMO,100
KMT2A,98.02
KMT2B,96.63
KMT2C,99.78
KMT2CP5,100
KMT2D,99.91
KMT2E,100
KMT5A,87.94
KMT5B,96.17
KMT5C,100
KNCN,100
KNDC1,99.74
KNG1,100
KNL1,98.94
KNOP1,100
KNSTRN,100
KNTC1,95.15
KPNA1,100
KPNA2,100
KPNA3,93.95
KPNA4,100
KPNA5,100
KPNA6,100
KPNA7,99.11
KPNB1,96.67
KPNB1-DT,100
KPRP,100
KPTN,100
KRAS,77.33
KRBA1,100
KRBA2,100
KRBOX1,100
KRBOX4,99.19
KRBOX5,100
KRCC1,100
KREMEN1,93.65
KREMEN2,79.38
KRI1,99.91
KRIT1,99.74
KRR1,95.03
KRT1,95.57
KRT10,84.78
KRT10-AS1,100
KRT12,100
KRT13,100
KRT14,100
KRT15,100
KRT16,100
KRT17,100
KRT18,100
KRT19,100
KRT2,100
KRT20,98.04
KRT222,100
KRT23,98.05
KRT24,99.53
KRT25,100
KRT26,100
KRT27,100
KRT28,100
KRT3,100
KRT31,100
KRT32,100
KRT33A,100
KRT33B,97.78
KRT34,88.1
KRT35,100
KRT36,100
KRT37,97.33
KRT38,100
KRT39,99.32
KRT4,100
KRT40,98.85
KRT5,100
KRT6A,100
KRT6B,100
KRT6C,100
KRT7,92.48
KRT71,100
KRT72,97.05
KRT73,100
KRT73-AS1,100
KRT74,100
KRT75,100
KRT76,100
KRT77,99.73
KRT78,100
KRT79,99.45
KRT8,100
KRT80,100
KRT81,100
KRT82,100
KRT83,100
KRT84,98.23
KRT85,100
KRT86,100
KRT9,99.95
KRTAP1-1,100
KRTAP1-3,100
KRTAP1-4,100
KRTAP1-5,100
KRTAP10-1,100
KRTAP10-10,100
KRTAP10-11,100
KRTAP10-12,100
KRTAP10-2,100
KRTAP10-3,100
KRTAP10-4,100
KRTAP10-5,100
KRTAP10-6,100
KRTAP10-7,100
KRTAP10-8,100
KRTAP10-9,100
KRTAP11-1,100
KRTAP12-1,100
KRTAP12-2,100
KRTAP12-3,100
KRTAP12-4,100
KRTAP13-1,100
KRTAP13-2,100
KRTAP13-3,100
KRTAP13-4,100
KRTAP15-1,100
KRTAP16-1,100
KRTAP17-1,86.79
KRTAP19-1,100
KRTAP19-2,100
KRTAP19-3,100
KRTAP19-4,100
KRTAP19-5,100
KRTAP19-6,99.44
KRTAP19-7,100
KRTAP19-8,100
KRTAP2-1,100
KRTAP2-2,100
KRTAP2-3,100
KRTAP2-4,100
KRTAP20-1,100
KRTAP20-2,100
KRTAP20-3,100
KRTAP20-4,100
KRTAP21-1,100
KRTAP21-2,100
KRTAP21-3,100
KRTAP22-1,100
KRTAP22-2,100
KRTAP23-1,100
KRTAP24-1,100
KRTAP25-1,100
KRTAP26-1,100
KRTAP27-1,100
KRTAP29-1,90.94
KRTAP3-1,93.27
KRTAP3-2,100
KRTAP3-3,100
KRTAP4-1,100
KRTAP4-11,82.99
KRTAP4-12,100
KRTAP4-16,69.07
KRTAP4-2,100
KRTAP4-3,100
KRTAP4-4,100
KRTAP4-5,100
KRTAP4-6,100
KRTAP4-7,96.79
KRTAP4-8,100
KRTAP4-9,100
KRTAP5-1,83.15
KRTAP5-10,100
KRTAP5-11,100
KRTAP5-14P,100
KRTAP5-2,100
KRTAP5-3,100
KRTAP5-4,63.03
KRTAP5-5,71.43
KRTAP5-6,100
KRTAP5-7,100
KRTAP5-8,100
KRTAP5-9,100
KRTAP6-1,100
KRTAP6-2,100
KRTAP6-3,100
KRTAP7-1,100
KRTAP8-1,100
KRTAP9-1,100
KRTAP9-2,52.95
KRTAP9-3,69.17
KRTAP9-4,26.88
KRTAP9-6,0
KRTAP9-7,73.14
KRTAP9-8,100
KRTAP9-9,80.98
KRTCAP2,100
KRTCAP3,99.31
KRTDAP,100
KSR1,99.77
KSR2,100
KTI12,100
KTN1,96.56
KXD1,100
KY,100
KYAT1,99.49
KYAT3,100
KYNU,100
L1CAM,79.98
L1TD1,100
L2HGDH,100
L3HYPDH,100
L3MBTL1,99.65
L3MBTL2,100
L3MBTL3,100
L3MBTL4,100
LACC1,96.89
LACRT,100
LACTB,78.34
LACTB2,90.54
LACTBL1,73.28
LAD1,99.68
LAG3,89.09
LAGE3,82.68
LAIR1,19.5
LAIR2,23.16
LALBA,100
LAMA1,100
LAMA2,99.56
LAMA3,99.71
LAMA4,99.47
LAMA5,97.83
LAMB1,98.5
LAMB2,100
LAMB3,100
LAMB4,99.96
LAMC1,97.7
LAMC2,100
LAMC3,95.52
LAMP1,96.26
LAMP2,98.93
LAMP3,100
LAMP5,100
LAMTOR1,100
LAMTOR2,100
LAMTOR3,90.67
LAMTOR4,100
LAMTOR5,100
LANCL1,100
LANCL2,100
LANCL3,67.28
LAP3,100
LAPTM4A,100
LAPTM4B,93.25
LAPTM5,100
LARGE1,99.85
LARGE2,90.53
LARP1,90.52
LARP1B,87.79
LARP4,99.56
LARP4B,97.9
LARP6,98.86
LARP7,99.01
LARS1,100
LARS2,100
LAS1L,97.76
LASP1,100
LAT,100
LAT2,100
LATS1,100
LATS2,97.03
LAX1,100
LAYN,100
LBH,100
LBHD1,100
LBHD2,100
LBP,100
LBR,96.53
LBX1,98.23
LBX2,100
LCA5,99.62
LCA5L,100
LCAT,100
LCE1A,100
LCE1B,100
LCE1C,100
LCE1D,100
LCE1E,100
LCE1F,100
LCE2A,100
LCE2B,100
LCE2C,100
LCE2D,100
LCE3A,100
LCE3B,100
LCE3C,100
LCE3D,100
LCE3E,100
LCE4A,100
LCE5A,100
LCE6A,100
LCE7A,100
LCK,100
LCLAT1,98.84
LCMT1,100
LCMT2,99.56
LCN1,99.35
LCN10,100
LCN12,100
LCN15,100
LCN2,100
LCN6,100
LCN8,100
LCN9,100
LCNL1,100
LCOR,99.79
LCORL,100
LCP1,100
LCP2,100
LCT,100
LCTL,100
LDAF1,100
LDAH,100
LDB1,100
LDB2,100
LDB3,99.25
LDHA,99.13
LDHAL6A,100
LDHAL6B,100
LDHB,100
LDHC,100
LDHD,100
LDLR,99.3
LDLR-AS1,100
LDLRAD1,100
LDLRAD2,100
LDLRAD3,95.57
LDLRAD4,100
LDLRAP1,91.05
LDOC1,100
LEAP2,100
LECT2,100
LEF1,100
LEFTY1,99.27
LEFTY2,100
LEKR1,94.11
LELP1,100
LEMD1,100
LEMD2,61.84
LEMD3,99.96
LENEP,100
LENG1,0
LENG8,16.94
LENG9,16.77
LEO1,100
LEP,100
LEPR,99.41
LEPROT,100
LEPROTL1,100
LETM1,96.31
LETM2,100
LETMD1,100
LEUTX,100
LEXM,100
LFNG,72.2
LGALS1,100
LGALS12,100
LGALS13,100
LGALS14,100
LGALS16,100
LGALS2,100
LGALS3,100
LGALS3BP,100
LGALS4,100
LGALS7,100
LGALS7B,100
LGALS8,100
LGALS9,100
LGALS9B,98.51
LGALS9C,100
LGALSL,93.26
LGI1,99.66
LGI2,97.9
LGI3,98.18
LGI4,99.95
LGMN,100
LGR4,91.01
LGR5,100
LGR6,95.93
LGSN,100
LHB,96.06
LHCGR,99.96
LHFPL1,98.07
LHFPL2,97.82
LHFPL3,100
LHFPL4,100
LHFPL5,100
LHFPL6,98.58
LHFPL7,100
LHPP,93.56
LHX1,79.07
LHX2,100
LHX3,97.76
LHX4,100
LHX5,99.17
LHX6,93.54
LHX8,100
LHX9,100
LIAS,100
LIF,100
LIFR,99.51
LIG1,100
LIG3,100
LIG4,99.51
LILRA1,85.79
LILRA2,61.68
LILRA4,73.87
LILRA5,24.24
LILRA6,98.96
LILRB1,46.81
LILRB2,74.63
LILRB3,47.89
LILRB4,23.7
LILRB5,34.62
LIM2,100
LIMA1,100
LIMCH1,100
LIMD1,100
LIMD2,100
LIME1,100
LIMK1,100
LIMK2,100
LIMS1,98.54
LIMS2,95.03
LIMS3,100
LIMS4,100
LIN28A,100
LIN28B,100
LIN37,100
LIN52,100
LIN54,100
LIN7A,100
LIN7B,95.43
LIN7C,100
LIN9,86.73
LINC00205,100
LINC00261,100
LINC00276,100
LINC00313,100
LINC00452,100
LINC00469,99.68
LINC00571,100
LINC00612,100
LINC00623,87.37
LINC00632,100
LINC00659,100
LINC00664,100
LINC00672,100
LINC00677,93.93
LINC00707,100
LINC00840,100
LINC00943,100
LINC01118,100
LINC01133,100
LINC01140,100
LINC01165,100
LINC01202,100
LINC01208,100
LINC01410,100
LINC01460,100
LINC01513,100
LINC01517,100
LINC01527,98.78
LINC01554,100
LINC01572,100
LINC01597,100
LINC01638,100
LINC01750,100
LINC01770,100
LINC01874,100
LINC01877,100
LINC01911,100
LINC02006,100
LINC02028,100
LINC02054,100
LINC02125,100
LINC02203,100
LINC02218,100
LINC02332,100
LINC02337,100
LINC02345,100
LINC02350,100
LINC02352,76.94
LINC02367,100
LINC02398,100
LINC02436,100
LINC02531,100
LINC02585,100
LINC02645,100
LINC02668,98.79
LINC02688,92.91
LINC02692,100
LINC02693,100
LINC02694,98.89
LINC02751,100
LINC02767,93.79
LINC02801,100
LINC02809,100
LINC02843,100
LINC02860,100
LINC02868,100
LINC02870,100
LINC02872,100
LINC02873,100
LINC02874,100
LINC02875,100
LINC02876,100
LINC02881,100
LINC02888,100
LINC02897,61.76
LINC02898,100
LINC02901,100
LINC02902,100
LINC02903,100
LINC02904,99.61
LINC02905,99.83
LINC02906,100
LINC02907,100
LINC02908,100
LINC02909,100
LINC02910,100
LINC02911,100
LINC02913,100
LINC02914,100
LINC02915,100
LINC02929,100
LINC02935,100
LINC02953,100
LINC02966,87.41
LINC02981,86.19
LINC02983,100
LINC02991,100
LINC03004,100
LINC03007,100
LINC03034,99.07
LINGO1,99.68
LINGO2,100
LINGO3,75.6
LINGO4,100
LINS1,97.15
LIPA,100
LIPC,100
LIPE,99.69
LIPF,100
LIPG,100
LIPH,100
LIPI,99.38
LIPJ,86.48
LIPK,100
LIPM,100
LIPN,100
LIPT1,100
LIPT2,78.37
LIPT2-AS1,100
LITAF,99.89
LITAFD,100
LIX1,100
LIX1L,80.57
LIX1L-AS1,100
LKAAEAR1,57.95
LLCFC1,100
LLGL1,97.63
LLGL2,99.91
LLPH,100
LMAN1,95.7
LMAN1L,100
LMAN2,100
LMAN2L,100
LMBR1,89.71
LMBR1L,100
LMBRD1,87.63
LMBRD2,100
LMCD1,100
LMF1,99.18
LMF2,100
LMLN,100
LMNA,99.85
LMNB1,98.53
LMNB2,85.87
LMNTD1,95.61
LMNTD2,41.83
LMO1,100
LMO2,68.84
LMO3,100
LMO4,100
LMO7,99.17
LMO7DN,100
LMOD1,100
LMOD2,100
LMOD3,100
LMTK2,98.67
LMTK3,88.75
LMX1A,100
LMX1B,99.7
LNP1,100
LNPEP,100
LNPK,94.4
LNX1,99.81
LNX2,100
LOC100126447,100
LOC100128988,100
LOC100129066,100
LOC100129098,100
LOC100129434,100
LOC100130370,100
LOC100134391,100
LOC100287387,93.33
LOC100287944,100
LOC100506023,100
LOC100506422,100
LOC100506563,0
LOC100507221,57.08
LOC100652777,100
LOC100996318,100
LOC100996701,33.64
LOC100996842,100
LOC101059915,98.97
LOC101059948,100
LOC101060588,95.49
LOC101927131,100
LOC101927182,100
LOC101927245,100
LOC101927262,100
LOC101928002,100
LOC101928093,100
LOC101928095,0
LOC101928188,100
LOC101928499,100
LOC101929185,100
LOC101929452,100
LOC101929532,100
LOC101929692,76.8
LOC101929805,100
LOC101929823,100
LOC101930434,100
LOC102723360,67.77
LOC102723451,100
LOC102723475,81.9
LOC102723553,100
LOC102723623,100
LOC102723971,100
LOC102723996,99.21
LOC102724023,100
LOC102724159,99.36
LOC102724200,100
LOC102724219,67.77
LOC102724334,100
LOC102724428,100
LOC102724474,100
LOC102724485,96.05
LOC102724560,90.36
LOC102724594,100
LOC102724624,100
LOC102724652,100
LOC102724682,100
LOC102724687,100
LOC102724843,67.77
LOC102724877,100
LOC102724951,67.77
LOC102724965,87.7
LOC102724971,100
LOC102725180,100
LOC102725191,100
LOC105369266,86.67
LOC105369501,100
LOC105369506,100
LOC105369591,100
LOC105369728,100
LOC105370027,100
LOC105370092,100
LOC105370355,100
LOC105370362,91.93
LOC105370399,100
LOC105370579,100
LOC105370627,100
LOC105370705,100
LOC105370706,100
LOC105371059,100
LOC105371082,100
LOC105371126,100
LOC105371159,100
LOC105371215,100
LOC105371219,100
LOC105371253,100
LOC105371267,100
LOC105371403,100
LOC105371490,100
LOC105371566,100
LOC105371674,0
LOC105371710,100
LOC105371720,0
LOC105371729,100
LOC105371763,100
LOC105371932,100
LOC105371933,100
LOC105372204,100
LOC105372261,100
LOC105372269,100
LOC105372439,100
LOC105372440,100
LOC105372585,100
LOC105372630,100
LOC105372685,100
LOC105372714,100
LOC105372798,100
LOC105372836,100
LOC105372977,100
LOC105372984,100
LOC105373091,100
LOC105373124,100
LOC105373133,100
LOC105373242,96.42
LOC105373244,89.39
LOC105373289,100
LOC105373347,100
LOC105373395,99.24
LOC105373480,95.58
LOC105373605,0
LOC105373759,100
LOC105373780,100
LOC105373989,41.4
LOC105374220,100
LOC105374378,100
LOC105374618,91.03
LOC105374764,100
LOC105374811,100
LOC105375107,100
LOC105375112,94.48
LOC105375116,99.79
LOC105375222,100
LOC105375303,100
LOC105375333,100
LOC105375450,0
LOC105375490,0
LOC105375690,0
LOC105375809,100
LOC105375816,100
LOC105375817,94.53
LOC105375938,96.19
LOC105375975,100
LOC105376107,100
LOC105376196,100
LOC105376204,100
LOC105376244,100
LOC105376335,100
LOC105376714,100
LOC105376722,98.8
LOC105376791,100
LOC105377015,100
LOC105377055,100
LOC105377350,100
LOC105377462,100
LOC105377642,100
LOC105377697,100
LOC105377730,100
LOC105377805,100
LOC105377864,100
LOC105378148,100
LOC105378193,100
LOC105378479,100
LOC105378577,100
LOC105378883,100
LOC105378947,100
LOC105378948,99.6
LOC105378979,100
LOC105379163,100
LOC105379174,100
LOC105379198,100
LOC105379199,100
LOC105379473,100
LOC105379474,100
LOC105379484,100
LOC105379504,100
LOC107983981,100
LOC107983983,87.19
LOC107983987,100
LOC107984041,100
LOC107984104,100
LOC107984126,90.81
LOC107984265,100
LOC107984341,49.53
LOC107984343,100
LOC107984449,100
LOC107984561,100
LOC107984851,100
LOC107984859,100
LOC107984862,100
LOC107984869,100
LOC107984902,100
LOC107985320,100
LOC107985384,100
LOC107985410,100
LOC107985423,100
LOC107985535,100
LOC107985694,58.33
LOC107985728,100
LOC107985792,100
LOC107985856,100
LOC107985876,100
LOC107985896,100
LOC107985923,100
LOC107985939,100
LOC107985940,100
LOC107986004,99.39
LOC107986092,100
LOC107986177,100
LOC107986217,100
LOC107986229,50
LOC107986596,86.79
LOC107986762,100
LOC107986777,100
LOC107986819,100
LOC107986860,100
LOC107986908,100
LOC107986910,100
LOC107986985,100
LOC107987125,100
LOC107987145,100
LOC107987211,100
LOC107987236,100
LOC107987269,100
LOC107987288,100
LOC107987289,99.6
LOC112267855,100
LOC112267879,100
LOC112267897,100
LOC112267902,0
LOC112267917,100
LOC112267968,100
LOC112267992,100
LOC112268080,100
LOC112268102,100
LOC112268119,100
LOC112268127,100
LOC112268136,100
LOC112268145,100
LOC112268260,98.29
LOC112268270,100
LOC112268271,94.89
LOC112268438,97.49
LOC112577516,100
LOC112577592,98.45
LOC112694756,100
LOC122319696,100
LOC122394732,100
LOC122455338,6.19
LOC122455339,46.29
LOC122455340,100
LOC124900162,100
LOC124900167,100
LOC124900194,100
LOC124900215,100
LOC124900597,84.47
LOC124900618,100
LOC124900711,100
LOC124900715,100
LOC124901007,100
LOC124901057,100
LOC124901069,100
LOC124901165,100
LOC124901235,99.35
LOC124901323,100
LOC124901339,99.64
LOC124901354,89.83
LOC124901435,100
LOC124901490,100
LOC124901495,100
LOC124901498,100
LOC124901671,100
LOC124901777,100
LOC124901807,100
LOC124902041,100
LOC124902201,100
LOC124902211,100
LOC124902246,100
LOC124902280,100
LOC124902325,100
LOC124902605,100
LOC124902638,100
LOC124902641,100
LOC124902652,100
LOC124902910,100
LOC124903151,100
LOC124903216,100
LOC124903408,100
LOC124903452,100
LOC124903496,100
LOC124903571,100
LOC124903709,100
LOC124903734,100
LOC124903754,100
LOC124903762,100
LOC124903767,97.7
LOC124903823,100
LOC124903837,100
LOC124903840,100
LOC124903856,100
LOC124903857,100
LOC124903972,100
LOC124904093,100
LOC124904101,95.22
LOC124904178,100
LOC124904185,100
LOC124904277,100
LOC124904395,100
LOC124904457,100
LOC124904605,100
LOC124904749,100
LOC124904779,100
LOC124904860,100
LOC124905050,100
LOC124905051,100
LOC124905089,100
LOC124905206,95.73
LOC124905352,100
LOC124905368,0
LOC124905403,100
LOC124905938,100
LOC124906209,100
LOC124909346,100
LOC124909377,100
LOC124909485,100
LOC284898,99.39
LOC285626,100
LOC344065,100
LOC388780,95.11
LOC389602,100
LOC389895,94.77
LOC400499,99.57
LOC400541,100
LOC727838,98.5
LOC728485,100
LOC728715,100
LOC728743,57.67
LOC729254,100
LOC729966,100
LOC730098,100
LOC730183,100
LOC93622,61.94
LONP1,96.2
LONP2,98.47
LONRF1,85.77
LONRF2,70.02
LONRF3,83.56
LORICRIN,81.26
LOX,100
LOXHD1,100
LOXL1,84.04
LOXL1-AS1,100
LOXL2,100
LOXL3,100
LOXL4,99.78
LPA,100
LPAR1,100
LPAR2,98.48
LPAR3,100
LPAR4,100
LPAR5,100
LPAR6,100
LPCAT1,90.53
LPCAT2,100
LPCAT3,100
LPCAT4,100
LPGAT1,94.06
LPIN1,99.78
LPIN2,100
LPIN3,100
LPL,99.47
LPO,100
LPP,100
LPXN,100
LRAT,98.13
LRATD1,100
LRATD2,97.75
LRBA,99.67
LRCH1,100
LRCH2,91.28
LRCH3,99.53
LRCH4,100
LRCOL1,100
LRFN1,99.78
LRFN2,100
LRFN3,98.46
LRFN4,100
LRFN5,100
LRG1,98.56
LRGUK,100
LRIF1,100
LRIG1,95.72
LRIG2,97.84
LRIG3,97.89
LRIT1,100
LRIT2,100
LRIT3,99.9
LRMDA,100
LRP1,100
LRP10,100
LRP11,63.2
LRP12,100
LRP1B,99.99
LRP2,99.96
LRP2BP,100
LRP3,96.9
LRP4,98.99
LRP5,98.18
LRP5L,100
LRP6,100
LRP8,84.11
LRPAP1,92.93
LRPPRC,99.7
LRR1,100
LRRC1,100
LRRC10,100
LRRC10B,48.24
LRRC14,100
LRRC14B,97.61
LRRC15,100
LRRC18,100
LRRC2,100
LRRC20,100
LRRC23,100
LRRC24,73.93
LRRC25,100
LRRC26,37.71
LRRC27,98.92
LRRC28,100
LRRC29,100
LRRC3,100
LRRC30,100
LRRC31,100
LRRC32,100
LRRC34,100
LRRC36,100
LRRC37A,83.06
LRRC37A17P,100
LRRC37A2,100
LRRC37A3,98.58
LRRC37A7P,100
LRRC37B,95.6
LRRC38,87.57
LRRC39,100
LRRC3B,100
LRRC3C,100
LRRC4,100
LRRC40,100
LRRC41,100
LRRC42,100
LRRC43,97.87
LRRC45,100
LRRC46,100
LRRC47,82.72
LRRC49,100
LRRC4B,100
LRRC4C,100
LRRC51,100
LRRC52,100
LRRC55,100
LRRC56,94.08
LRRC57,100
LRRC58,99.01
LRRC59,99.9
LRRC61,100
LRRC63,88.48
LRRC66,100
LRRC69,100
LRRC7,100
LRRC71,100
LRRC72,97.1
LRRC73,90.33
LRRC74A,98.55
LRRC74B,100
LRRC75A,84.56
LRRC75B,85.66
LRRC8A,100
LRRC8B,100
LRRC8C,100
LRRC8D,100
LRRC8E,100
LRRC9,95.99
LRRCC1,97.96
LRRD1,90.71
LRRFIP1,97.33
LRRFIP2,100
LRRIQ1,97.99
LRRIQ3,98.51
LRRIQ4,100
LRRK1,99.94
LRRK2,99.87
LRRN1,100
LRRN2,100
LRRN4,88.98
LRRN4CL,94.42
LRRTM4,100
LRSAM1,99.89
LRTOMT,100
LRWD1,100
LSAMP,100
LSG1,100
LSM1,100
LSM10,100
LSM11,77.93
LSM12,90.41
LSM14A,94.85
LSM14B,100
LSM2,0
LSM3,100
LSM4,100
LSM5,84.16
LSM6,100
LSM7,100
LSM8,100
LSMEM1,100
LSMEM2,100
LSP1,100
LSR,99.9
LSS,89.48
LST1,0
LTA,20
LTA4H,100
LTB,0
LTB4R,100
LTB4R2,75.64
LTBP1,90.35
LTBP2,99.93
LTBP3,94.16
LTBP4,98.3
LTBR,100
LTC4S,63.02
LTF,100
LTK,94.75
LTN1,100
LTO1,100
LTV1,100
LUC7L,100
LUC7L2,100
LUC7L3,100
LUM,100
LURAP1,100
LURAP1L,100
LURAP1L-AS1,37.5
LUZP1,100
LUZP2,100
LUZP4,93.52
LVRN,94.34
LY6D,100
LY6E,100
LY6E-DT,83.98
LY6G5B,2.81
LY6G5C,4.82
LY6G6C,4.31
LY6G6D,13.38
LY6G6F,0
LY6G6F-LY6G6D,2.88
LY6H,94.83
LY6K,99.05
LY6L,89.93
LY75,100
LY86,92.5
LY9,100
LY96,78.81
LYAR,98.25
LYG1,100
LYG2,100
LYL1,91.57
LYN,84.39
LYNX1,100
LYNX1-SLURP2,100
LYPD1,96.55
LYPD2,100
LYPD3,100
LYPD4,100
LYPD5,100
LYPD6,100
LYPD6B,99.09
LYPD8,100
LYPD9P,100
LYPLA1,100
LYPLA2,100
LYPLAL1,100
LYRM1,100
LYRM2,100
LYRM4,100
LYRM4-AS1,56.7
LYRM7,77.6
LYRM9,100
LYSMD1,100
LYSMD2,62.6
LYSMD3,100
LYSMD4,91.27
LYST,99.9
LYVE1,100
LYZ,100
LYZL1,100
LYZL2,100
LYZL4,100
LYZL6,41.46
LZIC,100
LZTFL1,99.22
LZTR1,100
LZTS1,100
LZTS2,99.45
LZTS3,98.39
M1AP,100
M6PR,100
MAB21L1,100
MAB21L3,100
MAB21L4,100
MACC1,100
MACF1,99.84
MACIR,100
MACO1,100
MACROD1,87.41
MACROD2,97.03
MACROH2A1,100
MACROH2A2,100
MAD1L1,100
MAD2L1,100
MAD2L1BP,100
MAD2L2,100
MADCAM1,91.09
MADD,100
MAEA,100
MAEL,100
MAF,68.08
MAF1,100
MAFA,66.2
MAFB,99.21
MAFF,70.51
MAFG,100
MAFK,100
MAG,100
MAGEA1,78.49
MAGEA10,100
MAGEA11,74.98
MAGEA12,95.45
MAGEA2,100
MAGEA2B,100
MAGEA3,98.31
MAGEA4,87.02
MAGEA5P,100
MAGEA6,99.47
MAGEA8,89.66
MAGEA9,100
MAGEA9B,100
MAGEB1,98.66
MAGEB10,100
MAGEB16,99.91
MAGEB17,88.33
MAGEB18,96.8
MAGEB2,98.54
MAGEB3,100
MAGEB4,100
MAGEB5,100
MAGEB6,100
MAGEB6B,99.51
MAGEC1,96.03
MAGEC2,100
MAGEC3,93.57
MAGED1,98.76
MAGED2,86.99
MAGED4,97.89
MAGED4B,100
MAGEE1,99.16
MAGEE2,100
MAGEF1,100
MAGEH1,100
MAGEL2,98.29
MAGI1,100
MAGI2,93.17
MAGI3,100
MAGIX,81.75
MAGOH,100
MAGOHB,100
MAGT1,97.11
MAIP1,96.22
MAJIN,100
MAK,94.07
MAK16,100
MAL,100
MAL2,94.92
MALAT1,100
MALL,100
MALRD1,100
MALSU1,100
MALT1,88.6
MALT1-AS1,100
MAMDC2,98.43
MAMDC4,100
MAML1,89.68
MAML2,100
MAML3,99.92
MAMLD1,88.78
MAMSTR,90.48
MAN1A1,89.56
MAN1A2,100
MAN1B1,98.76
MAN1C1,98.49
MAN2A1,99.91
MAN2A2,100
MAN2B1,100
MAN2B2,100
MAN2C1,100
MANBA,99.65
MANBAL,100
MANEA,94.52
MANEAL,81.44
MANF,100
MANSC1,100
MANSC4,100
MAOA,99.94
MAOB,100
MAP10,100
MAP1A,100
MAP1B,99.65
MAP1LC3A,83.06
MAP1LC3B,66.5
MAP1LC3B2,100
MAP1LC3C,100
MAP1S,99.67
MAP2,100
MAP2K1,99.92
MAP2K2,100
MAP2K3,100
MAP2K4,88.35
MAP2K5,95.17
MAP2K6,100
MAP2K7,100
MAP3K1,89.49
MAP3K10,90.26
MAP3K11,91.99
MAP3K12,100
MAP3K13,100
MAP3K14,100
MAP3K15,90.86
MAP3K19,100
MAP3K2,100
MAP3K20,98.96
MAP3K21,86.3
MAP3K3,100
MAP3K4,97.69
MAP3K5,94.13
MAP3K6,91.32
MAP3K7,100
MAP3K7CL,99.62
MAP3K8,100
MAP3K9,97.31
MAP4,100
MAP4K1,100
MAP4K2,98.61
MAP4K3,96.8
MAP4K4,99.67
MAP4K5,90.98
MAP6,77.56
MAP6D1,33.17
MAP7,99.55
MAP7D1,90.3
MAP7D2,87.48
MAP7D3,97.35
MAP9,91.39
MAPK1,89.01
MAPK10,100
MAPK11,95.63
MAPK12,77.83
MAPK13,100
MAPK14,100
MAPK15,86.76
MAPK1IP1L,97.13
MAPK3,99.59
MAPK4,97.85
MAPK6,100
MAPK7,100
MAPK8,100
MAPK8IP1,87.09
MAPK8IP2,82.41
MAPK8IP3,100
MAPK9,96.46
MAPKAP1,100
MAPKAPK2,92.12
MAPKAPK3,100
MAPKAPK5,100
MAPKBP1,100
MAPRE1,100
MAPRE2,100
MAPRE3,100
MAPT,88
MAPT-AS1,0
MARCHF1,100
MARCHF10,99.6
MARCHF11,55.58
MARCHF2,100
MARCHF3,100
MARCHF4,100
MARCHF5,100
MARCHF6,98.85
MARCHF7,98.22
MARCHF8,100
MARCHF9,79.26
MARCKS,42.84
MARCKSL1,100
MARCO,100
MARCOL,100
MARF1,99.47
MARK1,95.38
MARK2,100
MARK3,94.58
MARK4,98.93
MARS1,100
MARS2,100
MARVELD1,74.14
MARVELD2,86.72
MARVELD3,100
MAS1,100
MAS1L,13.63
MASP1,100
MASP2,100
MAST1,100
MAST2,97.87
MAST3,97.99
MAST4,98.37
MASTL,100
MAT1A,99.76
MAT2A,100
MAT2B,100
MATK,99.29
MATN1,100
MATN2,100
MATN3,86.7
MATN4,100
MATR3,99.93
MAU2,97.87
MAVS,100
MAX,100
MAZ,86.19
MB,100
MB21D2,100
MBD1,100
MBD2,72.97
MBD3,100
MBD3L1,100
MBD3L2,100
MBD3L2B,100
MBD3L3,100
MBD3L4,93.78
MBD3L5,80.86
MBD4,100
MBD5,99.98
MBD6,100
MBIP,100
MBL2,98.38
MBLAC1,100
MBLAC2,100
MBNL1,100
MBNL2,100
MBNL3,95.25
MBOAT1,100
MBOAT2,95.5
MBOAT4,100
MBOAT7,0
MBP,86.04
MBTD1,100
MBTPS1,100
MBTPS2,98.96
MC1R,99.92
MC2R,99.36
MC3R,100
MC4R,100
MC5R,100
MCAM,100
MCAT,89.69
MCC,99.93
MCCC1,100
MCCC2,96.53
MCCD1,23.33
MCEE,100
MCEMP1,100
MCF2,98.8
MCF2L,87.94
MCF2L2,99.95
MCFD2,98.75
MCHR1,100
MCHR2,100
MCIDAS,99.23
MCL1,100
MCM10,100
MCM2,99.8
MCM3,100
MCM3AP,98.89
MCM4,99.8
MCM5,100
MCM6,100
MCM7,100
MCM8,100
MCM9,100
MCMBP,94.82
MCMDC2,100
MCOLN1,98.28
MCOLN2,100
MCOLN3,96.42
MCPH1,99.96
MCRIP1,100
MCRIP2,63.53
MCRS1,100
MCTP1,99.7
MCTP2,96.41
MCTS1,100
MCU,89.36
MCUB,94.04
MCUR1,62.68
MDC1,7.36
MDFI,100
MDFIC,89.51
MDFIC2,100
MDGA1,96.99
MDGA2,99.04
MDH1,100
MDH1B,100
MDH2,100
MDK,100
MDM1,98.67
MDM2,99.94
MDM4,100
MDN1,100
MDP1,100
MDS2,97.64
ME1,100
ME2,98.65
ME3,100
MEA1,100
MEAF6,96.81
MEAK7,100
MECOM,98.62
MECP2,65.37
MECR,100
MED1,100
MED10,100
MED11,100
MED12,93.53
MED12L,99.98
MED13,100
MED13L,100
MED14,92.89
MED14OS,100
MED15,99.82
MED16,98.87
MED17,99.7
MED18,100
MED19,100
MED20,100
MED21,100
MED22,100
MED23,100
MED24,100
MED25,100
MED26,100
MED27,100
MED28,100
MED29,93.71
MED30,100
MED31,100
MED4,100
MED6,100
MED7,100
MED8,100
MED9,100
MEDAG,99.67
MEF2A,100
MEF2B,100
MEF2C,99.88
MEF2D,100
MEFV,100
MEG3,100
MEGF10,99.07
MEGF11,97.44
MEGF6,98.3
MEGF8,99.97
MEGF9,89.5
MEI1,99.68
MEI4,100
MEIG1,100
MEIKIN,100
MEIOB,100
MEIOC,100
MEIOSIN,100
MEIS1,100
MEIS2,100
MEIS3,100
MELK,100
MELTF,95.09
MEMO1,86.44
MEN1,98.2
MEOX1,100
MEOX2,100
MEP1A,100
MEP1B,100
MEPCE,95.99
MEPE,100
MERTK,98.72
MESD,99.57
MESP1,76.21
MESP2,93.12
MEST,100
MET,99.93
METAP1,100
METAP1D,100
METAP2,98.72
METRN,63.02
METRNL,81.02
METTL1,100
METTL13,98.8
METTL14,94.88
METTL15,100
METTL16,100
METTL17,100
METTL18,100
METTL21A,100
METTL21C,100
METTL22,100
METTL23,100
METTL24,79.9
METTL25,100
METTL25B,99.72
METTL26,95.66
METTL27,100
METTL2A,100
METTL2B,100
METTL3,100
METTL4,100
METTL5,100
METTL6,100
METTL7A,100
METTL7B,100
METTL8,100
METTL9,85.94
MEX3A,92.64
MEX3B,98.65
MEX3C,86.22
MEX3D,44.42
MFAP1,100
MFAP2,100
MFAP3,100
MFAP3L,96.56
MFAP4,99.57
MFAP5,100
MFF,100
MFGE8,94.29
MFHAS1,93.91
MFN1,100
MFN2,100
MFNG,100
MFRP,100
MFSD1,100
MFSD10,100
MFSD11,100
MFSD12,95.47
MFSD13A,100
MFSD14A,96.04
MFSD14B,92.94
MFSD14C,79.01
MFSD2A,100
MFSD2B,95.06
MFSD3,100
MFSD4A,97.08
MFSD4B,100
MFSD5,100
MFSD6,100
MFSD6L,100
MFSD8,99.21
MFSD9,100
MGA,99.83
MGAM,96.61
MGAM2,99.92
MGARP,100
MGAT1,100
MGAT2,99.2
MGAT3,100
MGAT4A,96.22
MGAT4B,77.91
MGAT4C,99.84
MGAT4D,72.87
MGAT5,100
MGAT5B,100
MGC32805,100
MGLL,100
MGME1,100
MGMT,100
MGP,91.91
MGRN1,100
MGST1,100
MGST2,100
MGST3,100
MIA,100
MIA2,98.64
MIA3,96.45
MIB1,98.98
MIB2,89.06
MICA,81.88
MICAL1,100
MICAL2,100
MICAL3,100
MICALL1,90.02
MICALL2,100
MICB,40.94
MICB-DT,100
MICOS10,100
MICOS13,100
MICU1,100
MICU2,97.6
MICU3,97.04
MID1,99.87
MID1IP1,100
MID2,98.32
MIDEAS,99.68
MIDN,87.71
MIEF1,98.46
MIEF2,100
MIEN1,100
MIER1,92.28
MIER2,99.46
MIER3,99.5
MIF,76.15
MIF4GD,100
MIF4GD-DT,98.15
MIGA1,97.69
MIGA2,100
MIIP,100
MILR1,100
MINAR1,100
MINAR2,100
MINDY1,100
MINDY2,96.62
MINDY3,100
MINDY4,100
MINDY4B,100
MINK1,99.66
MINPP1,100
MIOS,100
MIOX,100
MIP,100
MIPEP,100
MIPOL1,91.99
MIR1-1HG,100
MIR181A1HG,100
MIR1915HG,98.78
MIR205HG,95.97
MIR23AHG,100
MIR3659HG,68.86
MIR3667HG,99.64
MIR3936HG,28.57
MIR4426,100
MIR4457,100
MIR4497,0
MIR4734,45.51
MIR484,0
MIR662,99.24
MIR9-1HG,100
MIR9-3HG,92.1
MIR96,100
MIS12,100
MIS18A,100
MIS18BP1,92.47
MISP,100
MISP3,64.9
MITD1,100
MITF,99.95
MIX23,100
MIXL1,58.64
MKI67,100
MKKS,100
MKLN1,100
MKNK1,100
MKNK2,100
MKRN1,98.99
MKRN2,100
MKRN2OS,100
MKRN3,100
MKS1,100
MKX,100
MLANA,100
MLC1,100
MLEC,98.88
MLF1,100
MLF2,100
MLH1,99.88
MLH3,100
MLIP,100
MLKL,100
MLLT1,99.35
MLLT10,100
MLLT11,100
MLLT3,99.82
MLLT6,83.04
MLN,100
MLNR,92.01
MLPH,99.06
MLST8,93.81
MLX,100
MLXIP,93.59
MLXIPL,98.24
MLYCD,75.96
MMAA,99.23
MMAB,99.92
MMACHC,100
MMADHC,100
MMD,100
MMD2,100
MME,99.96
MMEL1,94.1
MMGT1,100
MMP1,100
MMP10,100
MMP11,83.04
MMP12,100
MMP13,99.86
MMP14,98.74
MMP15,95.81
MMP16,100
MMP17,90.87
MMP19,100
MMP2,99.8
MMP20,100
MMP21,87.6
MMP23B,93.34
MMP24,88.5
MMP24OS,99.05
MMP25,95.1
MMP26,100
MMP27,100
MMP28,89.71
MMP3,100
MMP7,100
MMP8,100
MMP9,100
MMRN1,100
MMRN2,90.39
MMS19,100
MMS22L,100
MMUT,99.78
MN1,97.17
MNAT1,92.36
MND1,100
MNDA,100
MNS1,100
MNT,96.1
MNX1,67.22
MOAP1,97.82
MOB1A,100
MOB1B,100
MOB2,100
MOB3A,100
MOB3B,99.85
MOB3C,100
MOB4,100
MOBP,100
MOCOS,98.76
MOCS1,100
MOCS2,99.36
MOCS2-DT,100
MOCS3,100
MOG,6.64
MOGAT1,100
MOGAT2,100
MOGAT3,100
MOGS,97.02
MOK,100
MON1A,98.98
MON1B,100
MON2,100
MORC1,99.68
MORC2,100
MORC3,100
MORC4,93.32
MORF4L1,97.97
MORF4L2,99.31
MORN1,100
MORN2,100
MORN3,100
MORN4,100
MORN5,100
MOS,100
MOSMO,100
MOSPD1,99.38
MOSPD2,86.65
MOSPD3,100
MOV10,100
MOV10L1,97.03
MOXD1,99.35
MPC1,100
MPC1L,100
MPC2,100
MPDU1,100
MPDZ,100
MPEG1,100
MPG,96.85
MPHOSPH10,100
MPHOSPH10P1,98.5
MPHOSPH10P2,100
MPHOSPH10P3,100
MPHOSPH6,100
MPHOSPH8,100
MPHOSPH9,98.23
MPI,100
MPIG6B,15.14
MPL,98.29
MPLKIP,100
MPND,80.35
MPO,100
MPP1,98.61
MPP2,100
MPP3,100
MPP4,98.96
MPP7,100
MPPE1,100
MPPED1,100
MPPED2,100
MPRIP,98.6
MPST,98.81
MPV17,100
MPV17L,68.92
MPV17L2,100
MPZ,92.59
MPZL1,88.94
MPZL2,100
MPZL3,100
MR1,100
MRAP,100
MRAP2,100
MRAS,100
MRC1,100
MRC2,98.47
MRE11,97.15
MREG,100
MRFAP1,100
MRFAP1L1,100
MRGBP,95.61
MRGPRD,100
MRGPRE,100
MRGPRF,94.53
MRGPRG,61.84
MRGPRX1,100
MRGPRX2,100
MRGPRX3,100
MRGPRX4,100
MRI1,95
MRLN,0
MRM1,99.46
MRM2,100
MRM3,100
MRNIP,100
MRO,100
MROH1,99.42
MROH2A,100
MROH2B,100
MROH5,97.52
MROH6,87.69
MROH7,99.95
MROH7-TTC4,100
MROH8,100
MROH9,96.9
MRPL1,100
MRPL10,100
MRPL11,100
MRPL12,100
MRPL13,100
MRPL14,100
MRPL15,100
MRPL16,100
MRPL17,100
MRPL18,99.45
MRPL19,100
MRPL2,100
MRPL20,100
MRPL21,100
MRPL22,100
MRPL23,98.92
MRPL24,100
MRPL27,100
MRPL28,100
MRPL3,100
MRPL30,100
MRPL32,100
MRPL33,100
MRPL34,100
MRPL35,100
MRPL36,100
MRPL37,99.16
MRPL38,99.74
MRPL39,95.68
MRPL4,100
MRPL40,100
MRPL41,94.2
MRPL42,100
MRPL43,100
MRPL44,100
MRPL45,83.17
MRPL46,100
MRPL47,100
MRPL48,100
MRPL49,100
MRPL50,100
MRPL51,100
MRPL52,100
MRPL53,100
MRPL54,100
MRPL55,100
MRPL57,100
MRPL58,100
MRPL9,100
MRPS10,100
MRPS11,100
MRPS12,100
MRPS14,100
MRPS15,100
MRPS16,100
MRPS17,100
MRPS18A,100
MRPS18B,3.65
MRPS18C,100
MRPS2,100
MRPS21,100
MRPS22,100
MRPS23,100
MRPS24,100
MRPS25,100
MRPS26,94.98
MRPS27,94.19
MRPS28,100
MRPS30,100
MRPS31,99.24
MRPS33,100
MRPS34,87.98
MRPS35,100
MRPS36,100
MRPS5,100
MRPS6,100
MRPS7,100
MRPS9,100
MRRF,100
MRS2,97.38
MRTFA,100
MRTFB,100
MRTO4,94.03
MS4A1,100
MS4A10,100
MS4A12,100
MS4A13,61.44
MS4A14,100
MS4A15,100
MS4A18,100
MS4A2,100
MS4A3,100
MS4A4A,100
MS4A4E,100
MS4A5,100
MS4A6A,100
MS4A6E,100
MS4A7,100
MS4A8,100
MSANTD1,99.31
MSANTD2,94.73
MSANTD3,100
MSANTD4,100
MSANTD5,100
MSC,100
MSC-AS1,100
MSGN1,100
MSH2,99.97
MSH3,97.78
MSH4,95.77
MSH5,4.15
MSH6,100
MSI1,94.63
MSI2,100
MSL1,92.38
MSL2,100
MSL3,95.67
MSLN,100
MSLNL,98.72
MSMB,100
MSMO1,100
MSMP,100
MSN,88.71
MSR1,100
MSRA,100
MSRB1,100
MSRB2,92.05
MSRB3,100
MSRB3-AS1,100
MSS51,100
MST1,100
MST1R,100
MSTN,100
MSTO1,99.02
MSX1,70.29
MSX2,99.42
MT1A,100
MT1B,100
MT1E,100
MT1F,100
MT1G,100
MT1H,100
MT1HL1,100
MT1IP,100
MT1M,100
MT1X,100
MT2A,100
MT3,100
MT4,100
MTA1,97.76
MTA2,100
MTA3,98.47
MTAP,99.34
MTARC1,79.3
MTARC2,92.67
MTBP,100
MTCH1,91.08
MTCH2,100
MTCL1,99.36
MTCP1,100
MTDH,93.37
MTERF1,100
MTERF2,100
MTERF3,100
MTERF4,100
MTF1,100
MTF2,100
MTFMT,93.43
MTFP1,100
MTFR1,100
MTFR1L,98.69
MTFR2,100
MTG1,100
MTG2,100
MTHFD1,100
MTHFD1L,90.24
MTHFD2,100
MTHFD2L,100
MTHFR,100
MTHFS,93.63
MTHFSD,100
MTIF2,100
MTIF3,100
MTLN,100
MTM1,97.99
MTMR1,92.14
MTMR10,94.21
MTMR11,100
MTMR12,96.62
MTMR14,100
MTMR2,100
MTMR3,100
MTMR4,100
MTMR6,93.89
MTMR7,97.56
MTMR8,99.91
MTMR9,100
MTNR1A,96.96
MTNR1B,100
MTO1,100
MTOR,100
MTPAP,98.35
MTPN,100
MTR,99.88
MTRES1,100
MTREX,100
MTRF1,100
MTRF1L,94.23
MTRFR,100
MTRNR2L1,100
MTRNR2L10,0
MTRNR2L11,100
MTRNR2L6,70.67
MTRNR2L7,100
MTRNR2L8,100
MTRNR2L9,100
MTRR,99.51
MTSS1,100
MTSS2,86.13
MTTP,99.97
MTURN,100
MTUS1,100
MTUS2,100
MTX1,97.68
MTX2,98.76
MTX3,100
MUC1,76.41
MUC12,93.95
MUC13,100
MUC16,100
MUC17,100
MUC19,99.72
MUC2,80.46
MUC20,68.15
MUC21,81.13
MUC22,3.1
MUC3A,99.02
MUC4,50.15
MUC5AC,99.82
MUC5B,100
MUC6,72.3
MUC7,100
MUC8,63.23
MUCL1,100
MUCL3,43.75
MUL1,100
MUS81,100
MUSK,100
MUSTN1,100
MUTYH,100
MVB12A,100
MVB12B,93.77
MVD,100
MVK,99.81
MVP,98.81
MX1,100
MX2,100
MXD1,100
MXD3,100
MXD4,93.48
MXI1,88.39
MXRA5,96.47
MXRA7,69.81
MXRA8,86.15
MYADM,100
MYADML2,100
MYB,99
MYBBP1A,98.76
MYBL1,100
MYBL2,100
MYBPC1,100
MYBPC2,100
MYBPC3,99.98
MYBPH,100
MYBPHL,100
MYC,100
MYCBP,100
MYCBP2,99.75
MYCBPAP,97.22
MYCL,93.82
MYCN,83.18
MYCT1,100
MYD88,100
MYDGF,100
MYEF2,99.39
MYEOV,100
MYF5,100
MYF6,100
MYG1,100
MYH1,100
MYH10,100
MYH11,96.16
MYH13,100
MYH14,99.88
MYH15,100
MYH2,100
MYH3,100
MYH4,100
MYH6,100
MYH7,99.71
MYH7B,100
MYH8,100
MYH9,99.4
MYL1,100
MYL10,100
MYL11,100
MYL12A,100
MYL12B,100
MYL2,100
MYL3,100
MYL4,100
MYL5,100
MYL6,100
MYL6B,100
MYL6B-AS1,100
MYL7,100
MYL9,100
MYLIP,100
MYLK,99.85
MYLK2,100
MYLK3,99.11
MYLK4,99.23
MYLPF,100
MYMK,100
MYMX,100
MYNN,98.92
MYO10,100
MYO15A,95.94
MYO15B,96.52
MYO16,92.35
MYO18A,99.62
MYO18B,100
MYO19,96.04
MYO1A,100
MYO1B,100
MYO1C,99.46
MYO1D,97.52
MYO1E,100
MYO1F,100
MYO1G,100
MYO1H,100
MYO3A,100
MYO3B,100
MYO5A,97.97
MYO5B,99.23
MYO5C,100
MYO6,97.13
MYO7A,100
MYO7B,100
MYO9A,100
MYO9B,99.23
MYOC,100
MYOCD,100
MYOCOS,100
MYOD1,100
MYOF,100
MYOG,100
MYOM1,100
MYOM2,89.25
MYOM3,100
MYORG,100
MYOT,100
MYOZ1,100
MYOZ2,99.88
MYOZ3,100
MYPN,100
MYPOP,90.24
MYRF,100
MYRFL,100
MYRIP,100
MYSM1,100
MYT1,93.23
MYT1L,100
MYZAP,99.73
MZB1,100
MZF1,95.01
MZT1,100
MZT2A,81.91
MZT2B,94.39
N4BP1,95.65
N4BP2,94.66
N4BP2L1,100
N4BP2L2,99.36
N4BP3,94.37
N6AMT1,100
NAA10,97.36
NAA11,100
NAA15,100
NAA16,100
NAA20,100
NAA25,97.74
NAA30,100
NAA35,98.49
NAA38,100
NAA40,100
NAA50,86.99
NAA60,100
NAAA,91.12
NAALAD2,100
NAALADL1,100
NAALADL2,100
NAB1,100
NAB2,100
NABP1,100
NABP2,100
NACA,99.94
NACA2,100
NACAD,100
NACC1,100
NACC2,100
NADK,100
NADK2,86.1
NADSYN1,100
NAE1,93.45
NAF1,99.39
NAGA,100
NAGK,100
NAGLU,83.55
NAGPA,88.85
NAGS,95.89
NAIF1,100
NAIP,79.13
NALCN,100
NALF1,100
NALF2,75.42
NAMPT,100
NANOG,100
NANOGNB,84.31
NANOGP8,100
NANOS1,15.36
NANOS2,100
NANOS3,100
NANP,100
NANS,100
NAP1L1,99.93
NAP1L2,100
NAP1L3,99.54
NAP1L4,100
NAPA,100
NAPA-AS1,100
NAPB,100
NAPEPLD,87.01
NAPG,100
NAPRT,87.43
NAPSA,100
NARF,98.44
NARS1,100
NARS2,96.55
NASP,100
NAT1,100
NAT10,100
NAT14,96.28
NAT16,96.2
NAT2,100
NAT8,100
NAT8B,100
NAT8L,53.8
NAT9,100
NATD1,69.01
NAV1,97.11
NAV2,100
NAV3,99.69
NAXD,100
NAXE,96.28
NBAS,100
NBDY,100
NBEA,99.41
NBEAL1,100
NBEAL2,99.38
NBL1,98.64
NBN,99.3
NBPF1,100
NBPF10,98.58
NBPF11,99.25
NBPF12,99.67
NBPF14,96.86
NBPF15,100
NBPF19,100
NBPF20,100
NBPF26,98.41
NBPF3,96.08
NBPF4,100
NBPF6,90.87
NBPF7P,100
NBPF8,99.28
NBPF9,100
NBR1,97.12
NCALD,93.26
NCAM1,100
NCAM2,100
NCAN,93.07
NCAPD2,100
NCAPD3,100
NCAPG,100
NCAPG2,100
NCAPH,100
NCAPH2,100
NCBP1,100
NCBP2,100
NCBP2AS2,52.33
NCBP2L,100
NCBP3,100
NCCRP1,95.05
NCDN,100
NCEH1,100
NCF1,86.47
NCF2,100
NCF4,71.18
NCF4-AS1,100
NCK1,97.09
NCK2,100
NCKAP1,95.89
NCKAP1L,100
NCKAP5,100
NCKAP5L,100
NCKIPSD,99.12
NCL,100
NCLN,100
NCMAP,100
NCOA1,100
NCOA2,100
NCOA3,100
NCOA4,100
NCOA5,100
NCOA6,100
NCOA7,100
NCOR1,100
NCOR2,100
NCR1,0
NCR2,100
NCR3,0
NCR3LG1,100
NCS1,98.28
NCSTN,100
NDC1,100
NDC80,95.38
NDE1,95.92
NDEL1,100
NDFIP1,90.54
NDFIP2,95.2
NDN,96.79
NDNF,100
NDOR1,100
NDP,100
NDRG1,97.11
NDRG2,100
NDRG3,100
NDRG4,97.89
NDST1,100
NDST2,100
NDST3,100
NDST4,100
NDUFA1,100
NDUFA10,96.61
NDUFA11,99.88
NDUFA12,100
NDUFA13,100
NDUFA2,100
NDUFA3,4.64
NDUFA4,100
NDUFA4L2,100
NDUFA5,93.38
NDUFA6,52.47
NDUFA6-DT,30.06
NDUFA7,100
NDUFA8,100
NDUFA9,100
NDUFAB1,85.19
NDUFAF1,100
NDUFAF2,100
NDUFAF3,100
NDUFAF4,99.82
NDUFAF5,98.01
NDUFAF6,84.1
NDUFAF7,100
NDUFAF8,98.51
NDUFB1,100
NDUFB10,100
NDUFB11,85.57
NDUFB2,100
NDUFB2-AS1,100
NDUFB3,100
NDUFB4,100
NDUFB5,100
NDUFB6,100
NDUFB7,100
NDUFB8,100
NDUFB9,100
NDUFC1,100
NDUFC2,100
NDUFS1,99.3
NDUFS2,100
NDUFS3,100
NDUFS4,100
NDUFS5,100
NDUFS6,100
NDUFS7,99.89
NDUFS8,96.05
NDUFV1,100
NDUFV2,92.57
NDUFV3,100
NEB,100
NEBL,100
NECAB1,100
NECAB2,86.06
NECAB3,95.75
NECAP1,100
NECAP2,100
NECTIN1,99.95
NECTIN2,97.92
NECTIN3,100
NECTIN4,99.56
NEDD1,100
NEDD4,96.63
NEDD4L,96.8
NEDD8,100
NEDD9,100
NEFH,86.69
NEFL,100
NEFM,100
NEGR1,100
NEIL1,96.88
NEIL2,100
NEIL3,100
NEK1,97.78
NEK10,96.2
NEK11,94.7
NEK2,100
NEK3,95.2
NEK4,100
NEK4P2,100
NEK5,100
NEK6,100
NEK7,100
NEK8,100
NEK9,100
NELFA,95.44
NELFB,94.7
NELFCD,93.67
NELFE,26.44
NELL1,100
NELL2,98.66
NEMF,100
NEMP1,100
NEMP2,94.13
NENF,65.9
NEO1,97.08
NEPRO,100
NES,90.83
NET1,100
NETO1,100
NETO2,97.85
NEU1,11.47
NEU2,100
NEU3,100
NEU4,94.62
NEURL1,76
NEURL1B,49.52
NEURL2,100
NEURL3,100
NEURL4,99.7
NEUROD1,99.82
NEUROD2,80.24
NEUROD4,100
NEUROD6,100
NEUROG1,100
NEUROG2,75.95
NEUROG3,100
NEXMIF,99.65
NEXN,99.95
NEXN-AS1,100
NF1,99.9
NF2,99.66
NFAM1,100
NFASC,100
NFAT5,98.87
NFATC1,93.69
NFATC2,99.8
NFATC2IP,100
NFATC3,100
NFATC4,100
NFE2,100
NFE2L1,100
NFE2L2,100
NFE2L3,88.24
NFIA,100
NFIB,94.46
NFIC,100
NFIL3,100
NFILZ,100
NFIX,98.49
NFKB1,100
NFKB2,100
NFKBIA,96.48
NFKBIB,100
NFKBID,100
NFKBIE,93.95
NFKBIL1,2.44
NFKBIZ,89.71
NFRKB,100
NFS1,100
NFU1,100
NFX1,100
NFXL1,99.23
NFYA,100
NFYB,100
NFYC,99.13
NGB,96.93
NGDN,100
NGEF,94.8
NGF,100
NGFR,100
NGLY1,98.72
NGRN,100
NHEJ1,100
NHLH1,100
NHLH2,100
NHLRC1,91.33
NHLRC2,100
NHLRC3,100
NHLRC4,94.49
NHP2,100
NHS,86.62
NHSL1,98.24
NHSL2,88.91
NIBAN1,100
NIBAN2,97.7
NIBAN3,100
NICN1,100
NID1,99.55
NID2,100
NIF3L1,100
NIFK,100
NIM1K,100
NIN,100
NINJ1,100
NINJ2,100
NINL,100
NIP7,100
NIPA1,83.91
NIPA2,100
NIPAL1,100
NIPAL2,89.44
NIPAL3,100
NIPAL4,100
NIPBL,98.86
NIPSNAP1,98.71
NIPSNAP2,90.73
NIPSNAP3A,100
NIPSNAP3B,100
NISCH,98.7
NIT1,100
NIT2,76.54
NKAIN1,96.31
NKAIN2,98.9
NKAIN3,100
NKAIN4,99.07
NKAP,91.92
NKAPD1,100
NKAPL,100
NKD1,96.02
NKD2,88.4
NKG7,100
NKIRAS1,100
NKIRAS2,100
NKPD1,98.1
NKRF,91.89
NKTR,100
NKX1-1,31.03
NKX1-2,59.27
NKX2-1,55.06
NKX2-2,100
NKX2-3,78.37
NKX2-4,45.26
NKX2-5,100
NKX2-6,100
NKX2-8,83.33
NKX3-1,84.11
NKX3-2,83.13
NKX6-1,92.3
NKX6-2,51.26
NKX6-3,100
NLE1,100
NLGN1,100
NLGN2,77.71
NLGN3,92.31
NLGN4X,94.67
NLGN4Y,99.02
NLK,100
NLN,100
NLRC3,100
NLRC4,100
NLRC5,100
NLRP1,99.53
NLRP10,97.1
NLRP11,100
NLRP12,99.1
NLRP13,100
NLRP14,100
NLRP2,3.41
NLRP2B,100
NLRP3,99.97
NLRP3P1,98.77
NLRP4,100
NLRP5,100
NLRP6,92.13
NLRP7,1.06
NLRP8,100
NLRP9,100
NLRX1,99.84
NMB,99.73
NMBR,100
NMD3,100
NME1,100
NME2,100
NME3,89.65
NME4,87.25
NME5,100
NME6,100
NME7,94.17
NME8,95.82
NME9,100
NMI,100
NMNAT1,99.3
NMNAT2,100
NMNAT3,100
NMRAL1,98.29
NMRK1,100
NMRK2,100
NMS,100
NMT1,92.79
NMT2,99.87
NMU,94.31
NMUR1,99.82
NMUR2,100
NNAT,100
NNMT,100
NNT,100
NOA1,100
NOB1,100
NOBOX,100
NOC2L,100
NOC3L,92.13
NOC4L,98.34
NOCT,85.82
NOD1,100
NOD2,100
NODAL,99.91
NOG,100
NOL10,100
NOL11,97.47
NOL12,100
NOL3,99.54
NOL4,99.59
NOL4L,98.97
NOL6,100
NOL7,100
NOL8,100
NOL9,95.94
NOLC1,100
NOM1,98.14
NOMO1,99
NOMO2,100
NOMO3,93.54
NONO,87.31
NOP10,100
NOP14,100
NOP16,100
NOP2,100
NOP53,100
NOP56,100
NOP58,100
NOP9,100
NOPCHAP1,100
NOS1,100
NOS1AP,100
NOS2,99.25
NOS3,98.1
NOSIP,100
NOSTRIN,89.5
NOTCH1,99.21
NOTCH2,100
NOTCH2NLA,100
NOTCH2NLB,56.65
NOTCH2NLC,87.99
NOTCH3,94.17
NOTCH4,8.98
NOTO,99.21
NOTUM,91.08
NOVA1,98.5
NOVA2,56.97
NOX1,97.61
NOX3,100
NOX4,100
NOX5,97.49
NOXA1,87.81
NOXO1,100
NOXRED1,100
NPAP1,98.16
NPAP1L,94.71
NPAS1,95.97
NPAS2,100
NPAS3,87.77
NPAS4,99.96
NPAT,100
NPB,53.29
NPBWR1,100
NPBWR2,97.9
NPC1,100
NPC1L1,100
NPC2,100
NPDC1,91.9
NPEPL1,97.82
NPEPPS,100
NPEPPSP1,80.52
NPFF,100
NPFFR1,98.92
NPFFR2,99.87
NPHP1,95.14
NPHP3,94.06
NPHP3-ACAD11,100
NPHP4,99.93
NPHS1,99.84
NPHS2,100
NPIPA1,100
NPIPA2,100
NPIPA3,95.77
NPIPA5,100
NPIPA7,100
NPIPA8,100
NPIPA9,100
NPIPB11,99.05
NPIPB12,97.17
NPIPB13,97.88
NPIPB15,100
NPIPB2,99.81
NPIPB3,95.04
NPIPB4,100
NPIPB5,100
NPIPB6,100
NPIPB7,100
NPIPB8,96.41
NPIPB9,94.53
NPL,100
NPLOC4,99.29
NPM1,100
NPM2,100
NPM3,100
NPNT,100
NPPA,100
NPPB,100
NPPC,90.29
NPR1,96.95
NPR2,100
NPR3,100
NPRL2,100
NPRL3,100
NPS,100
NPSR1,95.72
NPTN,100
NPTX1,88.07
NPTX2,75.62
NPTXR,57.55
NPVF,100
NPW,87.18
NPY,100
NPY1R,100
NPY2R,100
NPY4R,95.39
NPY4R2,89.8
NPY5R,100
NQO1,100
NQO2,100
NR0B1,83.31
NR0B2,100
NR1D1,100
NR1D2,100
NR1H2,100
NR1H3,100
NR1H4,100
NR1I2,99.93
NR1I3,100
NR2C1,100
NR2C2,100
NR2C2AP,100
NR2E1,100
NR2E3,99.92
NR2F1,88.41
NR2F2,89.53
NR2F6,56.3
NR3C1,99.76
NR3C2,99.84
NR4A1,99.54
NR4A2,99.73
NR4A3,87.6
NR5A1,100
NR5A2,94.23
NR6A1,98.56
NRAP,100
NRARP,89.57
NRAS,99.52
NRBF2,100
NRBP1,100
NRBP2,98.68
NRCAM,100
NRDC,99.92
NRDE2,100
NREP,100
NRF1,100
NRG1,91.17
NRG2,83.08
NRG3,94.99
NRG4,97.61
NRGN,90.72
NRIP1,100
NRIP2,100
NRIP3,100
NRK,99
NRL,78.52
NRM,0
NRN1,100
NRN1L,100
NRP1,100
NRP2,100
NRROS,100
NRSN1,100
NRSN2,100
NRTN,39.9
NRXN1,97.66
NRXN2,84.53
NRXN3,99.98
NSA2,100
NSD1,100
NSD2,100
NSD3,100
NSDHL,91.63
NSF,98.46
NSFL1C,100
NSG1,100
NSG2,100
NSL1,100
NSMAF,95.99
NSMCE1,100
NSMCE2,100
NSMCE3,69.51
NSMCE4A,90.59
NSMF,96.47
NSRP1,99.18
NSUN2,100
NSUN3,100
NSUN4,99.7
NSUN5,100
NSUN6,100
NSUN7,99.75
NT5C,75.6
NT5C1A,100
NT5C1B,100
NT5C2,98.84
NT5C3A,90.44
NT5C3B,100
NT5DC1,99.8
NT5DC2,88.66
NT5DC3,92.85
NT5DC4,100
NT5E,97.9
NT5M,88.31
NTAN1,92.23
NTAQ1,100
NTF3,100
NTF4,100
NTHL1,93.01
NTM,100
NTMT1,99
NTMT2,100
NTN1,85.7
NTN3,71.77
NTN4,100
NTN5,83.87
NTNG1,100
NTNG2,89.29
NTPCR,100
NTRK1,98.73
NTRK2,99.92
NTRK3,98.77
NTS,100
NTSR1,98.3
NTSR2,88
NUAK1,100
NUAK2,100
NUB1,100
NUBP1,100
NUBP2,94.6
NUBPL,99.84
NUCB1,100
NUCB2,100
NUCKS1,100
NUDC,100
NUDCD1,100
NUDCD2,100
NUDCD3,100
NUDT1,100
NUDT10,100
NUDT11,99.8
NUDT12,100
NUDT13,100
NUDT14,85.41
NUDT15,100
NUDT16,100
NUDT16L1,99.01
NUDT17,100
NUDT18,70.84
NUDT19,79.34
NUDT2,100
NUDT21,100
NUDT22,100
NUDT3,100
NUDT4,100
NUDT4B,100
NUDT5,100
NUDT6,100
NUDT7,100
NUDT8,78.05
NUDT9,100
NUF2,100
NUFIP1,100
NUFIP2,100
NUGGC,99.23
NUMA1,99.89
NUMB,99.28
NUMBL,98.69
NUP107,98.61
NUP133,97.67
NUP153,100
NUP155,98.25
NUP160,100
NUP188,100
NUP205,100
NUP210,98.29
NUP210L,100
NUP210P2,99.63
NUP214,100
NUP35,100
NUP37,92.6
NUP42,98
NUP43,100
NUP50,100
NUP54,100
NUP58,100
NUP62,100
NUP62CL,93.01
NUP85,100
NUP88,100
NUP93,100
NUP98,100
NUPR1,93.81
NUPR2,82.65
NUS1,100
NUSAP1,100
NUTF2,100
NUTM1,100
NUTM2A,85.84
NUTM2B,97.31
NUTM2B-AS1,100
NUTM2D,91.52
NUTM2E,97.79
NUTM2F,97.62
NUTM2G,100
NVL,100
NWD1,99.83
NWD2,100
NXF1,100
NXF2,100
NXF2B,100
NXF3,97.62
NXF5,88.2
NXN,76.17
NXNL1,99.22
NXNL2,99.1
NXPE1,100
NXPE2,100
NXPE3,100
NXPE4,100
NXPH1,100
NXPH2,97.48
NXPH3,100
NXPH4,99.92
NXT1,100
NXT2,100
NYAP1,99.73
NYAP2,100
NYNRIN,100
NYX,49.93
OACYLP,100
OAF,85.28
OARD1,100
OAS1,100
OAS2,100
OAS3,100
OASL,100
OAT,99.33
OAZ1,94.23
OAZ2,100
OAZ3,100
OBI1,100
OBI1-AS1,100
OBP2A,96.69
OBP2B,100
OBSCN,98.48
OBSL1,94.55
OC90,100
OCA2,97.26
OCEL1,100
OCIAD1,100
OCIAD2,100
OCLN,89.76
OCM,100
OCM2,100
OCRL,98.18
OCSTAMP,100
ODAD1,100
ODAD2,96.91
ODAD3,100
ODAD4,100
ODAM,94.67
ODAPH,100
ODC1,100
ODF1,100
ODF2,100
ODF2L,94.28
ODF3,100
ODF3B,91.3
ODF3L1,100
ODF3L2,100
ODF4,100
ODR4,88.35
OFCC1,100
OFD1,97.96
OGA,100
OGDH,100
OGDHL,100
OGFOD1,100
OGFOD2,100
OGFOD3,88.75
OGFR,98.98
OGFRL1,83.33
OGG1,100
OGT,98.54
OIP5,100
OIT3,100
OLA1,100
OLAH,100
OLFM1,99.71
OLFM2,95.8
OLFM3,100
OLFM4,99.48
OLFML1,100
OLFML2A,95.37
OLFML2B,99.79
OLFML3,100
OLIG1,57.48
OLIG2,59.26
OLIG3,100
OLR1,100
OMA1,100
ONECUT1,97.95
ONECUT2,82.95
ONECUT3,27.74
OOEP,100
OOSP1,100
OOSP2,100
OOSP3,100
OOSP4A,100
OOSP4B,100
OPA1,99.95
OPA3,99.23
OPALIN,100
OPCML,100
OPHN1,99.47
OPLAH,99.9
OPN1LW,98.17
OPN1MW,100
OPN1MW2,99.73
OPN1MW3,96.89
OPN1SW,100
OPN3,94.52
OPN4,100
OPN5,100
OPRD1,89.92
OPRK1,100
OPRL1,94.39
OPRM1,99.58
OPRPN,100
OPTC,100
OPTN,100
OR10A2,100
OR10A3,100
OR10A4,100
OR10A5,100
OR10A6,100
OR10A7,100
OR10AD1,100
OR10AG1,100
OR10C1,0
OR10D3,100
OR10G2,100
OR10G3,100
OR10G4,100
OR10G6,100
OR10G7,100
OR10G8,100
OR10G9,100
OR10H1,100
OR10H2,100
OR10H3,100
OR10H4,100
OR10H5,100
OR10J1,100
OR10J3,100
OR10J4,100
OR10J5,100
OR10K1,100
OR10K2,100
OR10P1,100
OR10Q1,100
OR10R2,100
OR10S1,100
OR10T2,100
OR10V1,100
OR10W1,100
OR10X1,100
OR10Z1,99.05
OR11A1,0.21
OR11G2,100
OR11H1,100
OR11H12,100
OR11H2,100
OR11H4,100
OR11H6,100
OR11H7,100
OR11L1,100
OR12D1,64.31
OR12D2,37.12
OR12D3,20.19
OR13A1,100
OR13C2,100
OR13C3,100
OR13C4,100
OR13C5,99.37
OR13C7,100
OR13C8,100
OR13C9,100
OR13D1,100
OR13F1,100
OR13G1,100
OR13H1,100
OR13J1,100
OR14A16,99.68
OR14A2,100
OR14C36,100
OR14I1,100
OR14J1,6.11
OR14K1,100
OR14L1P,100
OR1A1,100
OR1A2,100
OR1B1,100
OR1C1,100
OR1D2,100
OR1D5,88.39
OR1E1,100
OR1E2,100
OR1E3,91.14
OR1F1,100
OR1F12P,100
OR1G1,100
OR1I1,100
OR1J1,100
OR1J2,100
OR1J4,100
OR1K1,100
OR1L1,100
OR1L3,100
OR1L4,100
OR1L6,100
OR1L8,100
OR1M1,100
OR1N1,100
OR1N2,100
OR1P1,100
OR1Q1,100
OR1R1P,100
OR1S1,100
OR1S2,100
OR2A1,100
OR2A12,100
OR2A14,100
OR2A2,100
OR2A25,100
OR2A42,100
OR2A5,100
OR2A7,100
OR2AE1,100
OR2AG1,100
OR2AG2,100
OR2AJ1,100
OR2AK2,100
OR2AP1,100
OR2AT4,100
OR2B11,100
OR2B2,100
OR2B3,22.19
OR2B6,100
OR2B8P,100
OR2C1,100
OR2C3,100
OR2D2,100
OR2D3,100
OR2F1,100
OR2F2,100
OR2G2,100
OR2G3,100
OR2G6,100
OR2H1,0
OR2H2,2.19
OR2I1P,5.06
OR2J1,1.17
OR2J2,13.21
OR2J3,0
OR2K2,100
OR2L13,100
OR2L2,100
OR2L3,100
OR2L5,100
OR2L8,100
OR2M2,100
OR2M3,100
OR2M4,100
OR2M5,100
OR2M7,100
OR2S2,100
OR2T1,98.56
OR2T10,100
OR2T11,100
OR2T12,100
OR2T2,100
OR2T27,100
OR2T29,100
OR2T3,100
OR2T33,100
OR2T34,89.86
OR2T35,63.48
OR2T4,95.32
OR2T5,100
OR2T6,85.87
OR2T7,100
OR2T8,84.66
OR2V1,100
OR2V2,100
OR2W1,1.04
OR2W3,100
OR2W5P,100
OR2Y1,100
OR2Z1,100
OR3A1,100
OR3A2,100
OR3A3,100
OR4A15,100
OR4A16,100
OR4A47,100
OR4A5,100
OR4A8,100
OR4B1,100
OR4C11,100
OR4C12,100
OR4C13,100
OR4C15,100
OR4C16,100
OR4C3,100
OR4C45,100
OR4C46,100
OR4C5,100
OR4C6,100
OR4D1,100
OR4D10,100
OR4D11,100
OR4D2,100
OR4D5,100
OR4D6,100
OR4D9,100
OR4E1,100
OR4E2,100
OR4F15,100
OR4F16,100
OR4F17,100
OR4F21,83.39
OR4F29,100
OR4F3,100
OR4F4,100
OR4F5,100
OR4F6,100
OR4K1,100
OR4K13,95.41
OR4K14,100
OR4K15,100
OR4K17,100
OR4K2,100
OR4K3,100
OR4K5,100
OR4L1,100
OR4M1,100
OR4M2,63.48
OR4N2,99.04
OR4N4,13.99
OR4N4C,93.23
OR4N5,100
OR4P4,100
OR4Q2,100
OR4Q3,100
OR4S1,100
OR4S2,100
OR4X1,100
OR4X2,100
OR51A2,100
OR51A4,100
OR51A7,100
OR51B2,100
OR51B4,100
OR51B5,100
OR51B6,100
OR51C1P,100
OR51D1,100
OR51E1,100
OR51E2,100
OR51G2,100
OR51I1,100
OR51I2,100
OR51L1,100
OR51M1,100
OR51Q1,100
OR51S1,100
OR51V1,100
OR52A1,100
OR52A5,100
OR52B2,100
OR52B4,100
OR52B6,100
OR52D1,100
OR52E1,100
OR52E2,100
OR52E4,100
OR52E5,100
OR52E6,100
OR52E8,100
OR52H1,100
OR52I1,100
OR52I2,100
OR52J3,100
OR52K1,100
OR52K2,100
OR52L1,100
OR52M1,100
OR52N1,100
OR52N2,100
OR52N4,100
OR52N5,100
OR52P1,99.9
OR52W1,100
OR52Z1P,100
OR56A1,100
OR56A3,100
OR56A4,100
OR56A5,100
OR56B1,100
OR56B2P,79.92
OR56B4,100
OR5A1,100
OR5A2,100
OR5AC1,98.59
OR5AC2,100
OR5AK2,100
OR5AK3P,91.51
OR5AL1,100
OR5AN1,100
OR5AP2,100
OR5AR1,100
OR5AS1,95.28
OR5AU1,100
OR5B12,100
OR5B17,100
OR5B2,100
OR5B21,100
OR5B3,100
OR5BS1P,100
OR5C1,100
OR5D13,100
OR5D14,100
OR5D16,99.49
OR5D18,100
OR5D3P,100
OR5F1,100
OR5G3,98.41
OR5H1,100
OR5H14,100
OR5H15,100
OR5H2,91.75
OR5H6,100
OR5H8,100
OR5I1,100
OR5J2,100
OR5K1,92.45
OR5K2,100
OR5K3,97
OR5K4,94.72
OR5L1,100
OR5L2,100
OR5M1,100
OR5M10,100
OR5M11,100
OR5M3,100
OR5M8,91.24
OR5M9,100
OR5P2,100
OR5P3,93.48
OR5T1,100
OR5T2,100
OR5T3,100
OR5V1,37.47
OR5W2,100
OR6A2,100
OR6B1,100
OR6B2,100
OR6B3,100
OR6C1,100
OR6C2,100
OR6C3,100
OR6C4,100
OR6C6,100
OR6C65,100
OR6C68,100
OR6C70,100
OR6C74,100
OR6C75,100
OR6C76,100
OR6F1,100
OR6J1,100
OR6K2,100
OR6K3,100
OR6K6,100
OR6M1,100
OR6N1,100
OR6N2,100
OR6P1,100
OR6Q1,100
OR6S1,100
OR6T1,100
OR6V1,100
OR6X1,100
OR6Y1,100
OR7A10,100
OR7A17,100
OR7A5,100
OR7C1,100
OR7C2,100
OR7D2,100
OR7D4,100
OR7E104P,100
OR7E24,100
OR7G1,100
OR7G2,100
OR7G3,100
OR8A1,100
OR8B12,100
OR8B2,100
OR8B3,100
OR8B4,100
OR8B8,100
OR8D1,100
OR8D2,100
OR8D4,89.31
OR8G1,100
OR8G2P,100
OR8G3P,100
OR8G5,100
OR8H1,100
OR8H2,100
OR8H3,100
OR8I2,100
OR8J1,89.48
OR8J2,100
OR8J3,100
OR8K1,100
OR8K3,100
OR8K5,100
OR8S1,100
OR8U1,100
OR8U3,100
OR9A1P,100
OR9A2,100
OR9A4,100
OR9G1,69.17
OR9G4,100
OR9H1P,100
OR9I1,100
OR9K2,100
OR9Q1,100
OR9Q2,100
ORAI1,87.06
ORAI2,100
ORAI3,100
ORC1,100
ORC2,100
ORC3,100
ORC4,94.21
ORC5,98.8
ORC6,98.79
ORM1,100
ORM2,100
ORMDL1,100
ORMDL2,100
ORMDL3,100
OS9,100
OSBP,90.26
OSBP2,98.84
OSBPL10,91.57
OSBPL11,100
OSBPL1A,100
OSBPL2,100
OSBPL3,100
OSBPL5,100
OSBPL6,100
OSBPL7,99.85
OSBPL8,99.93
OSBPL9,98.85
OSCAR,28.92
OSCP1,100
OSER1,100
OSGEP,100
OSGEPL1,100
OSGIN1,100
OSGIN2,100
OSM,100
OSMR,100
OSMR-DT,0
OSR1,100
OSR2,99.86
OST4,100
OSTC,100
OSTF1,100
OSTM1,98.76
OSTN,100
OTC,87.02
OTOA,97.37
OTOF,100
OTOG,99.97
OTOGL,96.99
OTOL1,100
OTOP1,99.89
OTOP2,100
OTOP3,100
OTOR,100
OTOS,100
OTP,91
OTUB1,100
OTUB2,100
OTUD1,43.02
OTUD3,85.86
OTUD4,95.16
OTUD5,77.08
OTUD6A,91.81
OTUD6B,100
OTUD7A,67.71
OTUD7B,100
OTULIN,85.86
OTULINL,94.02
OTX1,100
OTX2,100
OVCA2,100
OVCH1,98.4
OVCH2,100
OVGP1,100
OVOL1,96.39
OVOL2,85.22
OVOL3,100
OXA1L,100
OXCT1,99.94
OXCT1-AS1,100
OXER1,100
OXGR1,100
OXLD1,97.26
OXNAD1,100
OXR1,100
OXSM,100
OXSR1,100
OXT,100
OXTR,79.49
P2RX1,100
P2RX2,97.89
P2RX3,100
P2RX4,97.4
P2RX5,100
P2RX5-TAX1BP3,100
P2RX6,100
P2RX7,100
P2RY1,100
P2RY10,100
P2RY11,100
P2RY2,100
P2RY4,93.62
P2RY6,100
P2RY8,100
P3H1,91.46
P3H2,90.04
P3H3,84.76
P3H4,89.2
P3R3URF,91.32
P3R3URF-PIK3R3,100
P4HA1,100
P4HA2,100
P4HA3,96.06
P4HB,97.25
P4HTM,90.57
PA2G4,100
PAAF1,100
PABIR1,100
PABIR2,100
PABIR3,90.14
PABPC1,98.27
PABPC1L,100
PABPC1L2A,100
PABPC1L2B,99.5
PABPC3,100
PABPC4,98.72
PABPC4L,100
PABPC5,100
PABPN1,87.86
PABPN1L,100
PACC1,100
PACERR,100
PACRG,100
PACRGL,100
PACS1,94.46
PACS2,95.62
PACSIN1,98.95
PACSIN2,99.86
PACSIN3,100
PADI1,100
PADI2,100
PADI3,100
PADI4,99.42
PADI6,100
PAEP,100
PAF1,100
PAFAH1B1,96.32
PAFAH1B2,99.53
PAFAH1B3,100
PAFAH2,100
PAG1,100
PAGE1,69.84
PAGE2,100
PAGE2B,100
PAGE3,100
PAGE4,100
PAGE5,95.67
PAGR1,100
PAH,100
PAICS,100
PAIP1,89.24
PAIP2,100
PAIP2B,100
PAK1,100
PAK1IP1,100
PAK2,99.37
PAK3,99.75
PAK4,100
PAK5,100
PAK6,99.46
PALB2,100
PALD1,99.49
PALLD,93.45
PALM,99.58
PALM2AKAP2,100
PALM3,100
PALMD,100
PALS1,100
PALS2,100
PAM,100
PAM16,97.5
PAMR1,100
PAN2,100
PAN3,97.44
PANK1,78.53
PANK2,84.84
PANK3,100
PANK4,98.33
PANO1,78.55
PANX1,100
PANX2,95.8
PANX3,100
PAOX,88.89
PAPLN,98.64
PAPOLA,100
PAPOLB,100
PAPOLG,97.56
PAPPA,93.26
PAPPA2,100
PAPSS1,100
PAPSS2,100
PAQR3,100
PAQR4,100
PAQR5,100
PAQR6,100
PAQR7,100
PAQR8,100
PAQR9,97.57
PAQR9-AS1,100
PARD3,98.96
PARD3B,100
PARD6A,100
PARD6B,94.4
PARD6G,87.82
PARG,98.96
PARK7,100
PARL,100
PARM1,100
PARN,92.29
PARP1,100
PARP10,100
PARP11,100
PARP12,85.53
PARP14,100
PARP15,100
PARP16,100
PARP2,100
PARP3,97.11
PARP4,99.14
PARP6,100
PARP8,94.63
PARP9,100
PARPBP,98.41
PARS2,100
PARVA,95.91
PARVB,92.4
PARVG,100
PASD1,96.25
PASK,100
PATE1,100
PATE2,100
PATE3,100
PATE4,100
PATJ,99.32
PATL1,100
PATL2,100
PATZ1,100
PAUPAR,100
PAWR,87.67
PAX1,88.52
PAX2,100
PAX3,100
PAX4,99.93
PAX5,100
PAX6,100
PAX7,99.58
PAX8,100
PAX9,100
PAXBP1,88.1
PAXIP1,99.91
PAXX,87.76
PBDC1,95.44
PBK,100
PBLD,100
PBRM1,100
PBX1,100
PBX2,23.74
PBX3,100
PBX4,97.52
PBXIP1,99.92
PC,98.4
PCARE,100
PCAT1,50
PCBD1,98.81
PCBD2,78.63
PCBP1,100
PCBP2,100
PCBP3,100
PCBP4,100
PCCA,100
PCCB,96.86
PCDH1,99.03
PCDH10,100
PCDH11X,96.26
PCDH11Y,100
PCDH12,100
PCDH15,99.73
PCDH17,100
PCDH18,100
PCDH19,93.41
PCDH20,100
PCDH7,95.81
PCDH8,88.48
PCDH9,99.18
PCDHA1,99.72
PCDHB1,100
PCDHB10,96.34
PCDHB11,100
PCDHB12,100
PCDHB13,100
PCDHB14,100
PCDHB15,100
PCDHB16,100
PCDHB2,100
PCDHB3,100
PCDHB4,100
PCDHB5,100
PCDHB6,100
PCDHB7,100
PCDHB8,100
PCDHB9,100
PCDHGA1,99.97
PCED1A,100
PCED1B,100
PCF11,99.29
PCGF1,100
PCGF2,97.79
PCGF3,100
PCGF5,87.16
PCGF6,100
PCID2,100
PCIF1,93.28
PCK1,99.95
PCK2,100
PCLAF,100
PCLO,100
PCM1,100
PCMT1,99.04
PCMTD1,98.92
PCMTD2,99.67
PCNA,100
PCNP,100
PCNT,99.72
PCNX1,100
PCNX2,100
PCNX3,100
PCNX4,100
PCOLCE,100
PCOLCE2,100
PCP2,99.74
PCP4,100
PCP4L1,100
PCSK1,99.7
PCSK1N,36.78
PCSK2,100
PCSK4,97.07
PCSK5,100
PCSK6,92.7
PCSK7,100
PCSK9,99.74
PCTP,100
PCYOX1,100
PCYOX1L,98.64
PCYT1A,99.46
PCYT1B,99.92
PCYT2,93.15
PDAP1,97.68
PDC,100
PDCD1,58.88
PDCD10,99.86
PDCD11,100
PDCD1LG2,100
PDCD2,80.79
PDCD2L,100
PDCD4,99.3
PDCD5,87.06
PDCD6,100
PDCD6IP,98.08
PDCD7,66.39
PDCL,100
PDCL2,100
PDCL3,100
PDCL3P4,100
PDE10A,84.98
PDE11A,100
PDE12,100
PDE1A,100
PDE1B,100
PDE1C,100
PDE2A,97.37
PDE3A,100
PDE3B,98.47
PDE4A,94.58
PDE4B,100
PDE4C,99.96
PDE4D,93.91
PDE4DIP,100
PDE4DIPP2,95.61
PDE4DIPP4,100
PDE4DIPP5,100
PDE5A,100
PDE6A,100
PDE6B,100
PDE6C,96.68
PDE6D,100
PDE6G,100
PDE6H,100
PDE7A,94.55
PDE7B,100
PDE8A,93.19
PDE8B,88.87
PDE9A,100
PDF,48.63
PDGFA,100
PDGFA-DT,100
PDGFB,100
PDGFC,100
PDGFD,100
PDGFRA,99.81
PDGFRB,100
PDGFRL,100
PDHA1,87.7
PDHA2,100
PDHB,99.69
PDHX,99.42
PDIA2,100
PDIA3,98.28
PDIA4,100
PDIA5,100
PDIA6,98.81
PDIK1L,100
PDILT,100
PDK1,88.75
PDK2,100
PDK3,91.47
PDK4,100
PDLIM1,100
PDLIM2,85
PDLIM3,100
PDLIM4,100
PDLIM5,99.33
PDLIM7,100
PDP1,99.95
PDP2,100
PDPK1,98.91
PDPN,100
PDPR,100
PDRG1,100
PDS5A,95.52
PDS5B,100
PDSS1,89.75
PDSS2,100
PDX1,77.89
PDXDC1,97.25
PDXK,100
PDXP,47.92
PDXP-DT,100
PDYN,100
PDYN-AS1,100
PDZD11,99.04
PDZD2,100
PDZD3,100
PDZD4,73.69
PDZD7,100
PDZD8,100
PDZD9,100
PDZK1,100
PDZK1IP1,100
PDZRN3,91.25
PDZRN4,91.55
PEA15,100
PEAK1,99.89
PEAK3,89.45
PEAR1,100
PEBP1,100
PEBP4,100
PECAM1,100
PECR,100
PEDS1,97.04
PEF1,100
PEG10,100
PEG3,100
PELATON,100
PELI1,100
PELI2,100
PELI3,100
PELP1,99.53
PEMT,96.04
PENK,100
PEPD,100
PER1,100
PER2,97.74
PER3,100
PERCC1,100
PERM1,100
PERP,100
PES1,100
PET100,100
PET117,99.59
PEX1,99.82
PEX10,82.54
PEX11A,100
PEX11B,100
PEX11G,100
PEX12,99.82
PEX13,98.3
PEX14,100
PEX16,100
PEX19,100
PEX2,99.54
PEX26,99.49
PEX3,98.53
PEX5,99.72
PEX5L,100
PEX6,93.63
PEX7,91.12
PF4,100
PF4V1,100
PFAS,99.69
PFDN1,100
PFDN2,100
PFDN4,100
PFDN5,100
PFDN6,78.97
PFKFB1,99.38
PFKFB2,100
PFKFB3,100
PFKFB4,100
PFKL,96.93
PFKM,100
PFKP,96.68
PFN1,93.07
PFN1P11,100
PFN2,100
PFN3,99.03
PFN4,100
PGA3,100
PGA4,100
PGA5,100
PGAM1,100
PGAM2,100
PGAM4,100
PGAM5,79.22
PGAP1,94.86
PGAP2,100
PGAP3,100
PGAP4,100
PGAP6,95.07
PGBD1,100
PGBD2,100
PGBD4,100
PGBD5,88.94
PGC,100
PGD,100
PGF,100
PGGHG,100
PGGT1B,100
PGK1,90.84
PGK2,100
PGLS,83.09
PGLYRP1,100
PGLYRP2,100
PGLYRP3,100
PGLYRP4,100
PGM1,100
PGM2,100
PGM2L1,100
PGM3,100
PGM5,100
PGP,46.27
PGPEP1,96.15
PGPEP1L,100
PGR,90.44
PGRMC1,82.65
PGRMC2,100
PGS1,98.92
PHACTR1,99.44
PHACTR2,90.03
PHACTR3,94.02
PHACTR4,100
PHAF1,90.68
PHAX,100
PHB1,100
PHB2,100
PHC1,98.61
PHC2,100
PHC3,100
PHETA1,100
PHETA2,69.23
PHEX,96.96
PHF1,86.83
PHF10,94.27
PHF11,93.11
PHF12,96.45
PHF13,100
PHF14,96.4
PHF19,100
PHF2,97.57
PHF20,100
PHF20L1,100
PHF21A,100
PHF21B,97.82
PHF23,100
PHF24,100
PHF3,100
PHF5A,100
PHF6,99.42
PHF7,100
PHF8,95.14
PHGDH,100
PHGR1,100
PHIP,97.48
PHKA1,99.41
PHKA2,96.37
PHKB,98.43
PHKG1,100
PHKG2,100
PHLDA1,96.27
PHLDA2,61.87
PHLDA3,96.61
PHLDB1,100
PHLDB2,99.2
PHLDB3,100
PHLPP1,85.93
PHLPP2,97.6
PHOSPHO1,100
PHOSPHO2,100
PHOX2A,40.49
PHOX2B,84.39
PHOX2B-AS1,100
PHPT1,100
PHRF1,84.67
PHTF1,100
PHTF2,99.67
PHYH,100
PHYHD1,100
PHYHIP,99.11
PHYHIPL,100
PHYKPL,95.84
PI15,100
PI16,100
PI3,100
PI4K2A,90.28
PI4K2B,97.58
PI4KA,96.69
PI4KB,100
PIANP,100
PIAS1,96.76
PIAS2,100
PIAS3,100
PIAS4,100
PIBF1,100
PICALM,99.95
PICK1,98.9
PID1,100
PIDD1,99.14
PIERCE1,100
PIERCE2,100
PIEZO1,100
PIEZO2,99.99
PIF1,86.26
PIFO,100
PIGA,97.83
PIGB,100
PIGBOS1,100
PIGF,100
PIGG,100
PIGH,100
PIGK,100
PIGL,100
PIGM,100
PIGN,98.72
PIGO,99.94
PIGP,100
PIGQ,100
PIGR,100
PIGS,100
PIGT,100
PIGU,95.75
PIGV,99.94
PIGW,99.34
PIGX,83.92
PIGY,100
PIGZ,100
PIH1D1,100
PIH1D2,100
PIK3AP1,100
PIK3C2A,100
PIK3C2B,99.92
PIK3C2G,99.24
PIK3C3,100
PIK3CA,99.97
PIK3CB,100
PIK3CD,100
PIK3CG,99.24
PIK3IP1,100
PIK3R1,94.58
PIK3R2,89.54
PIK3R3,100
PIK3R4,100
PIK3R5,100
PIK3R6,100
PIKFYVE,98.7
PILRA,100
PILRB,100
PIM1,94.24
PIM2,85.68
PIM3,74.82
PIMREG,100
PIN1,100
PIN1-DT,100
PIN4,97.91
PINK1,88.44
PINLYP,100
PINX1,100
PIP,100
PIP4K2A,100
PIP4K2B,99.44
PIP4K2C,100
PIP4P1,100
PIP4P2,100
PIP5K1A,100
PIP5K1B,100
PIP5K1C,96.38
PIP5KL1,100
PIPOX,100
PIR,99.77
PIRT,100
PISD,100
PITHD1,87.74
PITPNA,97.93
PITPNB,100
PITPNC1,98.42
PITPNM1,100
PITPNM2,96.35
PITPNM3,99.13
PITRM1,100
PITX1,82.14
PITX1-AS1,100
PITX2,99.69
PITX3,99.01
PIWIL1,96.55
PIWIL2,100
PIWIL3,95.55
PIWIL4,100
PJA1,94.21
PJA2,100
PJVK,99.92
PKD1,94.62
PKD1L1,99.98
PKD1L2,99.29
PKD1L3,100
PKD1P6,0
PKD2,87.54
PKD2L1,100
PKD2L2,100
PKDCC,69.99
PKDREJ,93.33
PKHD1,99.84
PKHD1L1,100
PKIA,100
PKIB,100
PKIG,100
PKLR,96.95
PKM,99.9
PKMYT1,98.54
PKN1,95.49
PKN2,98.94
PKN2-AS1,100
PKN3,100
PKNOX1,100
PKNOX2,100
PKP1,100
PKP2,100
PKP3,87.93
PKP4,99.1
PLA1A,100
PLA2G10,94.44
PLA2G12A,100
PLA2G12B,100
PLA2G15,100
PLA2G1B,100
PLA2G2A,100
PLA2G2C,100
PLA2G2D,100
PLA2G2E,100
PLA2G2F,98.28
PLA2G3,100
PLA2G4A,99.96
PLA2G4B,100
PLA2G4C,100
PLA2G4D,100
PLA2G4E,100
PLA2G4F,99.57
PLA2G5,100
PLA2G6,100
PLA2G7,100
PLA2R1,99.93
PLAA,100
PLAAT1,90.23
PLAAT2,100
PLAAT3,100
PLAAT4,100
PLAAT5,100
PLAC1,100
PLAC8,100
PLAC8L1,100
PLAC9,83.38
PLAG1,100
PLAGL1,100
PLAGL2,100
PLAT,100
PLAU,100
PLAUR,100
PLB1,100
PLBD1,93.08
PLBD2,85.39
PLCB1,99.76
PLCB2,95.83
PLCB3,99.48
PLCB4,99.92
PLCD1,100
PLCD3,96.81
PLCD4,100
PLCE1,99.97
PLCG1,98.22
PLCG2,99.97
PLCH1,99.19
PLCH2,76.58
PLCL1,96.26
PLCL2,96.9
PLCXD1,96.45
PLCXD2,100
PLCXD3,100
PLCZ1,100
PLD1,99.25
PLD2,100
PLD3,100
PLD4,100
PLD5,96.81
PLD6,87.62
PLEC,95.1
PLEK,100
PLEK2,100
PLEKHA1,100
PLEKHA2,100
PLEKHA3,100
PLEKHA4,100
PLEKHA5,95.02
PLEKHA6,100
PLEKHA7,98.1
PLEKHA8,97.9
PLEKHB1,100
PLEKHB2,100
PLEKHD1,100
PLEKHF1,100
PLEKHF2,100
PLEKHG1,99.51
PLEKHG2,100
PLEKHG3,100
PLEKHG4,99.84
PLEKHG4B,100
PLEKHG5,99.9
PLEKHG6,99.25
PLEKHG7,100
PLEKHH1,100
PLEKHH2,96.4
PLEKHH3,85.56
PLEKHJ1,99.32
PLEKHM1,75.97
PLEKHM2,97.78
PLEKHM3,100
PLEKHN1,100
PLEKHO1,97.61
PLEKHO2,100
PLEKHS1,100
PLET1,100
PLG,99.92
PLGLA,100
PLGLB1,100
PLGLB2,100
PLGRKT,100
PLIN1,88.94
PLIN2,100
PLIN3,100
PLIN4,100
PLIN5,99.48
PLK1,100
PLK2,100
PLK3,93.15
PLK4,100
PLK5,100
PLLP,97.84
PLOD1,100
PLOD2,97.2
PLOD3,99.57
PLP1,91.98
PLP2,100
PLPBP,100
PLPP1,100
PLPP2,88.64
PLPP3,100
PLPP4,100
PLPP5,96.7
PLPP6,86.71
PLPP7,98.97
PLPPR1,100
PLPPR2,100
PLPPR3,66.49
PLPPR4,100
PLPPR5,100
PLRG1,100
PLS1,100
PLS3,98.91
PLSCR1,98.72
PLSCR2,94.48
PLSCR3,100
PLSCR4,99.29
PLSCR5,95.86
PLTP,100
PLVAP,91.35
PLXDC1,100
PLXDC2,97.85
PLXNA1,100
PLXNA2,99.38
PLXNA3,89.82
PLXNA4,100
PLXNB1,100
PLXNB2,99.09
PLXNB3,91.86
PLXNC1,94.74
PLXND1,93.09
PM20D1,100
PM20D2,85.94
PMAIP1,100
PMCH,100
PMEL,100
PMEPA1,87.03
PMF1,100
PMFBP1,100
PMIS2,100
PML,99.1
PMM1,100
PMM2,100
PMP2,100
PMP22,98.94
PMPCA,97.31
PMPCB,100
PMS1,100
PMS2,100
PMVK,100
PNCK,86.36
PNISR,100
PNKD,98.77
PNKP,100
PNLDC1,100
PNLIP,100
PNLIPRP1,100
PNLIPRP2,100
PNLIPRP3,100
PNMA1,100
PNMA2,100
PNMA3,94.23
PNMA5,84.48
PNMA6A,92.17
PNMA6E,98.25
PNMA6F,92.63
PNMA8A,100
PNMA8B,94.6
PNMA8C,100
PNMT,92.97
PNN,100
PNO1,100
PNOC,100
PNP,100
PNPLA1,100
PNPLA2,97.12
PNPLA3,100
PNPLA4,96.06
PNPLA5,100
PNPLA6,100
PNPLA7,100
PNPLA8,98.14
PNPO,99.89
PNPT1,95.46
PNRC1,82.11
PNRC2,100
POC1A,100
POC1B,100
POC5,94.38
PODN,100
PODNL1,100
PODXL,93.92
PODXL2,91.03
POF1B,98.62
POFUT1,100
POFUT2,100
POGK,100
POGLUT1,100
POGLUT2,94.88
POGLUT3,95.63
POGZ,100
POLA1,97.56
POLA2,100
POLB,100
POLD1,100
POLD2,99.42
POLD3,100
POLD4,100
POLDIP2,97.74
POLDIP3,99.73
POLE,99.88
POLE2,96.8
POLE3,100
POLE4,98.59
POLG,99.09
POLG2,100
POLH,100
POLI,99.74
POLK,99.34
POLL,100
POLM,96.3
POLN,100
POLQ,100
POLR1A,100
POLR1B,100
POLR1C,99.58
POLR1D,100
POLR1E,100
POLR1F,100
POLR1G,100
POLR1H,0
POLR2A,99.97
POLR2B,100
POLR2C,100
POLR2D,94.87
POLR2E,100
POLR2F,95.68
POLR2G,99.66
POLR2H,100
POLR2I,100
POLR2J,98.26
POLR2J2,100
POLR2J3,100
POLR2K,100
POLR2L,99.51
POLR2M,100
POLR3A,99.98
POLR3B,100
POLR3C,100
POLR3D,100
POLR3E,100
POLR3F,100
POLR3G,80.34
POLR3GL,100
POLR3H,100
POLR3K,100
POLRMT,93.26
POM121,95.25
POM121C,97.32
POM121L12,100
POM121L2,100
POMC,100
POMGNT1,99.92
POMGNT2,100
POMK,100
POMP,85.71
POMT1,100
POMT2,99.97
POMZP3,100
PON1,100
PON2,100
PON3,100
POP1,100
POP4,100
POP5,100
POP7,100
POPDC2,100
POPDC3,100
POR,99.92
PORCN,88.22
POSTN,97.32
POT1,99.39
POTEA,97.87
POTEB,90.7
POTEB2,91.31
POTEB3,86.92
POTEC,100
POTED,86.44
POTEE,96.44
POTEF,99.45
POTEG,97.14
POTEH,96.08
POTEI,92.04
POTEJ,99.49
POTEM,99.3
POU1F1,93.49
POU2AF1,93.6
POU2F1,98.06
POU2F2,100
POU2F3,100
POU3F1,43.33
POU3F2,94.22
POU3F3,45.24
POU3F4,100
POU4F1,68.65
POU4F2,100
POU4F3,100
POU5F1,88.38
POU5F1B,100
POU6F1,100
POU6F2,100
PP12613,100
PP2D1,100
PPA1,100
PPA2,96.55
PPAN,100
PPARA,100
PPARD,100
PPARG,100
PPARGC1A,100
PPARGC1B,100
PPAT,99.06
PPBP,100
PPCDC,100
PPCS,100
PPDPF,100
PPDPFL,100
PPEF1,96.64
PPEF2,97.96
PPFIA1,99.65
PPFIA2,97.44
PPFIA3,99.33
PPFIA4,100
PPFIBP1,100
PPFIBP2,98.33
PPHLN1,99.94
PPIA,95.96
PPIAL4A,100
PPIAL4C,100
PPIAL4D,100
PPIAL4E,100
PPIAL4F,100
PPIAL4G,100
PPIB,99.55
PPIC,100
PPID,90.75
PPIE,100
PPIF,92.28
PPIG,96.87
PPIH,100
PPIL1,100
PPIL2,97.93
PPIL3,87.42
PPIL4,100
PPIL6,97.68
PPIP5K1,100
PPIP5K2,100
PPL,100
PPM1A,100
PPM1B,100
PPM1D,97.94
PPM1E,96.15
PPM1F,100
PPM1F-AS1,100
PPM1G,100
PPM1H,100
PPM1J,91.4
PPM1K,100
PPM1L,100
PPM1M,87.59
PPM1N,97.16
PPME1,100
PPOX,100
PPP1CA,94.64
PPP1CB,100
PPP1CC,100
PPP1R10,7.9
PPP1R11,0
PPP1R12A,99.56
PPP1R12B,100
PPP1R12C,86.89
PPP1R13B,96.97
PPP1R13B-DT,100
PPP1R13L,94.8
PPP1R14A,95.99
PPP1R14B,88.89
PPP1R14C,89.1
PPP1R14D,100
PPP1R15A,100
PPP1R15B,100
PPP1R16A,96.8
PPP1R16B,99.9
PPP1R17,100
PPP1R18,0
PPP1R1A,100
PPP1R1B,100
PPP1R1C,100
PPP1R2,100
PPP1R21,100
PPP1R26,100
PPP1R27,100
PPP1R2B,100
PPP1R2C,98.52
PPP1R32,100
PPP1R35,86.22
PPP1R35-AS1,100
PPP1R36,100
PPP1R37,99.56
PPP1R3A,98.69
PPP1R3B,100
PPP1R3C,100
PPP1R3D,74.11
PPP1R3E,63.45
PPP1R3F,62.15
PPP1R3G,60.91
PPP1R42,100
PPP1R7,100
PPP1R8,100
PPP1R9A,100
PPP1R9B,85.08
PPP2CA,100
PPP2CB,99.9
PPP2R1A,100
PPP2R1B,100
PPP2R2A,100
PPP2R2B,100
PPP2R2C,100
PPP2R2D,92.61
PPP2R3A,100
PPP2R3B,19.82
PPP2R3C,97.32
PPP2R5A,99.86
PPP2R5B,99.21
PPP2R5C,99.05
PPP2R5D,100
PPP2R5E,100
PPP3CA,100
PPP3CB,98.15
PPP3CC,100
PPP3R1,100
PPP4C,100
PPP4R1,99.67
PPP4R2,97.15
PPP4R3A,100
PPP4R3B,98.12
PPP4R3C,92.8
PPP4R4,93.62
PPP5C,100
PPP5D1P,100
PPP6C,100
PPP6R1,99.85
PPP6R2,100
PPP6R3,100
PPRC1,99.36
PPT1,100
PPT2,13.38
PPTC7,94.8
PPWD1,100
PPY,100
PQBP1,99.4
PRAC1,100
PRAC2,100
PRADC1,100
PRAF2,89.25
PRAG1,98.31
PRAM1,98.47
PRAME,97.91
PRAMEF1,100
PRAMEF10,89.96
PRAMEF11,99.16
PRAMEF12,100
PRAMEF13,81.08
PRAMEF14,100
PRAMEF15,100
PRAMEF17,100
PRAMEF18,87.46
PRAMEF19,99.7
PRAMEF2,0
PRAMEF20,100
PRAMEF25,100
PRAMEF26,99.3
PRAMEF27,98.12
PRAMEF33,78.86
PRAMEF4,23.45
PRAMEF5,80.92
PRAMEF6,100
PRAMEF7,99.72
PRAMEF8,88.14
PRAMEF9,100
PRAMENP,100
PRAP1,100
PRB1,100
PRB2,100
PRB3,89.58
PRB4,100
PRC1,99.95
PRCC,100
PRCD,100
PRCP,100
PRDM1,100
PRDM10,100
PRDM11,100
PRDM12,82.5
PRDM13,83.46
PRDM14,100
PRDM15,94.27
PRDM16,100
PRDM2,97.43
PRDM4,100
PRDM5,97.57
PRDM6,73.21
PRDM7,100
PRDM8,81.97
PRDM8-AS1,95.79
PRDM9,100
PRDX1,100
PRDX2,99.5
PRDX3,100
PRDX4,87.57
PRDX5,100
PRDX6,100
PRDX6-AS1,100
PREB,100
PRELID1,100
PRELID2,100
PRELID3A,95.14
PRELID3B,100
PRELP,100
PREP,100
PREPL,100
PREX1,97.22
PREX2,99.74
PRF1,100
PRG2,100
PRG3,100
PRG4,100
PRH1,79.31
PRH2,93.61
PRICKLE1,99.96
PRICKLE2,100
PRICKLE2-DT,0
PRICKLE3,90.7
PRICKLE4,100
PRIM1,100
PRIM2,94.39
PRIMA1,100
PRIMPOL,100
PRKAA1,100
PRKAA2,100
PRKAB1,100
PRKAB2,100
PRKACA,99.76
PRKACB,98.29
PRKACG,100
PRKAG1,100
PRKAG2,89.72
PRKAG2-AS1,100
PRKAG3,100
PRKAR1A,99.55
PRKAR1B,100
PRKAR2A,100
PRKAR2B,100
PRKCA,100
PRKCB,99.28
PRKCD,100
PRKCE,91.98
PRKCG,100
PRKCH,100
PRKCI,100
PRKCQ,99.56
PRKCSH,99.83
PRKCZ,98.53
PRKD1,95.58
PRKD2,100
PRKD3,98.07
PRKDC,99.07
PRKG1,98.61
PRKG2,100
PRKN,97.9
PRKRA,100
PRKRIP1,100
PRKX,90.99
PRKY,77.22
PRL,100
PRLH,100
PRLHR,100
PRLR,100
PRM1,100
PRM2,99.35
PRM3,100
PRMT1,96.64
PRMT2,100
PRMT3,91.34
PRMT5,100
PRMT6,100
PRMT7,100
PRMT8,100
PRMT9,100
PRNCR1,100
PRND,100
PRNP,99.23
PROB1,91.08
PROC,99.75
PROCA1,100
PROCR,97.32
PRODH,60.79
PRODH2,100
PROK1,100
PROK2,100
PROKR1,100
PROKR2,100
PROM1,99.11
PROM2,100
PROP1,79.62
PRORP,98.46
PRORY,94.58
PROS1,95.16
PROSER1,100
PROSER2,65.29
PROSER3,100
PROX1,100
PROX2,100
PROZ,100
PRPF18,100
PRPF19,100
PRPF3,100
PRPF31,26.79
PRPF38A,100
PRPF38B,100
PRPF39,97.94
PRPF4,100
PRPF40A,100
PRPF40B,99.37
PRPF4B,100
PRPF6,100
PRPF8,97.39
PRPH,99.51
PRPH2,100
PRPS1,97.34
PRPS1L1,100
PRPS2,87.49
PRPSAP1,92.49
PRPSAP2,100
PRR11,100
PRR12,100
PRR13,93.19
PRR14,100
PRR14L,99.72
PRR15,98.46
PRR15L,100
PRR16,100
PRR18,59.8
PRR19,99.77
PRR20A,100
PRR20B,100
PRR20C,100
PRR20D,100
PRR20E,100
PRR20G,100
PRR22,98.05
PRR23A,100
PRR23B,100
PRR23C,100
PRR23D1,100
PRR23D2,98.81
PRR25,100
PRR27,94.78
PRR29,100
PRR3,0
PRR30,100
PRR32,93.65
PRR34,73.84
PRR35,100
PRR36,92.33
PRR4,70
PRR5,89.72
PRR5L,100
PRR7,78.06
PRR9,100
PRRC1,100
PRRC2A,10.57
PRRC2B,100
PRRC2C,100
PRRG1,100
PRRG2,100
PRRG3,94.85
PRRG4,92.24
PRRT1,0
PRRT1B,64.72
PRRT2,100
PRRT3,92.67
PRRT4,74.44
PRRX1,100
PRRX2,69.2
PRSS1,96.65
PRSS12,98.96
PRSS16,100
PRSS2,97.94
PRSS21,99.73
PRSS22,98.87
PRSS23,86.01
PRSS27,100
PRSS3,100
PRSS33,93.12
PRSS35,100
PRSS36,95.48
PRSS37,100
PRSS38,94.15
PRSS40A,100
PRSS40B,86.39
PRSS41,100
PRSS42P,100
PRSS43P,100
PRSS44P,100
PRSS45P,100
PRSS46P,100
PRSS47P,97.98
PRSS48,100
PRSS50,95.42
PRSS51,100
PRSS53,99.58
PRSS54,100
PRSS55,100
PRSS56,91.79
PRSS57,100
PRSS58,100
PRSS8,100
PRTFDC1,100
PRTG,100
PRTN3,100
PRUNE1,100
PRUNE2,99.84
PRX,100
PRXL2A,100
PRXL2B,89.18
PRXL2C,70.26
PRY,100
PRY2,100
PRYP3,100
PSAP,100
PSAPL1,100
PSAT1,94.35
PSCA,100
PSD,93.95
PSD2,100
PSD3,99.54
PSD4,99.37
PSEN1,93.35
PSEN2,100
PSENEN,98.62
PSG1,91.5
PSG10P,100
PSG11,97.33
PSG2,100
PSG3,100
PSG4,93.65
PSG5,100
PSG6,99.2
PSG7,94.68
PSG8,100
PSG9,95.11
PSIP1,99.94
PSKH1,99.13
PSKH2,100
PSMA1,100
PSMA2,100
PSMA3,94.15
PSMA4,100
PSMA5,100
PSMA6,100
PSMA7,78.72
PSMA8,100
PSMB1,100
PSMB10,100
PSMB11,100
PSMB2,100
PSMB3,94.5
PSMB4,100
PSMB5,100
PSMB6,100
PSMB7,100
PSMB8,13.35
PSMB8-AS1,0
PSMB9,20
PSMC1,100
PSMC2,100
PSMC3,100
PSMC3IP,100
PSMC4,100
PSMC5,100
PSMC6,100
PSMD1,100
PSMD10,86.34
PSMD11,100
PSMD12,100
PSMD13,85.63
PSMD14,91.96
PSMD2,100
PSMD3,99.82
PSMD4,99.1
PSMD5,100
PSMD6,100
PSMD7,100
PSMD8,100
PSMD9,100
PSME1,100
PSME2,100
PSME3,100
PSME3IP1,100
PSME4,99.82
PSMF1,100
PSMG1,100
PSMG2,100
PSMG3,100
PSMG4,100
PSORS1C1,22.45
PSORS1C3,100
PSPC1,92.81
PSPH,99.87
PSPN,82.01
PSRC1,100
PSTK,100
PSTPIP1,99.26
PSTPIP2,100
PTAFR,100
PTAR1,100
PTBP1,99.45
PTBP2,100
PTBP3,98.24
PTCD1,100
PTCD2,100
PTCD3,100
PTCH1,97.94
PTCH2,100
PTCHD1,97.41
PTCHD3,96.93
PTCHD4,100
PTCRA,100
PTDSS1,100
PTDSS2,88.25
PTEN,83.93
PTER,98.74
PTF1A,49.59
PTGDR,100
PTGDR2,87.79
PTGDS,100
PTGER1,46.82
PTGER2,100
PTGER3,99.26
PTGER4,92.89
PTGES,100
PTGES2,84.92
PTGES3,87.12
PTGES3L,100
PTGFR,100
PTGFRN,98.52
PTGIR,100
PTGIS,95.08
PTGR1,100
PTGR2,100
PTGR3,100
PTGS1,100
PTGS2,99.94
PTH,100
PTH1R,99.85
PTH2,82.51
PTH2R,100
PTHLH,100
PTK2,98.62
PTK2B,100
PTK6,100
PTK7,100
PTMA,64.94
PTMS,88.34
PTN,100
PTOV1,89.09
PTP4A1,100
PTP4A2,100
PTP4A3,100
PTPA,100
PTPDC1,100
PTPMT1,97.06
PTPN1,100
PTPN11,99.84
PTPN12,96.68
PTPN13,100
PTPN14,100
PTPN18,88.09
PTPN2,92.17
PTPN20,95.89
PTPN21,100
PTPN22,97.7
PTPN23,100
PTPN3,100
PTPN4,92.48
PTPN5,100
PTPN6,100
PTPN7,100
PTPN9,96.87
PTPRA,98.27
PTPRB,99.87
PTPRC,88.38
PTPRCAP,100
PTPRD,100
PTPRE,91.69
PTPRF,99.53
PTPRG,100
PTPRH,100
PTPRJ,90.08
PTPRK,96.46
PTPRM,99.2
PTPRN,99.23
PTPRN2,97.89
PTPRO,99.1
PTPRQ,99.09
PTPRR,100
PTPRS,96.63
PTPRT,98.08
PTPRU,97.96
PTPRZ1,99.32
PTRH1,100
PTRH2,100
PTRHD1,100
PTS,99.56
PTTG1,100
PTTG1IP,96.64
PTTG1IP2,98.41
PTTG2,100
PTX3,92.32
PTX4,100
PUDP,92.68
PUF60,97.22
PUM1,100
PUM2,97.32
PUM3,96.56
PURA,85.15
PURB,66.88
PURG,100
PUS1,96.48
PUS10,96.67
PUS3,100
PUS7,100
PUS7L,100
PUSL1,93.84
PVALB,80.74
PVALEF,100
PVR,100
PVRIG,99.6
PWP1,100
PWP2,79.82
PWRN1,100
PWWP2A,94.12
PWWP2B,96.02
PWWP3A,100
PWWP3B,100
PWWP4,94.54
PXDC1,96.48
PXDN,98.93
PXDNL,97.72
PXK,94.55
PXMP2,93.35
PXMP4,100
PXN,99.63
PXT1,100
PXYLP1,100
PYCARD,100
PYCR1,100
PYCR2,100
PYCR3,85.08
PYDC1,100
PYDC2,100
PYGB,100
PYGL,99.92
PYGM,100
PYGO1,100
PYGO2,95.95
PYHIN1,100
PYM1,100
PYROXD1,100
PYROXD2,100
PYURF,100
PYY,100
PYY2,100
PZP,99.54
QARS1,100
QDPR,98.95
QKI,100
QKILA,100
QPCT,100
QPCTL,100
QPRT,100
QRFP,100
QRFPR,100
QRICH1,100
QRICH2,100
QRSL1,100
QSER1,96.17
QSOX1,94.54
QSOX2,84.36
QTRT1,100
QTRT2,95.65
R3HCC1,100
R3HCC1L,99.88
R3HDM1,97.82
R3HDM2,100
R3HDM4,91.34
R3HDML,100
R3HDML-AS1,100
RAB10,100
RAB11A,100
RAB11B,100
RAB11FIP1,100
RAB11FIP2,100
RAB11FIP3,81.35
RAB11FIP4,88.81
RAB11FIP5,95.69
RAB12,64.18
RAB13,100
RAB14,100
RAB15,100
RAB17,100
RAB18,98.33
RAB19,100
RAB1A,100
RAB1B,100
RAB20,100
RAB21,97.35
RAB22A,100
RAB23,100
RAB24,100
RAB25,100
RAB26,83.17
RAB27A,99.02
RAB27B,100
RAB28,100
RAB29,100
RAB2A,87.5
RAB2B,100
RAB30,100
RAB31,100
RAB32,92.63
RAB33A,91.4
RAB33B,99.08
RAB34,100
RAB35,96.64
RAB36,100
RAB37,100
RAB38,100
RAB39A,100
RAB39B,99.7
RAB3A,100
RAB3B,100
RAB3C,100
RAB3D,100
RAB3GAP1,99.97
RAB3GAP2,98.22
RAB3IL1,99.4
RAB3IP,99.81
RAB40A,100
RAB40AL,99.28
RAB40B,94.39
RAB40C,100
RAB41,100
RAB42,70.74
RAB43,100
RAB44,100
RAB4A,96.35
RAB4B,100
RAB5A,100
RAB5B,100
RAB5C,100
RAB5IF,100
RAB6A,100
RAB6B,100
RAB6C,100
RAB6D,100
RAB7A,99.31
RAB7B,100
RAB8A,100
RAB8B,89.93
RAB9A,100
RAB9B,97.19
RABAC1,100
RABEP1,96.64
RABEP2,99.94
RABEPK,100
RABGAP1,100
RABGAP1L,99.01
RABGEF1,97.51
RABGGTA,100
RABGGTB,100
RABIF,100
RABL2A,100
RABL2B,100
RABL3,95.22
RABL6,100
RAC1,94.5
RAC2,100
RAC3,90.05
RACGAP1,100
RACK1,93.61
RAD1,100
RAD17,89.36
RAD18,100
RAD21,100
RAD21L1,100
RAD23A,100
RAD23B,90.8
RAD50,97.82
RAD51,100
RAD51AP1,100
RAD51AP2,99.11
RAD51B,100
RAD51C,100
RAD51D,99.93
RAD52,100
RAD54B,100
RAD54L,100
RAD54L2,100
RAD9A,100
RAD9B,100
RADIL,96.25
RADX,95.33
RAE1,100
RAET1E,100
RAET1E-AS1,100
RAET1G,100
RAET1L,100
RAF1,99.76
RAG1,99.97
RAG2,99.75
RAI1,99.95
RAI14,100
RAI2,89.58
RALA,99.91
RALB,100
RALBP1,100
RALGAPA1,95.09
RALGAPA2,97.38
RALGAPB,100
RALGDS,94.16
RALGPS1,100
RALGPS2,97.16
RALY,99.89
RALYL,96.66
RAMP1,100
RAMP2,82.14
RAMP3,100
RAN,88.81
RANBP1,99.13
RANBP10,99.19
RANBP17,97.43
RANBP2,99.31
RANBP3,100
RANBP3L,100
RANBP6,100
RANBP9,82.33
RANGAP1,100
RANGRF,100
RAP1A,100
RAP1B,89.08
RAP1GAP,95.27
RAP1GAP2,98.15
RAP1GDS1,97.18
RAP2A,97.7
RAP2B,100
RAP2C,99.64
RAPGEF1,98.65
RAPGEF2,100
RAPGEF3,99.55
RAPGEF4,97.94
RAPGEF5,91.08
RAPGEF6,100
RAPGEFL1,98.46
RAPH1,99.8
RAPSN,99.5
RARA,100
RARB,100
RARG,100
RARRES1,77.06
RARRES2,100
RARS1,99.95
RARS2,100
RASA1,98.41
RASA2,90.44
RASA3,100
RASA4,99.97
RASA4B,95.43
RASAL1,100
RASAL2,100
RASAL3,83.78
RASD1,95.63
RASD2,100
RASEF,97.09
RASGEF1A,98.8
RASGEF1B,92.64
RASGEF1C,100
RASGRF1,99.53
RASGRF2,100
RASGRP1,100
RASGRP2,100
RASGRP3,100
RASGRP4,100
RASIP1,78.04
RASL10A,96.7
RASL10B,98.64
RASL11A,100
RASL11B,100
RASL12,100
RASSF1,94
RASSF10,95.08
RASSF2,100
RASSF3,99.76
RASSF4,100
RASSF5,90.34
RASSF6,88.1
RASSF7,94.49
RASSF8,100
RASSF9,100
RAVER1,98.73
RAVER2,88.01
RAX,75.83
RAX2,100
RB1,89.78
RB1-DT,0
RB1CC1,96.57
RBAK,100
RBAK-RBAKDN,100
RBBP4,99.65
RBBP5,100
RBBP6,98.2
RBBP7,95.5
RBBP8,98.47
RBBP8NL,96.69
RBBP9,100
RBCK1,100
RBFA,99.52
RBFADN,100
RBFOX1,100
RBFOX2,89.82
RBFOX3,92.09
RBIS,100
RBKS,95.01
RBL1,100
RBL2,100
RBM10,86.49
RBM11,100
RBM12B,100
RBM14,98.55
RBM15,100
RBM15B,83.58
RBM17,97.97
RBM18,100
RBM19,100
RBM20,99.97
RBM22,98.21
RBM23,100
RBM24,100
RBM25,100
RBM26,100
RBM27,100
RBM28,100
RBM3,99.48
RBM33,100
RBM34,100
RBM38,96.21
RBM39,98.2
RBM4,100
RBM41,97.48
RBM42,98.82
RBM43,100
RBM44,100
RBM45,100
RBM46,100
RBM47,100
RBM48,95.04
RBM4B,100
RBM5,100
RBM6,100
RBM7,100
RBM8A,100
RBMS1,93.79
RBMS2,100
RBMS3,100
RBMX,100
RBMX2,100
RBMXL2,81.44
RBMY1A1,100
RBMY1B,100
RBMY1D,94.48
RBMY1E,86.39
RBMY1F,83.46
RBMY1J,100
RBP1,100
RBP2,100
RBP3,99.71
RBP4,97.57
RBP5,100
RBP7,100
RBPJ,100
RBPJL,100
RBPMS,100
RBPMS2,86.19
RBSN,100
RBX1,100
RC3H1,100
RC3H2,100
RCAN1,89.78
RCAN2,100
RCAN3,100
RCBTB1,100
RCBTB2,100
RCC1,100
RCC1L,83.37
RCC2,81.84
RCCD1,90.72
RCE1,89.49
RCHY1,100
RCL1,100
RCN1,97.2
RCN2,86.36
RCN3,100
RCOR1,79.37
RCOR2,100
RCOR3,100
RCSD1,100
RCVRN,100
RD3,100
RD3L,100
RDH10,100
RDH11,100
RDH12,100
RDH13,0
RDH14,80.12
RDH16,100
RDH5,98.55
RDH8,99.7
RDM1,90.57
RDX,98.49
REC114,100
REC8,100
RECK,100
RECQL,100
RECQL4,96.67
RECQL5,100
REELD1,100
REEP1,99.05
REEP2,100
REEP3,100
REEP4,100
REEP5,90.96
REEP6,100
REG1A,100
REG1B,100
REG3A,100
REG3G,100
REG4,100
REL,100
RELA,99.61
RELB,88.11
RELCH,99.56
RELL1,97.94
RELL2,100
RELN,99.17
RELT,91.4
REM1,100
REM2,100
REN,100
RENBP,87.11
RENO1,71.65
REP15,100
REPIN1,88.73
REPS1,100
REPS2,86.91
RER1,100
RERE,99.47
RERG,100
RERGL,100
RESF1,100
RESP18,100
REST,99.76
RET,99.68
RETN,100
RETNLB,100
RETREG1,90.28
RETREG1-AS1,0
RETREG2,92.45
RETREG3,100
RETSAT,100
REV1,100
REV3L,98.28
REX1BD,99.41
REXO1,96.4
REXO2,100
REXO4,100
REXO5,100
RFC1,100
RFC2,100
RFC3,99.79
RFC4,100
RFC5,98.29
RFESD,100
RFFL,100
RFK,100
RFLNA,100
RFLNB,98.62
RFNG,73.19
RFPL1,100
RFPL2,100
RFPL3,100
RFPL4A,100
RFPL4AL1,100
RFPL4B,100
RFT1,99.95
RFTN1,99.27
RFTN2,100
RFWD3,100
RFX1,89.74
RFX2,100
RFX3,99.52
RFX4,100
RFX5,99.95
RFX6,98.96
RFX7,99.24
RFX8,97.29
RFXANK,100
RFXAP,99.28
RGCC,88.16
RGL1,100
RGL2,26.66
RGL3,96.26
RGL4,100
RGMA,100
RGMB,90.69
RGN,96.67
RGP1,100
RGPD1,98.87
RGPD2,98.74
RGPD3,98.45
RGPD4,94.8
RGPD5,98.77
RGPD6,97.59
RGPD8,98.68
RGR,100
RGS1,100
RGS10,91.52
RGS11,96.59
RGS12,100
RGS13,100
RGS14,96.78
RGS16,100
RGS17,100
RGS18,100
RGS19,100
RGS2,100
RGS20,100
RGS21,100
RGS22,100
RGS3,100
RGS4,100
RGS5,100
RGS6,100
RGS7,100
RGS7BP,100
RGS8,100
RGS9,100
RGS9BP,84.04
RGSL1,100
RHAG,100
RHBDD1,100
RHBDD2,100
RHBDD3,100
RHBDF1,100
RHBDF2,99.85
RHBDL1,100
RHBDL2,100
RHBDL3,92.17
RHBG,100
RHCE,93.94
RHCG,99.86
RHD,95.21
RHEB,97.5
RHEBL1,100
RHEX,100
RHNO1,100
RHO,100
RHOA,100
RHOB,100
RHOBTB1,99.46
RHOBTB2,89.97
RHOBTB3,99.69
RHOC,100
RHOD,98.1
RHOF,100
RHOG,100
RHOH,100
RHOJ,100
RHOQ,100
RHOT1,100
RHOT2,100
RHOU,84.04
RHOV,90.86
RHOXF1,100
RHOXF1-AS1,100
RHOXF2,100
RHOXF2B,66.78
RHPN1,97.27
RHPN2,96.65
RIBC1,99.49
RIBC2,100
RIC1,100
RIC3,100
RIC8A,100
RIC8B,100
RICTOR,99.1
RIDA,100
RIF1,98.09
RIIAD1,100
RILP,66.5
RILPL1,100
RILPL2,100
RIMBP2,100
RIMBP3,86.99
RIMBP3B,87.15
RIMBP3C,79.61
RIMKLA,100
RIMKLB,100
RIMOC1,100
RIMS1,96.67
RIMS2,99.27
RIMS3,100
RIMS4,99.26
RIN1,98.73
RIN2,99.76
RIN3,98.44
RING1,0
RINL,100
RINT1,100
RIOK1,100
RIOK2,100
RIOK3,100
RIOX2,100
RIPK1,97.84
RIPK2,100
RIPK3,99.82
RIPK4,100
RIPOR1,100
RIPOR2,100
RIPOR3,100
RIPPLY1,98.03
RIPPLY2,100
RIPPLY3,81.85
RIT1,100
RIT2,100
RITA1,100
RLBP1,100
RLF,100
RLIM,95.04
RLN1,100
RLN2,100
RLN3,100
RMC1,96.6
RMDN1,100
RMDN2,100
RMDN3,100
RMI1,100
RMI2,77.15
RMND1,99.87
RMND5A,100
RMND5B,100
RMRP,100
RN7SKP175,100
RNA5SP18,100
RNASE1,100
RNASE10,100
RNASE11,100
RNASE12,100
RNASE2,100
RNASE3,100
RNASE4,100
RNASE6,100
RNASE9,100
RNASEH1,99.44
RNASEH2A,100
RNASEH2B,94.23
RNASEH2B-AS1,100
RNASEH2C,100
RNASEK,100
RNASEL,100
RNASET2,100
RND1,99.66
RND2,99.17
RND3,100
RNF10,100
RNF103,100
RNF11,100
RNF111,100
RNF112,100
RNF113A,100
RNF113B,100
RNF114,100
RNF115,97.21
RNF121,100
RNF122,100
RNF123,100
RNF125,100
RNF126,92.21
RNF128,100
RNF13,100
RNF130,91.32
RNF135,86.44
RNF138,97.97
RNF139,99.8
RNF14,100
RNF141,100
RNF144A,100
RNF144B,100
RNF145,100
RNF146,100
RNF149,96.48
RNF150,100
RNF151,100
RNF152,100
RNF157,100
RNF165,97.54
RNF166,92.49
RNF167,100
RNF168,100
RNF169,86.12
RNF17,99.79
RNF170,100
RNF175,96.21
RNF180,90.24
RNF181,100
RNF182,100
RNF183,100
RNF185,100
RNF186,100
RNF187,44.92
RNF19A,100
RNF19B,84.65
RNF2,100
RNF20,100
RNF207,98.8
RNF208,100
RNF212,100
RNF212B,100
RNF213,99.83
RNF214,97.16
RNF215,81.48
RNF216,94.61
RNF217,92.43
RNF220,100
RNF222,100
RNF223,100
RNF224,100
RNF225,56.26
RNF227,72.85
RNF24,92.89
RNF25,100
RNF26,100
RNF31,100
RNF32,100
RNF34,100
RNF38,100
RNF39,8.16
RNF4,100
RNF40,100
RNF41,100
RNF43,100
RNF44,100
RNF5,33.52
RNF6,100
RNF7,100
RNF8,100
RNFT1,100
RNFT1-DT,100
RNFT2,100
RNGTT,95.68
RNH1,93.61
RNLS,100
RNMT,98.02
RNPC3,100
RNPC3-DT,100
RNPEP,82.51
RNPEPL1,80.07
RNPS1,100
RNVU1-18,100
RO60,100
ROBO1,100
ROBO2,99.98
ROBO3,100
ROBO4,100
ROCK1,95.31
ROCK2,97.85
ROGDI,94.72
ROM1,99.72
ROMO1,100
ROPN1,100
ROPN1B,100
ROPN1L,100
ROR1,96.89
ROR2,99.84
RORA,98.72
RORB,100
RORC,100
ROS1,98.83
RP1,100
RP11-231C14.10,100
RP1L1,99.92
RP2,94.41
RP9,78.77
RPA1,100
RPA2,100
RPA3,100
RPAIN,100
RPAP1,99.95
RPAP2,96.52
RPAP3,96.45
RPE,100
RPE65,99.27
RPEL1,100
RPF1,100
RPF2,87.72
RPGR,83.8
RPGRIP1,100
RPGRIP1L,99.69
RPH3A,99.45
RPH3AL,90.34
RPIA,99.48
RPL10,89.61
RPL10A,100
RPL10L,100
RPL11,100
RPL12,100
RPL13,97.95
RPL13A,96.73
RPL14,100
RPL15,87.36
RPL17,100
RPL18,100
RPL18A,100
RPL19,100
RPL21,94.2
RPL22,100
RPL22L1,100
RPL23,100
RPL23A,98.72
RPL23AP53,100
RPL24,100
RPL26,100
RPL26L1,100
RPL27,100
RPL27A,100
RPL28,100
RPL29,100
RPL3,98.78
RPL30,100
RPL31,100
RPL32,100
RPL34,100
RPL35,100
RPL35A,100
RPL36,100
RPL36A,93.33
RPL36A-HNRNPH2,100
RPL36AL,100
RPL37,100
RPL37A,100
RPL38,100
RPL39,94.87
RPL39L,100
RPL3L,100
RPL4,100
RPL41,100
RPL5,100
RPL6,100
RPL7,100
RPL7A,100
RPL7L1,100
RPL8,99.71
RPL9,100
RPLP0,100
RPLP1,100
RPLP2,100
RPN1,100
RPN2,100
RPP14,100
RPP21,0
RPP25,90.5
RPP25L,100
RPP30,96.83
RPP38,100
RPP38-DT,100
RPP40,100
RPRD1A,100
RPRD1B,100
RPRD2,100
RPRM,97.88
RPRML,12.67
RPS10,100
RPS11,100
RPS12,100
RPS13,100
RPS14,100
RPS15,100
RPS15A,100
RPS16,100
RPS17,95.12
RPS18,33.33
RPS19,100
RPS19BP1,100
RPS2,100
RPS20,100
RPS21,100
RPS23,100
RPS24,100
RPS24P21,100
RPS25,100
RPS26,46.91
RPS27,100
RPS27A,100
RPS27L,100
RPS28,100
RPS29,100
RPS3,100
RPS3A,100
RPS4X,100
RPS4Y1,85.77
RPS4Y2,89.14
RPS5,89.23
RPS6,100
RPS6KA1,97.72
RPS6KA2,99.25
RPS6KA3,90.9
RPS6KA4,100
RPS6KA5,100
RPS6KA6,100
RPS6KB1,100
RPS6KB2,100
RPS6KC1,100
RPS6KL1,100
RPS7,100
RPS8,100
RPS9,38.76
RPSA,100
RPSAP58,90.83
RPTN,100
RPTOR,100
RPUSD1,100
RPUSD2,99.94
RPUSD3,100
RPUSD4,100
RRAD,80.22
RRAGA,100
RRAGB,100
RRAGC,100
RRAGC-DT,100
RRAGD,100
RRAS,89.86
RRAS2,92.24
RRBP1,100
RREB1,99.08
RRH,100
RRM1,99.96
RRM2,100
RRM2B,99.78
RRP1,100
RRP12,99.98
RRP15,100
RRP1B,100
RRP36,83.57
RRP7A,100
RRP8,100
RRP9,100
RRS1,100
RS1,100
RSAD1,94.58
RSAD2,100
RSBN1,100
RSBN1L,95.4
RSC1A1,100
RSF1,100
RSKR,100
RSL1D1,100
RSL24D1,100
RSPH1,100
RSPH10B,100
RSPH10B2,91.41
RSPH14,100
RSPH3,100
RSPH4A,100
RSPH6A,100
RSPH9,100
RSPO1,100
RSPO2,100
RSPO3,100
RSPO4,99.23
RSPRY1,100
RSRC1,94.59
RSRC2,99.06
RSRP1,100
RSU1,100
RTBDN,100
RTCA,100
RTCB,100
RTEL1,100
RTEL1-TNFRSF6B,100
RTF1,98.7
RTF2,100
RTKN,100
RTKN2,97.37
RTL1,100
RTL10,100
RTL3,95.66
RTL4,98.61
RTL6,100
RTL8A,100
RTL8B,94.74
RTL8C,100
RTL9,92.06
RTN1,93.42
RTN2,99.88
RTN3,100
RTN4,99.16
RTN4IP1,100
RTN4R,94.34
RTN4RL1,100
RTN4RL2,86.12
RTP1,100
RTP2,100
RTP3,100
RTP4,100
RTP5,97.64
RTRAF,100
RTTN,97.93
RUBCN,100
RUBCNL,100
RUFY1,88.89
RUFY2,96.84
RUFY3,85.27
RUFY4,100
RUNDC1,90.06
RUNDC3A,100
RUNDC3B,99.25
RUNX1,92.53
RUNX1T1,100
RUNX2,99.74
RUNX3,86.3
RUSC1,100
RUSC2,100
RUSF1,100
RUVBL1,100
RUVBL2,100
RWDD1,100
RWDD2A,100
RWDD2B,100
RWDD3,100
RWDD3-DT,100
RWDD4,100
RXFP1,100
RXFP2,100
RXFP3,99.29
RXFP4,100
RXRA,97.55
RXRB,12.39
RXRG,100
RXYLT1,96.62
RYBP,100
RYK,88.8
RYR1,97.2
RYR2,98.8
RYR3,99.79
S100A1,100
S100A10,100
S100A11,100
S100A12,100
S100A13,100
S100A14,100
S100A16,100
S100A2,100
S100A3,100
S100A4,100
S100A5,100
S100A6,100
S100A7,100
S100A7A,100
S100A7L2,100
S100A8,100
S100A9,100
S100B,100
S100P,100
S100PBP,100
S100Z,100
S1PR1,100
S1PR2,100
S1PR3,99.32
S1PR4,100
S1PR5,98.33
SAA1,100
SAA2,100
SAA4,100
SAAL1,100
SAC3D1,61.36
SACM1L,100
SACS,99.63
SAE1,100
SAFB,97.72
SAFB2,100
SAG,99.48
SAGE1,98.76
SALL1,100
SALL2,100
SALL3,36.3
SALL4,100
SALRNA1,100
SAMD1,52.5
SAMD10,99.32
SAMD11,72.2
SAMD12,100
SAMD13,100
SAMD14,95.46
SAMD15,100
SAMD3,99.84
SAMD4A,100
SAMD4B,100
SAMD5,84.71
SAMD7,100
SAMD8,91.72
SAMD9,100
SAMD9L,100
SAMHD1,98.15
SAMM50,100
SAMSN1,91.78
SANBR,97.4
SAP130,99.66
SAP18,88.58
SAP25,97.99
SAP30,73
SAP30BP,100
SAP30L,92.21
SAPCD1,14.34
SAPCD2,59.84
SAR1A,100
SAR1B,100
SARAF,100
SARDH,100
SARM1,88.38
SARNP,96.2
SARS1,100
SARS2,100
SART1,94.64
SART3,100
SASH1,99.73
SASH3,87.39
SASS6,95.85
SAT1,98.14
SAT2,100
SATB1,100
SATB2,100
SATL1,98.59
SAV1,100
SAXO1,100
SAXO2,100
SAYSD1,100
SBDS,100
SBF1,99.05
SBF2,98.85
SBK1,72.77
SBK2,100
SBK3,100
SBNO1,100
SBNO2,77.6
SBSN,100
SBSPON,75.9
SC5D,98.69
SCAF1,85.53
SCAF11,97.64
SCAF4,98.69
SCAF8,98.42
SCAI,99.49
SCAMP1,100
SCAMP2,100
SCAMP3,99.23
SCAMP4,100
SCAMP5,100
SCAND1,82.69
SCAP,99.58
SCAPER,97.57
SCARA3,99.64
SCARA5,98.96
SCARB1,99.79
SCARB2,89.13
SCARF1,76.37
SCARF2,75.93
SCART1,98.28
SCCPDH,96.2
SCD,100
SCD5,100
SCEL,91.89
SCFD1,90.93
SCFD2,100
SCG2,100
SCG3,96.23
SCG5,100
SCGB1A1,100
SCGB1C1,100
SCGB1C2,100
SCGB1D1,100
SCGB1D2,100
SCGB1D4,100
SCGB2A1,100
SCGB2A2,100
SCGB2B2,100
SCGB3A1,83.49
SCGB3A2,100
SCGN,100
SCHIP1,100
SCIMP,94.71
SCIN,100
SCLT1,100
SCLY,90.85
SCMH1,100
SCML1,98.99
SCML2,98.76
SCML4,100
SCN10A,100
SCN11A,99.69
SCN1A,99.95
SCN1A-AS1,59.09
SCN1B,94.97
SCN2A,97.69
SCN2B,100
SCN3A,100
SCN3B,100
SCN4A,99.91
SCN4B,99.32
SCN5A,99.65
SCN7A,96.32
SCN8A,100
SCN9A,100
SCNM1,100
SCNN1A,100
SCNN1B,100
SCNN1D,99.83
SCNN1G,100
SCO1,100
SCO2,100
SCOC,100
SCP2,100
SCP2D1,100
SCP2D1-AS1,100
SCPEP1,100
SCRG1,91.69
SCRIB,92.62
SCRN1,100
SCRN2,100
SCRN3,100
SCRT1,69.91
SCRT2,77.27
SCT,62.41
SCTR,100
SCUBE1,97.22
SCUBE2,95.88
SCUBE3,99
SCYGR1,100
SCYGR10,100
SCYGR2,100
SCYGR3,100
SCYGR4,100
SCYGR5,100
SCYGR6,100
SCYGR7,100
SCYGR8,99.69
SCYGR9,100
SCYL1,99.67
SCYL2,99.72
SCYL3,100
SDAD1,96.74
SDC1,87.68
SDC2,100
SDC3,91.53
SDC4,100
SDCBP,95
SDCBP2,100
SDCCAG8,100
SDE2,100
SDF2,100
SDF2L1,95.05
SDF4,100
SDHA,96.69
SDHAF1,98.6
SDHAF2,100
SDHAF3,100
SDHAF4,100
SDHB,100
SDHC,100
SDHD,98.51
SDK1,96.04
SDK2,100
SDR16C5,100
SDR39U1,100
SDR42E1,100
SDR42E2,100
SDR9C7,100
SDS,100
SDSL,96.41
SEBOX,100
SEC11A,91.89
SEC11C,100
SEC13,100
SEC14L1,100
SEC14L2,98.77
SEC14L3,100
SEC14L4,100
SEC14L5,99.38
SEC14L6,100
SEC16A,100
SEC16B,100
SEC22A,100
SEC22B,100
SEC22B2P,100
SEC22B3P,100
SEC22C,100
SEC23A,100
SEC23B,99.83
SEC23IP,100
SEC24A,97.28
SEC24B,95.18
SEC24C,100
SEC24D,99.34
SEC31A,97.54
SEC31B,100
SEC61A1,100
SEC61A2,100
SEC61B,100
SEC61G,100
SEC62,100
SEC63,99.4
SECISBP2,100
SECISBP2L,100
SECTM1,100
SEH1L,100
SEL1L,100
SEL1L2,92.56
SEL1L3,95.52
SELE,100
SELENBP1,100
SELENOF,100
SELENOH,100
SELENOI,95.69
SELENOK,100
SELENOM,100
SELENON,88.97
SELENOO,72.44
SELENOP,98.71
SELENOS,94.45
SELENOT,100
SELENOV,100
SELENOW,100
SELL,100
SELP,100
SELPLG,100
SEM1,100
SEMA3A,100
SEMA3B,100
SEMA3C,98.24
SEMA3D,97.03
SEMA3E,100
SEMA3F,84.24
SEMA3F-AS1,100
SEMA3G,100
SEMA4A,99.66
SEMA4B,95.44
SEMA4C,100
SEMA4D,100
SEMA4F,100
SEMA4G,100
SEMA5A,100
SEMA5B,100
SEMA6A,96.66
SEMA6B,76.22
SEMA6C,94.36
SEMA6D,100
SEMA7A,91.1
SEMG1,100
SEMG2,100
SENP1,100
SENP2,100
SENP3,99.51
SENP3-EIF4A1,100
SENP5,100
SENP6,99.01
SENP7,98.95
SENP8,100
SEPHS1,100
SEPHS2,100
SEPSECS,99.82
SEPTIN1,100
SEPTIN10,98.22
SEPTIN11,100
SEPTIN12,100
SEPTIN14,100
SEPTIN2,100
SEPTIN3,99.28
SEPTIN4,99.91
SEPTIN5,96.85
SEPTIN6,96.13
SEPTIN7,94.05
SEPTIN8,97.96
SEPTIN9,99.29
SEPTIN9-DT,100
SERAC1,98.24
SERBP1,86.47
SERF1A,100
SERF1B,100
SERF2,96.51
SERGEF,95.84
SERHL2,100
SERINC1,100
SERINC2,98.65
SERINC3,100
SERINC4,100
SERINC5,98.36
SERP1,100
SERP2,100
SERPINA1,91.22
SERPINA10,100
SERPINA11,100
SERPINA12,100
SERPINA2,100
SERPINA3,100
SERPINA4,100
SERPINA5,100
SERPINA6,96.42
SERPINA7,97.64
SERPINA9,100
SERPINB1,100
SERPINB10,100
SERPINB11,100
SERPINB12,100
SERPINB13,100
SERPINB2,100
SERPINB3,100
SERPINB4,100
SERPINB5,100
SERPINB6,95.44
SERPINB7,100
SERPINB8,100
SERPINB9,100
SERPINC1,100
SERPINE1,98.17
SERPINE2,100
SERPINE3,100
SERPINF1,99.92
SERPINF2,83.41
SERPING1,100
SERPINH1,100
SERPINI1,99.84
SERPINI2,100
SERTAD1,100
SERTAD2,100
SERTAD3,100
SERTAD4,100
SERTM1,100
SERTM2,100
SESN1,96.34
SESN2,100
SESN3,100
SESTD1,100
SET,89.87
SETBP1,100
SETD1A,99.9
SETD1B,98.63
SETD2,99.34
SETD3,100
SETD4,93.97
SETD5,100
SETD6,91.74
SETD7,100
SETD9,100
SETDB1,100
SETDB2,94.13
SETMAR,98.28
SETSIP,100
SETX,99.76
SEZ6,99.77
SEZ6L,98.89
SEZ6L2,97.29
SF1,86.82
SF3A1,100
SF3A2,100
SF3A3,100
SF3B1,100
SF3B2,100
SF3B3,100
SF3B4,100
SF3B5,100
SF3B6,100
SFI1,100
SFMBT1,88.22
SFMBT2,99.61
SFN,100
SFPQ,93.82
SFR1,100
SFRP1,93.71
SFRP2,100
SFRP4,100
SFRP5,85.74
SFSWAP,99.97
SFT2D1,100
SFT2D2,100
SFT2D3,0
SFTA2,0
SFTA3,100
SFTPA1,100
SFTPA2,98.66
SFTPB,93.88
SFTPC,100
SFTPD,100
SFXN1,100
SFXN2,100
SFXN3,100
SFXN4,100
SFXN5,100
SGCA,100
SGCB,95.63
SGCD,98.54
SGCE,96.49
SGCG,100
SGCZ,100
SGF29,100
SGIP1,98.25
SGK1,100
SGK2,100
SGK3,99.87
SGMS1,100
SGMS2,100
SGO1,100
SGO2,99.9
SGPL1,100
SGPP1,82.5
SGPP2,91.92
SGSH,95.63
SGSM1,100
SGSM2,100
SGSM3,100
SGTA,100
SGTB,100
SH2B1,97.33
SH2B2,72.62
SH2B3,81.5
SH2D1A,98.41
SH2D1B,100
SH2D2A,100
SH2D3A,100
SH2D3C,97.82
SH2D4A,100
SH2D4B,100
SH2D5,99.92
SH2D6,100
SH2D7,100
SH3BGR,100
SH3BGRL,100
SH3BGRL2,100
SH3BGRL3,100
SH3BP1,99.91
SH3BP2,91.82
SH3BP4,100
SH3BP5,100
SH3BP5L,100
SH3D19,96.62
SH3D21,99.3
SH3GL1,93.76
SH3GL2,100
SH3GL3,100
SH3GLB1,100
SH3GLB2,97.54
SH3KBP1,99.15
SH3PXD2A,100
SH3PXD2B,99.71
SH3RF1,100
SH3RF2,99.59
SH3RF3,84.42
SH3TC1,99.56
SH3TC2,99.58
SH3YL1,100
SHANK1,88.79
SHANK2,99.74
SHANK3,75.71
SHARPIN,89.09
SHB,63.81
SHBG,100
SHC1,100
SHC2,81.52
SHC3,87.9
SHC4,100
SHCBP1,100
SHCBP1L,100
SHD,100
SHE,91.59
SHF,78.27
SHFL,100
SHH,82.14
SHISA2,90.99
SHISA3,99.86
SHISA4,100
SHISA5,100
SHISA6,86.62
SHISA7,62.75
SHISA8,42.66
SHISA9,91.13
SHISAL1,100
SHISAL2A,95.72
SHISAL2B,100
SHKBP1,100
SHLD1,100
SHLD2,100
SHMT1,100
SHMT2,100
SHOC1,95.25
SHOC2,99.78
SHOX,71.34
SHOX2,100
SHPK,99.51
SHPRH,99.76
SHQ1,100
SHROOM1,80.24
SHROOM2,87.03
SHROOM3,99.98
SHROOM4,90.11
SHTN1,100
SI,97.54
SIAE,100
SIAH1,100
SIAH2,80.72
SIAH3,100
SIDT1,97.44
SIDT2,100
SIGIRR,100
SIGLEC1,99.71
SIGLEC10,100
SIGLEC11,100
SIGLEC12,100
SIGLEC14,44.08
SIGLEC15,63.44
SIGLEC16,100
SIGLEC5,97.68
SIGLEC6,100
SIGLEC7,100
SIGLEC8,100
SIGLEC9,100
SIGLECL1,100
SIGMAR1,96.78
SIK1,100
SIK2,100
SIK3,93.7
SIKE1,100
SIL1,99.72
SIM1,99.91
SIM2,80.98
SIMC1,95.7
SIN3A,100
SIN3B,96.72
SINHCAF,75.52
SIPA1,91.79
SIPA1L1,100
SIPA1L2,100
SIPA1L3,100
SIRPA,96.26
SIRPB1,60.34
SIRPB2,100
SIRPD,96.67
SIRPG,100
SIRT1,89.11
SIRT2,100
SIRT3,100
SIRT4,100
SIRT5,100
SIRT6,100
SIRT7,85.02
SIT1,100
SIVA1,100
SIX1,99.9
SIX2,100
SIX3,94.3
SIX4,96.17
SIX5,83.92
SIX6,100
SKA1,80.08
SKA2,100
SKA3,95.13
SKAP1,97.19
SKAP2,90.38
SKI,87.99
SKIDA1,88.45
SKIL,100
SKIV2L,12.14
SKOR1,83.36
SKOR2,71.68
SKP1,100
SKP2,100
SLA,100
SLA2,100
SLAIN1,80.95
SLAIN2,100
SLAMF1,100
SLAMF6,100
SLAMF7,100
SLAMF8,100
SLAMF9,99.66
SLBP,73.17
SLC10A1,100
SLC10A2,99.91
SLC10A3,73.45
SLC10A4,93.23
SLC10A5,100
SLC10A6,99.82
SLC10A7,100
SLC11A1,100
SLC11A2,99.9
SLC12A1,99.92
SLC12A2,90.83
SLC12A3,99.65
SLC12A4,95.65
SLC12A5,99.47
SLC12A6,99.97
SLC12A7,65.56
SLC12A8,100
SLC12A9,100
SLC13A1,100
SLC13A2,100
SLC13A3,96.62
SLC13A4,100
SLC13A5,100
SLC14A1,100
SLC14A2,100
SLC15A1,100
SLC15A2,100
SLC15A3,82.3
SLC15A4,77.77
SLC15A5,100
SLC16A1,99.94
SLC16A10,92.78
SLC16A11,100
SLC16A12,100
SLC16A13,100
SLC16A14,100
SLC16A2,99.26
SLC16A3,89.99
SLC16A4,100
SLC16A5,100
SLC16A6,99.56
SLC16A7,100
SLC16A8,83.7
SLC16A9,100
SLC17A1,100
SLC17A2,99.87
SLC17A3,100
SLC17A4,100
SLC17A5,100
SLC17A6,100
SLC17A7,98.68
SLC17A8,99.5
SLC17A9,93.92
SLC18A1,100
SLC18A2,98.64
SLC18A3,100
SLC18B1,100
SLC19A1,99.61
SLC19A2,99.74
SLC19A3,99.83
SLC1A1,99.94
SLC1A2,100
SLC1A3,100
SLC1A4,92.26
SLC1A5,98.52
SLC1A6,100
SLC1A7,98.76
SLC20A1,100
SLC20A2,99.47
SLC22A1,99.85
SLC22A10,100
SLC22A11,100
SLC22A12,99.21
SLC22A13,100
SLC22A14,100
SLC22A15,100
SLC22A16,100
SLC22A17,100
SLC22A18,86.28
SLC22A18AS,82.02
SLC22A2,100
SLC22A20P,98.91
SLC22A23,95.35
SLC22A24,100
SLC22A25,100
SLC22A3,88.84
SLC22A31,85.34
SLC22A4,100
SLC22A5,100
SLC22A6,100
SLC22A7,100
SLC22A8,100
SLC22A9,100
SLC23A1,100
SLC23A2,100
SLC23A3,100
SLC24A1,99.97
SLC24A2,100
SLC24A3,97.58
SLC24A4,100
SLC24A5,100
SLC25A1,84.64
SLC25A10,93.41
SLC25A11,100
SLC25A12,99.07
SLC25A13,99.72
SLC25A14,99.91
SLC25A15,99.15
SLC25A16,100
SLC25A17,100
SLC25A18,100
SLC25A19,100
SLC25A2,100
SLC25A20,100
SLC25A21,100
SLC25A22,100
SLC25A23,100
SLC25A24,100
SLC25A25,97.47
SLC25A26,100
SLC25A27,100
SLC25A28,89.92
SLC25A29,97.79
SLC25A3,100
SLC25A30,100
SLC25A31,94.8
SLC25A32,100
SLC25A33,94.41
SLC25A34,100
SLC25A35,100
SLC25A36,97.61
SLC25A37,100
SLC25A38,100
SLC25A39,100
SLC25A4,100
SLC25A40,100
SLC25A41,100
SLC25A42,100
SLC25A43,89.28
SLC25A44,100
SLC25A45,91.34
SLC25A46,100
SLC25A47,99.35
SLC25A48,100
SLC25A5,79.38
SLC25A51,100
SLC25A52,100
SLC25A53,81.95
SLC25A6,93.42
SLC26A1,100
SLC26A10,100
SLC26A11,100
SLC26A2,99.7
SLC26A3,99.96
SLC26A4,96.95
SLC26A4-AS1,100
SLC26A5,100
SLC26A6,100
SLC26A7,96.83
SLC26A8,100
SLC26A9,100
SLC27A1,98.58
SLC27A2,100
SLC27A3,80.87
SLC27A4,100
SLC27A5,100
SLC27A6,100
SLC28A1,99.96
SLC28A2,100
SLC28A3,100
SLC29A1,95.56
SLC29A2,100
SLC29A3,97.96
SLC29A4,100
SLC2A1,99.77
SLC2A1-DT,100
SLC2A10,99.64
SLC2A11,85.84
SLC2A12,100
SLC2A13,91.34
SLC2A14,100
SLC2A2,99.76
SLC2A3,100
SLC2A4,100
SLC2A4RG,78.44
SLC2A5,99.1
SLC2A6,100
SLC2A7,100
SLC2A8,87.92
SLC2A9,99.97
SLC30A1,100
SLC30A10,100
SLC30A2,100
SLC30A3,100
SLC30A4,100
SLC30A5,100
SLC30A6,95.81
SLC30A7,100
SLC30A8,100
SLC30A9,94.64
SLC31A1,99.83
SLC31A2,100
SLC32A1,100
SLC33A1,99.89
SLC34A1,100
SLC34A2,100
SLC34A3,100
SLC35A1,100
SLC35A2,98.86
SLC35A3,89.97
SLC35A4,100
SLC35A5,100
SLC35B1,100
SLC35B2,100
SLC35B3,100
SLC35B4,100
SLC35C1,100
SLC35C2,100
SLC35D1,92.79
SLC35D2,88.6
SLC35D3,96.24
SLC35E1,66.82
SLC35E2A,100
SLC35E2B,100
SLC35E3,100
SLC35E4,100
SLC35F1,85.9
SLC35F2,100
SLC35F3,100
SLC35F4,100
SLC35F5,97.71
SLC35F6,100
SLC35G1,97.1
SLC35G2,100
SLC35G3,100
SLC35G4,100
SLC35G5,100
SLC35G6,100
SLC36A1,100
SLC36A2,100
SLC36A3,100
SLC36A4,100
SLC37A1,99.81
SLC37A2,100
SLC37A3,100
SLC37A4,95.32
SLC38A1,100
SLC38A10,100
SLC38A11,100
SLC38A2,100
SLC38A3,100
SLC38A4,100
SLC38A5,81.8
SLC38A6,95.69
SLC38A7,100
SLC38A8,100
SLC38A9,100
SLC39A1,100
SLC39A10,95.55
SLC39A11,91.94
SLC39A12,100
SLC39A13,99.93
SLC39A14,100
SLC39A2,100
SLC39A3,100
SLC39A4,100
SLC39A5,100
SLC39A6,100
SLC39A7,4.02
SLC39A8,99.81
SLC39A9,100
SLC3A1,100
SLC3A2,100
SLC40A1,99.94
SLC41A1,100
SLC41A2,100
SLC41A3,100
SLC43A1,100
SLC43A2,89.71
SLC43A3,100
SLC44A1,98.45
SLC44A2,100
SLC44A3,100
SLC44A4,19.76
SLC44A5,100
SLC45A1,99.54
SLC45A2,97.65
SLC45A3,100
SLC45A4,100
SLC46A1,99.2
SLC46A2,100
SLC46A3,99.28
SLC47A1,100
SLC47A2,100
SLC48A1,84.37
SLC49A3,98.87
SLC49A4,95.41
SLC4A1,99.97
SLC4A10,100
SLC4A11,98.69
SLC4A1AP,100
SLC4A2,100
SLC4A3,99.78
SLC4A4,99.75
SLC4A5,98.59
SLC4A7,100
SLC4A8,100
SLC4A9,99.13
SLC50A1,100
SLC51A,100
SLC51B,100
SLC52A1,100
SLC52A2,100
SLC52A3,100
SLC5A1,99.9
SLC5A10,100
SLC5A11,100
SLC5A12,100
SLC5A2,98.92
SLC5A4,100
SLC5A4-AS1,100
SLC5A5,99.95
SLC5A6,100
SLC5A7,100
SLC5A8,94.7
SLC5A9,100
SLC66A1,100
SLC66A1L,97.16
SLC66A2,100
SLC66A3,97.65
SLC6A1,100
SLC6A11,94.61
SLC6A12,100
SLC6A13,100
SLC6A14,99.95
SLC6A15,100
SLC6A16,100
SLC6A17,100
SLC6A18,99.84
SLC6A19,100
SLC6A2,100
SLC6A20,99.79
SLC6A3,76.27
SLC6A4,99.8
SLC6A5,100
SLC6A6,99.29
SLC6A7,98.97
SLC6A8,72.34
SLC6A9,99.71
SLC7A1,100
SLC7A10,94.52
SLC7A11,100
SLC7A13,99.93
SLC7A14,100
SLC7A14-AS1,100
SLC7A2,99.42
SLC7A3,93.71
SLC7A4,100
SLC7A5,98
SLC7A6,100
SLC7A6OS,100
SLC7A7,100
SLC7A8,100
SLC7A9,99.88
SLC8A1,99.53
SLC8A2,96.57
SLC8A3,100
SLC8B1,100
SLC9A1,97.96
SLC9A2,100
SLC9A3,80.45
SLC9A3R1,100
SLC9A3R2,88.44
SLC9A4,100
SLC9A5,98.66
SLC9A6,98.65
SLC9A7,85.84
SLC9A8,100
SLC9A9,100
SLC9B1,90.83
SLC9B2,100
SLC9C1,85.79
SLC9C2,87.17
SLCO1A2,100
SLCO1B1,98.96
SLCO1B3,94.42
SLCO1B3-SLCO1B7,93.66
SLCO1C1,100
SLCO2A1,97.06
SLCO2B1,100
SLCO3A1,100
SLCO4A1,100
SLCO4C1,99.72
SLCO5A1,100
SLCO6A1,100
SLF1,100
SLF2,100
SLFN11,100
SLFN12,100
SLFN12L,100
SLFN13,100
SLFN14,100
SLFN5,100
SLFNL1,100
SLIRP,100
SLIT1,100
SLIT2,99.92
SLIT3,99.04
SLITRK1,99.54
SLITRK2,92.45
SLITRK3,100
SLITRK4,99.72
SLITRK5,100
SLITRK6,100
SLK,100
SLMAP,100
SLN,100
SLPI,100
SLTM,94.18
SLU7,100
SLURP1,100
SLURP2,100
SLX1A,100
SLX1B,94.44
SLX4,99.8
SLX4IP,99.87
SLX9,96.58
SMAD1,100
SMAD2,100
SMAD3,99.25
SMAD4,99.29
SMAD5,100
SMAD6,56.51
SMAD7,86.79
SMAD9,99.69
SMAGP,100
SMAP1,94
SMAP2,100
SMARCA1,99.41
SMARCA2,97.33
SMARCA4,99.62
SMARCA5,99.87
SMARCAD1,97.77
SMARCAL1,100
SMARCAL1-AS1,33.33
SMARCB1,84.32
SMARCC1,98.22
SMARCC2,99.89
SMARCD1,100
SMARCD2,87.44
SMARCD3,87.26
SMARCE1,99.51
SMC1A,94.93
SMC1B,94.61
SMC2,97.26
SMC3,99.89
SMC4,99.15
SMC5,100
SMC6,95.92
SMCHD1,98.6
SMCO1,100
SMCO2,100
SMCO3,100
SMCO4,100
SMCP,100
SMCR8,100
SMDT1,20.99
SMG1,97.59
SMG1P7,100
SMG5,100
SMG6,100
SMG7,100
SMG8,100
SMG9,100
SMIM1,100
SMIM10,100
SMIM10L1,0
SMIM10L2A,51.05
SMIM10L2B,67.09
SMIM11,100
SMIM12,100
SMIM13,100
SMIM14,100
SMIM15,100
SMIM17,100
SMIM19,98.75
SMIM2,100
SMIM20,100
SMIM21,100
SMIM22,100
SMIM23,100
SMIM24,100
SMIM26,100
SMIM27,100
SMIM28,100
SMIM29,100
SMIM3,100
SMIM30,100
SMIM31,100
SMIM32,77.24
SMIM33,100
SMIM34,100
SMIM35,100
SMIM36,100
SMIM38,100
SMIM4,100
SMIM40,0
SMIM41,22.7
SMIM42,100
SMIM43,100
SMIM44,100
SMIM45,98.87
SMIM7,100
SMIM8,100
SMIM9,100
SMKR1,100
SMLR1,100
SMN1,92.08
SMN2,92.09
SMNDC1,100
SMO,90.55
SMOC1,100
SMOC2,98.72
SMOX,100
SMPD1,100
SMPD2,98.57
SMPD3,100
SMPD4,100
SMPD5,89.51
SMPDL3A,100
SMPDL3B,100
SMPX,98.54
SMR3A,100
SMR3B,100
SMS,64.84
SMTN,100
SMTNL1,100
SMTNL2,71.21
SMU1,100
SMUG1,97.4
SMURF1,100
SMURF2,95.96
SMYD1,100
SMYD2,98.62
SMYD3,100
SMYD4,96.66
SMYD5,100
SNAI1,100
SNAI2,99.4
SNAI3,97.04
SNAP23,100
SNAP25,100
SNAP29,99.4
SNAP47,100
SNAP91,98.94
SNAPC1,100
SNAPC2,93.19
SNAPC3,100
SNAPC4,100
SNAPC5,100
SNAPIN,100
SNCA,96.21
SNCAIP,100
SNCB,100
SNCG,100
SND1,100
SNED1,95.69
SNF8,100
SNHG14,100
SNHG16,100
SNHG28,100
SNHG32,46.93
SNHG6,100
SNIP1,100
SNN,100
SNORC,100
SNPH,94.46
SNRK,100
SNRNP200,99.89
SNRNP25,100
SNRNP27,100
SNRNP35,100
SNRNP40,100
SNRNP48,89.3
SNRNP70,100
SNRPA,100
SNRPA1,100
SNRPA1-DT,100
SNRPB,100
SNRPB2,77.43
SNRPC,100
SNRPD1,100
SNRPD2,100
SNRPD3,100
SNRPE,100
SNRPF,100
SNRPG,93.43
SNRPN,100
SNTA1,79.87
SNTB1,89.59
SNTB2,77.38
SNTG1,99.02
SNTG2,98.68
SNTN,100
SNU13,100
SNUPN,100
SNURF,100
SNW1,100
SNX1,100
SNX10,100
SNX11,100
SNX12,84.58
SNX13,99.38
SNX14,97.18
SNX15,100
SNX16,100
SNX17,100
SNX18,90.49
SNX19,99.63
SNX2,100
SNX20,90.79
SNX21,99.78
SNX22,88.57
SNX24,100
SNX25,87.18
SNX27,100
SNX29,99.76
SNX3,100
SNX30,98.34
SNX31,100
SNX32,100
SNX33,99.79
SNX4,99.65
SNX5,100
SNX6,96.13
SNX7,83.95
SNX8,93.82
SNX9,99.34
SOAT1,100
SOAT2,100
SOBP,81.43
SOCS1,81.13
SOCS2,100
SOCS3,100
SOCS4,100
SOCS5,100
SOCS6,100
SOCS6P1,100
SOCS7,79.21
SOD1,100
SOD2,99.91
SOD3,65.42
SOGA1,86.54
SOGA3,96.1
SOHLH1,100
SOHLH2,97.42
SON,99.29
SORBS1,100
SORBS2,100
SORBS3,97.87
SORCS1,97.09
SORCS2,89.6
SORCS3,94.42
SORD,89.5
SORL1,98.55
SORT1,87.93
SOS1,99.74
SOS2,100
SOST,79.51
SOSTDC1,100
SOWAHA,63.03
SOWAHB,91.02
SOWAHC,77.31
SOWAHD,42.09
SOX1,27.13
SOX1-OT,100
SOX11,95.93
SOX12,74.26
SOX13,100
SOX14,100
SOX15,100
SOX17,95.26
SOX18,23.46
SOX2,94.44
SOX21,53.79
SOX3,52.53
SOX30,100
SOX4,56.35
SOX5,100
SOX6,100
SOX7,100
SOX8,75.02
SOX9,94.61
SP1,100
SP100,100
SP110,99.87
SP140,100
SP140L,97.77
SP2,100
SP2-AS1,52.05
SP3,94.1
SP4,98.85
SP5,75.42
SP6,100
SP7,99.92
SP8,81.01
SP9,81.79
SPA17,100
SPAAR,100
SPACA1,100
SPACA3,100
SPACA5,89.58
SPACA5B,100
SPACA6,100
SPACA7,100
SPACA9,100
SPACDR,100
SPAG1,87.37
SPAG11A,95.39
SPAG11B,97.1
SPAG16,99.02
SPAG16-DT,100
SPAG17,98.7
SPAG4,100
SPAG5,100
SPAG6,100
SPAG7,100
SPAG8,100
SPAG9,100
SPAM1,100
SPANXA1,57.14
SPANXA2,73.47
SPANXA2-OT1,100
SPANXB1,100
SPANXC,70.75
SPANXD,100
SPANXN1,65.75
SPANXN2,100
SPANXN3,82.04
SPANXN4,100
SPANXN5,100
SPARC,100
SPARCL1,100
SPART,99.51
SPAST,94.34
SPATA1,100
SPATA12,100
SPATA13,100
SPATA16,100
SPATA17,100
SPATA18,99.82
SPATA19,100
SPATA2,100
SPATA20,97.13
SPATA21,99.82
SPATA22,95.56
SPATA24,100
SPATA25,100
SPATA2L,83.64
SPATA3,100
SPATA3-AS1,94.05
SPATA31A1,99.47
SPATA31A3,100
SPATA31A5,96.82
SPATA31A6,73.04
SPATA31A7,99.95
SPATA31C1,100
SPATA31C2,100
SPATA31D1,100
SPATA31D3,100
SPATA31D4,100
SPATA31E1,100
SPATA32,100
SPATA33,98.42
SPATA4,100
SPATA45,93.27
SPATA46,100
SPATA48,100
SPATA5,97.96
SPATA5L1,93.44
SPATA6,97.65
SPATA6L,100
SPATA7,99.95
SPATA8,100
SPATA9,100
SPATC1,100
SPATC1L,93.14
SPATS1,100
SPATS2,100
SPATS2L,97.21
SPC24,100
SPC25,81.48
SPCS1,100
SPCS2,97.56
SPCS3,85.82
SPDEF,100
SPDL1,100
SPDYA,100
SPDYC,100
SPDYE1,100
SPDYE10,100
SPDYE12,100
SPDYE13,100
SPDYE14,100
SPDYE15,100
SPDYE16,40.24
SPDYE18,100
SPDYE2,100
SPDYE21,100
SPDYE2B,100
SPDYE3,99.65
SPDYE4,100
SPDYE5,100
SPDYE6,100
SPDYE7P,100
SPDYE8,100
SPDYE9,100
SPECC1,100
SPECC1L,96.05
SPECC1L-ADORA2A,100
SPEF1,100
SPEF2,100
SPEG,90.79
SPEM1,100
SPEM2,100
SPEM3,100
SPEN,99.37
SPG11,100
SPG21,99.47
SPG7,95.8
SPHK1,100
SPHK2,99.71
SPHKAP,100
SPI1,98.4
SPIB,100
SPIC,100
SPICE1,100
SPIDR,98.99
SPIN1,100
SPIN2A,99.67
SPIN2B,100
SPIN3,99.82
SPIN4,100
SPINDOC,100
SPINK1,100
SPINK13,82.81
SPINK14,100
SPINK2,100
SPINK4,100
SPINK5,100
SPINK6,100
SPINK7,90.26
SPINK8,87.75
SPINK9,100
SPINT1,98.99
SPINT2,100
SPINT3,100
SPINT4,100
SPIRE1,85.46
SPIRE2,94.9
SPN,99.12
SPNS1,99.85
SPNS2,85.04
SPNS3,100
SPO11,91.42
SPOCD1,99.45
SPOCK1,96.29
SPOCK2,100
SPOCK3,100
SPON1,100
SPON2,98.26
SPOP,100
SPOPL,100
SPOUT1,100
SPP1,100
SPP2,100
SPPL2A,100
SPPL2B,94.87
SPPL2C,84.48
SPPL3,100
SPR,85.07
SPRED1,98.76
SPRED2,100
SPRED3,90.05
SPRING1,91.53
SPRN,48.68
SPRR1A,100
SPRR1B,100
SPRR2A,100
SPRR2B,100
SPRR2D,100
SPRR2E,100
SPRR2F,100
SPRR2G,100
SPRR3,100
SPRR4,100
SPRTN,99.43
SPRY1,100
SPRY2,100
SPRY3,100
SPRY4,100
SPRYD3,100
SPRYD4,100
SPRYD7,100
SPSB1,100
SPSB2,100
SPSB3,100
SPSB4,100
SPTA1,100
SPTAN1,99.77
SPTB,100
SPTBN1,99.97
SPTBN2,99.79
SPTBN4,88.09
SPTBN5,97.61
SPTLC1,99.77
SPTLC2,98.84
SPTLC3,100
SPTSSA,93.52
SPTSSB,100
SPTY2D1,100
SPTY2D1OS,100
SPX,100
SPZ1,100
SQLE,100
SQOR,100
SQSTM1,94.4
SRA1,100
SRARP,100
SRBD1,100
SRC,84.65
SRCAP,100
SRCIN1,77.83
SRD5A1,100
SRD5A2,100
SRD5A3,99.5
SREBF1,98.15
SREBF2,100
SREK1,100
SREK1IP1,84.4
SRF,84.28
SRFBP1,100
SRGAP1,99.15
SRGAP2,100
SRGAP2B,100
SRGAP2C,100
SRGAP3,99.36
SRGN,100
SRI,100
SRL,100
SRM,89.75
SRMS,100
SRP14,100
SRP19,99.8
SRP54,100
SRP68,99.89
SRP72,98.08
SRP9,100
SRPK1,96.18
SRPK2,99.43
SRPK3,79.48
SRPRA,100
SRPRB,100
SRPX,88.85
SRPX2,95.19
SRR,100
SRRD,87.51
SRRM1,98.43
SRRM2,100
SRRM3,62.51
SRRM4,100
SRRM5,100
SRRT,100
SRSF1,100
SRSF10,100
SRSF11,100
SRSF12,100
SRSF2,98.5
SRSF3,100
SRSF4,100
SRSF5,100
SRSF6,99.93
SRSF7,100
SRSF8,95.76
SRSF9,98.52
SRXN1,49.28
SRY,91.38
SS18,100
SS18L1,95.19
SS18L2,100
SSB,96.5
SSBP1,100
SSBP2,100
SSBP3,95.3
SSBP4,84.49
SSC4D,90.85
SSC5D,99.73
SSH1,98.1
SSH2,100
SSH3,91.13
SSMEM1,100
SSNA1,100
SSPN,98.22
SSPOP,98.45
SSR1,100
SSR2,100
SSR3,100
SSR4,86.76
SSRP1,100
SST,100
SSTR1,100
SSTR2,100
SSTR3,100
SSTR4,99.14
SSTR5,100
SSU72,92.1
SSU72P2,100
SSU72P3,100
SSU72P4,100
SSU72P5,100
SSU72P7,100
SSU72P8,100
SSUH2,100
SSX1,75.49
SSX2,100
SSX2B,99.3
SSX2IP,100
SSX3,84.81
SSX4,100
SSX4B,88.13
SSX5,83.38
SSX7,77.07
ST13,100
ST14,99.42
ST18,100
ST20,100
ST3GAL1,100
ST3GAL2,100
ST3GAL3,100
ST3GAL4,100
ST3GAL5,93.03
ST3GAL6,100
ST6GAL1,98.71
ST6GAL2,94.62
ST6GALNAC1,100
ST6GALNAC2,97.35
ST6GALNAC3,99.39
ST6GALNAC4,100
ST6GALNAC4-ST6GALNAC6-AK1,100
ST6GALNAC5,98.12
ST6GALNAC6,100
ST7,99.42
ST7L,94.82
ST8SIA1,100
ST8SIA2,99.92
ST8SIA3,100
ST8SIA4,100
ST8SIA5,100
ST8SIA5-DT,100
ST8SIA6,76.85
STAB1,99.89
STAB2,100
STAC,100
STAC2,100
STAC3,100
STAG1,98.12
STAG2,97.46
STAG3,100
STAG3L3,100
STAG3L5P-PVRIG2P-PILRB,100
STAM,100
STAM2,100
STAMBP,100
STAMBPL1,100
STAP1,100
STAP2,100
STAR,99.09
STARD10,100
STARD13,100
STARD3,100
STARD3NL,100
STARD4,93.31
STARD4-AS1,100
STARD5,100
STARD6,100
STARD7,93.27
STARD8,82.73
STARD9,100
STAT1,96.44
STAT2,100
STAT3,99.88
STAT4,99.96
STAT5A,100
STAT5B,100
STAT6,100
STATH,100
STAU1,100
STAU2,100
STBD1,100
STC1,100
STC2,100
STEAP1,100
STEAP1B,100
STEAP2,100
STEAP3,100
STEAP4,100
STEEP1,97.61
STIL,99.95
STIM1,100
STIM2,94
STIMATE,96.1
STIMATE-MUSTN1,100
STING1,100
STIP1,100
STK10,99.95
STK11,99.39
STK11IP,100
STK16,100
STK17A,88.35
STK17B,100
STK19,22.85
STK24,96.45
STK25,98.93
STK26,99.7
STK3,100
STK31,100
STK32A,100
STK32B,94.44
STK32C,89.35
STK33,94.24
STK35,92.27
STK36,100
STK38,100
STK38L,100
STK39,86.02
STK4,100
STK40,99.93
STKLD1,100
STMN1,100
STMN2,100
STMN3,86.43
STMN4,100
STMND1,100
STMP1,100
STN1,100
STOM,100
STOML1,100
STOML2,100
STOML3,100
STON1,100
STON1-GTF2A1L,100
STON2,100
STOX1,80.46
STOX2,98.95
STPG1,100
STPG2,94.06
STPG3,100
STPG3-AS1,100
STPG4,100
STRA6,100
STRA8,99.85
STRADA,100
STRADB,100
STRAP,100
STRBP,100
STRC,100
STRIP1,97.76
STRIP2,100
STRIT1,100
STRN,96.42
STRN3,98.71
STRN4,87.61
STS,93.8
STT3A,100
STT3B,92.93
STUB1,96.48
STUM,87.82
STX10,100
STX11,99.1
STX12,100
STX16,99.81
STX17,98.09
STX18,100
STX1A,97.64
STX1B,100
STX2,97.86
STX3,100
STX4,100
STX5,100
STX5-DT,100
STX6,100
STX7,100
STX8,100
STXBP1,100
STXBP2,97.01
STXBP3,100
STXBP4,100
STXBP5,99.73
STXBP5L,99.97
STXBP6,100
STYK1,100
STYX,90.92
STYXL1,100
STYXL2,100
SUB1,100
SUCLA2,99.55
SUCLG1,100
SUCLG2,99.42
SUCNR1,100
SUCO,98.71
SUDS3,92.55
SUFU,99.07
SUGCT,100
SUGP1,100
SUGP2,99.16
SUGT1,93.05
SULF1,100
SULF2,100
SULT1A1,100
SULT1A2,100
SULT1A3,100
SULT1A4,100
SULT1B1,100
SULT1C2,100
SULT1C3,96.28
SULT1C4,100
SULT1E1,96.93
SULT2A1,100
SULT2B1,100
SULT4A1,95.61
SULT6B1,100
SUMF1,99.81
SUMF2,98.84
SUMO1,99.08
SUMO2,100
SUMO3,95.98
SUMO4,100
SUN1,99.26
SUN2,100
SUN3,100
SUN5,100
SUOX,100
SUPT16H,100
SUPT20H,96.38
SUPT20HL1,98.05
SUPT20HL2,99.45
SUPT3H,96.71
SUPT4H1,100
SUPT5H,100
SUPT6H,100
SUPT7L,100
SUPV3L1,99.71
SURF1,94.03
SURF2,100
SURF4,95.12
SURF6,96.7
SUSD1,95.9
SUSD2,100
SUSD3,95.18
SUSD4,98.31
SUSD5,99.68
SUSD6,100
SUV39H1,96.2
SUV39H2,100
SUZ12,92.98
SV2A,100
SV2B,100
SV2C,100
SVBP,100
SVEP1,99.92
SVIL,100
SVIP,93.17
SVOP,100
SVOPL,100
SWAP70,100
SWI5,100
SWSAP1,100
SWT1,93.46
SYAP1,93.67
SYBU,100
SYCE1,100
SYCE1L,100
SYCE2,100
SYCE3,100
SYCN,100
SYCP1,77.79
SYCP2,96.92
SYCP2L,98.98
SYCP3,100
SYDE1,97.99
SYDE2,92.05
SYF2,100
SYK,100
SYMPK,100
SYN1,85.08
SYN2,87.53
SYN3,99.96
SYNC,96.57
SYNCRIP,100
SYNDIG1,87.76
SYNDIG1L,100
SYNE1,99.53
SYNE2,99.81
SYNE3,100
SYNE4,100
SYNGAP1,88.53
SYNGR1,100
SYNGR2,89.88
SYNGR3,93.64
SYNGR4,100
SYNJ1,100
SYNJ2,98.31
SYNJ2BP,100
SYNM,84.84
SYNPO,91.82
SYNPO2,100
SYNPO2L,100
SYNPR,100
SYNRG,98.3
SYP,84.44
SYPL1,98.85
SYPL2,98.68
SYS1,100
SYT1,100
SYT10,100
SYT11,100
SYT12,100
SYT13,100
SYT14,100
SYT15,96.44
SYT15B,97.35
SYT16,100
SYT17,100
SYT2,100
SYT3,100
SYT4,100
SYT5,100
SYT6,94.48
SYT7,98.03
SYT8,100
SYT9,100
SYTL1,91.69
SYTL2,100
SYTL3,100
SYTL4,99.32
SYTL5,100
SYVN1,100
SZRD1,97.34
SZT2,99.75
TAAR1,100
TAAR2,100
TAAR5,100
TAAR6,100
TAAR8,100
TAAR9,100
TAB1,100
TAB2,100
TAB3,99.26
TAC1,93.85
TAC3,100
TAC4,100
TACC1,99.19
TACC2,100
TACC3,100
TACO1,97.01
TACR1,100
TACR2,100
TACR3,100
TACSTD2,92.06
TADA1,100
TADA2A,96.44
TADA2B,86.7
TADA3,99.2
TAF1,96.95
TAF10,76.41
TAF11,100
TAF11L10,100
TAF11L11,100
TAF11L12,100
TAF11L13,100
TAF11L14,100
TAF11L2,100
TAF11L3,86.64
TAF11L4,97.78
TAF11L5,100
TAF11L6,98.79
TAF11L7,100
TAF11L8,95.33
TAF11L9,96.54
TAF12,100
TAF13,100
TAF15,100
TAF1A,95.2
TAF1B,97.53
TAF1C,100
TAF1D,96.4
TAF1L,100
TAF2,97.04
TAF3,94.17
TAF4,70.29
TAF4B,97.91
TAF5,96.88
TAF5L,100
TAF6,100
TAF6L,91.3
TAF7,100
TAF7L,95.98
TAF8,100
TAF9B,94.45
TAFA1,100
TAFA2,100
TAFA3,100
TAFA4,100
TAFA5,100
TAFAZZIN,96.87
TAGAP,100
TAGAP-AS1,82.46
TAGLN,100
TAGLN2,100
TAGLN3,100
TAL1,80.91
TAL2,100
TALDO1,98.53
TAMALIN,69.08
TAMM41,100
TANC1,100
TANC2,100
TANGO2,100
TANGO6,100
TANK,100
TAOK1,98.47
TAOK2,99
TAOK3,100
TAP1,12.09
TAP2,3.92
TAPBP,34.04
TAPBPL,100
TAPT1,88.74
TARBP1,84.55
TARBP2,100
TARDBP,97.14
TARM1,0
TARP,100
TARS1,100
TARS2,100
TARS3,96.56
TAS1R1,99.71
TAS1R2,100
TAS1R3,99.74
TAS2R1,100
TAS2R10,100
TAS2R13,97.48
TAS2R14,92.03
TAS2R16,100
TAS2R19,21.44
TAS2R20,70.75
TAS2R3,100
TAS2R30,12.08
TAS2R31,0
TAS2R38,100
TAS2R39,100
TAS2R4,100
TAS2R40,100
TAS2R41,100
TAS2R42,100
TAS2R43,0
TAS2R46,50.86
TAS2R5,100
TAS2R50,90
TAS2R60,100
TAS2R7,93.94
TAS2R8,99.46
TAS2R9,99.47
TASL,95.81
TASOR,99.37
TASOR2,99.78
TASP1,100
TAT,100
TATDN1,100
TATDN2,100
TATDN3,100
TAX1BP1,100
TAX1BP3,100
TBATA,100
TBC1D1,98.93
TBC1D10A,98.5
TBC1D10B,85.02
TBC1D10C,100
TBC1D12,82.17
TBC1D13,100
TBC1D14,100
TBC1D15,100
TBC1D16,100
TBC1D17,100
TBC1D19,92.38
TBC1D2,99.75
TBC1D20,94.15
TBC1D21,100
TBC1D22A,100
TBC1D22B,100
TBC1D23,99.95
TBC1D24,99.55
TBC1D25,98.93
TBC1D26,100
TBC1D27P,100
TBC1D28,100
TBC1D29P,100
TBC1D2B,94.99
TBC1D3,90.3
TBC1D30,84.13
TBC1D31,99.01
TBC1D32,93.29
TBC1D3B,86.48
TBC1D3C,100
TBC1D3D,100
TBC1D3E,77.21
TBC1D3F,52.89
TBC1D3G,99.5
TBC1D3H,96.05
TBC1D3I,93.12
TBC1D3JP,52.29
TBC1D3K,91.23
TBC1D3L,100
TBC1D4,100
TBC1D5,100
TBC1D7,100
TBC1D8,99.35
TBC1D8B,98.94
TBC1D9,100
TBC1D9B,96.9
TBCA,100
TBCB,100
TBCC,100
TBCCD1,100
TBCD,91.76
TBCE,95.37
TBCEL,100
TBCK,99.75
TBK1,98.58
TBKBP1,83.6
TBL1X,94.47
TBL1XR1,100
TBL1Y,92.85
TBL2,96.08
TBL3,100
TBP,100
TBPL1,100
TBPL2,100
TBR1,84.73
TBRG1,100
TBRG4,100
TBX1,50.88
TBX10,100
TBX15,100
TBX18,100
TBX19,98.44
TBX2,84.95
TBX20,100
TBX21,91.14
TBX22,71.56
TBX3,96.14
TBX4,94.64
TBX5,100
TBX6,100
TBXA2R,96.4
TBXAS1,100
TBXT,100
TC2N,98.23
TCAF1,97.51
TCAF2,93.58
TCAIM,100
TCAP,100
TCEA1,100
TCEA2,100
TCEA3,100
TCEAL1,85.42
TCEAL2,100
TCEAL3,100
TCEAL4,100
TCEAL5,100
TCEAL6,100
TCEAL7,100
TCEAL8,100
TCEAL9,100
TCEANC,100
TCEANC2,100
TCERG1,99.01
TCERG1L,81.84
TCF12,100
TCF15,33.17
TCF19,35.55
TCF20,80.82
TCF21,100
TCF23,100
TCF24,51.39
TCF25,98.07
TCF3,100
TCF4,96.05
TCF7,87.73
TCF7L1,96.5
TCF7L2,99.87
TCFL5,67.47
TCHH,100
TCHHL1,100
TCHP,100
TCIM,100
TCIRG1,99.96
TCL1A,94.26
TCL1B,100
TCN1,100
TCN2,100
TCOF1,100
TCONS_00068220,100
TCP1,100
TCP10L,100
TCP10L2,100
TCP10L3,92.99
TCP11,99.95
TCP11L1,100
TCP11L2,100
TCP11X1,85.15
TCP11X2,99.94
TCTA,100
TCTE1,100
TCTN1,98.95
TCTN2,89.88
TCTN3,100
TDG,100
TDGF1,100
TDO2,100
TDP1,100
TDP2,100
TDRD1,100
TDRD10,98.34
TDRD12,100
TDRD15,100
TDRD3,100
TDRD5,100
TDRD6,100
TDRD7,99.73
TDRD9,94.27
TDRKH,100
TDRP,86.42
TEAD1,100
TEAD2,100
TEAD3,100
TEAD4,99.93
TEC,96.57
TECPR1,100
TECPR2,100
TECR,100
TECRL,95.64
TECTA,100
TECTB,100
TEDC1,96.64
TEDC2,97.8
TEDDM1,100
TEF,100
TEFM,100
TEK,100
TEKT1,100
TEKT2,100
TEKT3,100
TEKT4,100
TEKT5,100
TELO2,98.31
TEN1,100
TENM1,98.99
TENM2,99.32
TENM3,97.59
TENM4,100
TENT2,100
TENT4A,69.89
TENT4B,92.8
TENT5A,100
TENT5B,100
TENT5C,100
TENT5D,100
TEP1,99.97
TEPP,100
TEPSIN,98.63
TERB1,100
TERB2,100
TERC,100
TERF1,93.65
TERF2,86.16
TERF2IP,87.34
TERT,94.02
TES,100
TESC,85.06
TESK1,96.38
TESK2,100
TESMIN,100
TESPA1,100
TET1,99.91
TET2,100
TET3,100
TEX10,100
TEX101,100
TEX11,100
TEX12,100
TEX13B,97.87
TEX13C,96.11
TEX13D,98.88
TEX14,100
TEX15,99.98
TEX19,100
TEX2,100
TEX22,71.52
TEX26,100
TEX261,100
TEX264,100
TEX28,98.26
TEX29,100
TEX30,100
TEX33,100
TEX35,100
TEX36,100
TEX37,100
TEX38,100
TEX43,100
TEX44,100
TEX45,84.07
TEX46,100
TEX47,100
TEX48,100
TEX49,100
TEX51,100
TEX52,100
TEX53,100
TEX55,100
TEX9,97.94
TF,100
TFAM,100
TFAP2A,98.05
TFAP2B,99.67
TFAP2C,100
TFAP2D,100
TFAP2E,66.89
TFAP4,100
TFB1M,100
TFB2M,100
TFCP2,100
TFCP2L1,96.24
TFDP1,100
TFDP2,96.87
TFDP3,100
TFE3,87.38
TFEB,100
TFEC,100
TFF1,100
TFF2,100
TFF3,100
TFG,95.21
TFIP11,99.93
TFPI,92.43
TFPI2,100
TFPT,0
TFR2,99.59
TFRC,100
TG,100
TGDS,89.46
TGFA,100
TGFB1,100
TGFB1I1,100
TGFB2,99
TGFB3,100
TGFBI,100
TGFBR1,93.33
TGFBR2,99.31
TGFBR3,100
TGFBR3L,70.53
TGFBRAP1,100
TGIF1,100
TGIF2,100
TGIF2LX,100
TGIF2LY,100
TGM1,100
TGM2,98.81
TGM3,100
TGM4,100
TGM5,99.95
TGM6,100
TGM7,100
TGOLN2,100
TGS1,99.34
TH,98.27
THA1P,100
THADA,100
THAP1,98.36
THAP11,100
THAP12,94.86
THAP2,100
THAP3,100
THAP4,84.39
THAP5,100
THAP6,100
THAP7,100
THAP8,100
THAP9,100
THBD,95.54
THBS1,99.77
THBS2,99.38
THBS3,99.87
THBS4,99.84
THEG,100
THEG5,100
THEGL,100
THEM4,97.79
THEM5,100
THEM6,46.57
THEMIS,100
THEMIS2,100
THG1L,100
THNSL2,100
THOC1,100
THOC2,95.61
THOC3,98.22
THOC5,100
THOC6,100
THOC7,0
THOP1,100
THPO,100
THRA,100
THRAP3,98.01
THRB,99.62
THRSP,100
THSD1,100
THSD4,93.29
THSD7A,97.09
THSD7B,100
THSD8,100
THTPA,100
THUMPD1,100
THUMPD2,100
THUMPD3,100
THY1,100
THYN1,100
TIA1,100
TIAL1,99.9
TIAM1,100
TIAM1-AS1,83.22
TIAM2,100
TICAM1,100
TICAM2,100
TICRR,100
TIE1,98.89
TIFA,100
TIFAB,100
TIGAR,100
TIGD1,100
TIGD2,100
TIGD3,100
TIGD4,100
TIGD5,51.06
TIGD6,99.94
TIGD7,100
TIGIT,100
TIMD4,100
TIMELESS,100
TIMM10,100
TIMM10B,100
TIMM13,100
TIMM17A,100
TIMM17B,99.86
TIMM21,100
TIMM22,51.79
TIMM23,100
TIMM23B,100
TIMM23B-AGAP6,100
TIMM29,79.31
TIMM44,100
TIMM50,100
TIMM8A,56.59
TIMM8B,100
TIMM9,100
TIMMDC1,100
TIMP2,90.12
TINAG,100
TINAGL1,100
TINCR,37.88
TINF2,100
TIPARP,100
TIPIN,93.89
TIPRL,100
TIRAP,92.45
TJAP1,100
TJP1,89.54
TJP2,100
TJP3,99.86
TK1,100
TK2,88.82
TKFC,100
TKT,100
TKTL1,84.46
TKTL2,100
TLCD1,97.62
TLCD2,76.73
TLCD3A,92.65
TLCD3B,100
TLCD4,100
TLCD5,100
TLDC2,100
TLE1,100
TLE2,99.14
TLE3,99.67
TLE4,99.8
TLE5,96.91
TLE6,100
TLE7,100
TLK1,99.75
TLK2,99.65
TLL1,100
TLL2,100
TLN1,100
TLN2,100
TLNRD1,83.92
TLR1,100
TLR10,100
TLR2,100
TLR3,100
TLR4,100
TLR5,100
TLR6,100
TLR7,97.43
TLR8,98.65
TLR8-AS1,100
TLR9,100
TLX1,87.03
TLX2,89.8
TLX3,99.09
TM2D1,88.75
TM2D2,100
TM2D3,100
TM4SF1,100
TM4SF18,100
TM4SF19,100
TM4SF20,100
TM4SF4,100
TM4SF5,100
TM6SF1,100
TM6SF2,100
TM7SF2,99.01
TM7SF3,100
TM9SF1,100
TM9SF2,100
TM9SF3,94.84
TM9SF4,100
TMA16,91.64
TMA7,100
TMBIM4,100
TMBIM6,100
TMBIM7P,99.76
TMC1,100
TMC2,100
TMC3,100
TMC4,5.31
TMC5,100
TMC6,100
TMC7,97.14
TMC8,99.96
TMCC1,100
TMCC2,100
TMCC3,94.56
TMCO1,100
TMCO2,100
TMCO3,99.93
TMCO4,100
TMCO5A,100
TMCO6,100
TMDD1,61.95
TMED1,100
TMED10,100
TMED2,100
TMED3,100
TMED4,100
TMED5,98.79
TMED6,100
TMED7,98.37
TMED8,99.46
TMED9,100
TMEFF1,99.65
TMEFF2,100
TMEM100,100
TMEM101,100
TMEM102,92.35
TMEM104,100
TMEM105,100
TMEM106A,100
TMEM106B,100
TMEM106C,100
TMEM107,100
TMEM108,100
TMEM109,100
TMEM11,100
TMEM114,100
TMEM115,100
TMEM116,96.32
TMEM117,100
TMEM119,100
TMEM120A,100
TMEM120B,100
TMEM121,91.77
TMEM121B,51.41
TMEM123,100
TMEM125,100
TMEM126A,100
TMEM126B,100
TMEM127,96.62
TMEM128,100
TMEM129,98.27
TMEM130,100
TMEM131,93.58
TMEM131L,98.53
TMEM132A,98.39
TMEM132B,99.64
TMEM132C,97.46
TMEM132D,100
TMEM132E,98.98
TMEM132E-DT,100
TMEM134,99.8
TMEM135,100
TMEM138,97.34
TMEM139,100
TMEM139-AS1,100
TMEM140,100
TMEM141,100
TMEM143,99.3
TMEM144,99.23
TMEM145,97.01
TMEM147,100
TMEM14A,100
TMEM14B,100
TMEM14C,100
TMEM150A,100
TMEM150B,100
TMEM150C,100
TMEM151A,91.97
TMEM151B,76.69
TMEM154,100
TMEM156,100
TMEM158,30.68
TMEM160,96.12
TMEM161A,100
TMEM161B,100
TMEM163,81.64
TMEM164,98.21
TMEM165,79.83
TMEM167A,100
TMEM167B,100
TMEM168,100
TMEM169,100
TMEM17,100
TMEM170A,100
TMEM170B,100
TMEM171,100
TMEM174,100
TMEM175,100
TMEM176A,100
TMEM176B,100
TMEM177,100
TMEM178A,80.85
TMEM178B,98.83
TMEM179,90.3
TMEM179B,100
TMEM18,100
TMEM181,99.59
TMEM182,100
TMEM183A,100
TMEM184A,100
TMEM184B,98.2
TMEM184C,97.19
TMEM185A,98.13
TMEM185B,100
TMEM186,100
TMEM187,86.13
TMEM19,100
TMEM190,100
TMEM191B,63.59
TMEM191C,97.93
TMEM192,100
TMEM196,100
TMEM198,100
TMEM199,100
TMEM200A,100
TMEM200B,76.18
TMEM200C,59.38
TMEM201,96.24
TMEM202,100
TMEM203,100
TMEM205,100
TMEM207,100
TMEM208,100
TMEM209,100
TMEM210,100
TMEM212,100
TMEM213,100
TMEM214,98.46
TMEM215,100
TMEM216,100
TMEM217,100
TMEM218,100
TMEM219,100
TMEM220,92.23
TMEM220-AS1,100
TMEM221,65.88
TMEM222,98.5
TMEM223,98.69
TMEM225,100
TMEM225B,100
TMEM229A,83.9
TMEM229B,100
TMEM230,100
TMEM231,100
TMEM232,99.54
TMEM233,100
TMEM234,100
TMEM235,84.06
TMEM236,100
TMEM237,99.18
TMEM238,15.07
TMEM239,100
TMEM240,85.93
TMEM241,94.25
TMEM242,100
TMEM243,100
TMEM244,100
TMEM245,82.64
TMEM247,100
TMEM248,100
TMEM249,100
TMEM25,99.54
TMEM250,81.64
TMEM251,100
TMEM252,100
TMEM253,100
TMEM254,100
TMEM255A,99.24
TMEM255B,96.56
TMEM256,100
TMEM256-PLSCR3,100
TMEM258,100
TMEM259,96.27
TMEM26,100
TMEM260,100
TMEM262,100
TMEM263,73.66
TMEM265,100
TMEM266,100
TMEM267,100
TMEM268,100
TMEM269,100
TMEM270,100
TMEM271,19.95
TMEM272,100
TMEM273,100
TMEM275,0
TMEM30A,100
TMEM30B,97.44
TMEM31,95.7
TMEM33,100
TMEM35A,98.61
TMEM35B,99.14
TMEM37,96.86
TMEM38A,100
TMEM38B,100
TMEM39A,100
TMEM39B,100
TMEM40,100
TMEM41A,100
TMEM41B,100
TMEM42,86.46
TMEM43,100
TMEM44,98.86
TMEM45A,100
TMEM45B,100
TMEM47,100
TMEM50A,100
TMEM50B,100
TMEM51,100
TMEM52,84.14
TMEM52B,100
TMEM53,100
TMEM54,100
TMEM59,100
TMEM59L,83.38
TMEM60,100
TMEM61,98.89
TMEM62,95.11
TMEM63A,100
TMEM63B,100
TMEM63C,100
TMEM64,77.58
TMEM65,76.5
TMEM67,95.61
TMEM68,100
TMEM69,100
TMEM70,100
TMEM71,100
TMEM72,100
TMEM74,100
TMEM74B,100
TMEM78,100
TMEM79,100
TMEM81,100
TMEM82,100
TMEM86A,97.1
TMEM86B,100
TMEM87A,100
TMEM87B,92.65
TMEM88,100
TMEM88B,50
TMEM89,100
TMEM8B,100
TMEM9,100
TMEM91,100
TMEM92,100
TMEM94,100
TMEM95,100
TMEM97,100
TMEM98,100
TMEM9B,100
TMF1,97.17
TMIE,83.73
TMIGD1,100
TMIGD2,100
TMIGD3,100
TMLHE,100
TMOD1,100
TMOD2,100
TMOD3,100
TMOD4,100
TMPO,99.16
TMPRSS11A,100
TMPRSS11B,96.64
TMPRSS11D,100
TMPRSS11E,100
TMPRSS11F,90.96
TMPRSS12,100
TMPRSS13,100
TMPRSS15,92.96
TMPRSS2,99.88
TMPRSS3,100
TMPRSS4,100
TMPRSS5,100
TMPRSS6,99.85
TMPRSS7,100
TMPRSS9,94.76
TMSB10,100
TMSB15A,100
TMSB15B,100
TMSB4X,100
TMSB4Y,100
TMTC1,96.93
TMTC2,100
TMTC3,100
TMTC4,100
TMUB1,92.2
TMUB2,100
TMX1,100
TMX2,100
TMX3,92.92
TMX4,90.93
TNC,99.9
TNF,4.84
TNFAIP1,100
TNFAIP2,84.53
TNFAIP3,99.41
TNFAIP6,100
TNFAIP8,100
TNFAIP8L1,100
TNFAIP8L2,100
TNFAIP8L3,95.6
TNFRSF10A,100
TNFRSF10B,100
TNFRSF10C,100
TNFRSF10D,100
TNFRSF11A,95.81
TNFRSF11B,99.36
TNFRSF12A,99.52
TNFRSF13B,90.64
TNFRSF13C,51.69
TNFRSF14,76.63
TNFRSF17,100
TNFRSF18,99.33
TNFRSF19,100
TNFRSF1A,98.53
TNFRSF1B,96.18
TNFRSF21,100
TNFRSF25,100
TNFRSF4,100
TNFRSF6B,100
TNFRSF8,99.27
TNFRSF9,100
TNFSF10,100
TNFSF11,99.81
TNFSF12,90.42
TNFSF13,100
TNFSF13B,100
TNFSF14,98.89
TNFSF15,100
TNFSF18,100
TNFSF4,100
TNFSF8,100
TNFSF9,99.61
TNIK,100
TNIP1,100
TNIP2,81.94
TNIP3,100
TNK1,99.56
TNK2,99.98
TNKS,100
TNKS1BP1,100
TNKS2,96.44
TNMD,100
TNN,100
TNNC1,99.6
TNNC2,100
TNNI1,100
TNNI2,100
TNNI3,99.75
TNNI3K,99.39
TNNT1,100
TNNT2,98.62
TNNT3,100
TNP1,100
TNP2,100
TNPO1,97.2
TNPO2,100
TNPO3,100
TNR,99.93
TNRC18,88.25
TNRC6A,99.56
TNRC6B,99.56
TNRC6C,100
TNS1,99.09
TNS2,98.33
TNS3,98.41
TNS4,99.34
TNXB,35.1
TOB1,100
TOB2,99.42
TOE1,100
TOGARAM1,100
TOGARAM2,100
TOLLIP,96.35
TOM1,99.24
TOM1L1,100
TOM1L2,100
TOMM20,100
TOMM20L,80.95
TOMM22,100
TOMM34,100
TOMM40,97.32
TOMM40L,100
TOMM5,100
TOMM6,100
TOMM7,100
TOMM70,100
TONSL,99.1
TOP1,99.13
TOP1MT,100
TOP2A,100
TOP2B,98.69
TOP3A,100
TOP3B,100
TOPAZ1,98.72
TOPBP1,100
TOPORS,99.64
TOR1A,100
TOR1AIP1,100
TOR1AIP2,100
TOR1B,83.54
TOR2A,91.89
TOR3A,94.27
TOR4A,79.95
TOX,100
TOX2,94.78
TOX3,98.33
TOX4,100
TP53,99.94
TP53AIP1,100
TP53BP1,100
TP53BP2,100
TP53I11,100
TP53I13,100
TP53I3,100
TP53INP1,100
TP53INP2,81
TP53RK,90.09
TP53TG3,100
TP53TG3B,100
TP53TG3C,100
TP53TG3D,100
TP53TG3E,100
TP53TG3F,100
TP53TG5,99.61
TP63,99.5
TP73,100
TPBG,97.62
TPBGL,16.97
TPCN1,100
TPCN2,99.96
TPD52,93.43
TPD52L1,100
TPD52L2,100
TPD52L3,100
TPGS1,63.92
TPGS2,100
TPH1,100
TPH2,100
TPI1,91.82
TPK1,100
TPM1,96.66
TPM2,100
TPM3,99.85
TPM4,88.88
TPMT,99.87
TPO,69.31
TPP1,100
TPP2,99.6
TPPP,100
TPPP3,100
TPR,100
TPRA1,100
TPRG1,100
TPRG1L,75.46
TPRKB,83.52
TPRN,69.74
TPRX1,100
TPSAB1,100
TPSB2,100
TPSD1,100
TPSG1,100
TPST1,100
TPST2,100
TPT1,100
TPTE,95.72
TPTE2,95.76
TPTE2P6,100
TPX2,100
TRA2A,90.3
TRA2B,100
TRABD,100
TRABD2A,100
TRABD2B,95.71
TRAC,100
TRADD,78.7
TRAF1,100
TRAF2,97.12
TRAF3,100
TRAF3IP1,100
TRAF3IP2,100
TRAF3IP3,100
TRAF4,100
TRAF5,93.55
TRAF6,100
TRAF7,100
TRAFD1,100
TRAIP,100
TRAJ1,100
TRAJ10,100
TRAJ11,100
TRAJ12,100
TRAJ13,100
TRAJ14,100
TRAJ16,100
TRAJ17,100
TRAJ18,100
TRAJ19,100
TRAJ2,100
TRAJ20,100
TRAJ21,100
TRAJ22,100
TRAJ23,100
TRAJ24,100
TRAJ25,100
TRAJ26,100
TRAJ27,100
TRAJ28,100
TRAJ29,100
TRAJ3,100
TRAJ30,100
TRAJ31,100
TRAJ32,100
TRAJ33,100
TRAJ34,100
TRAJ35,100
TRAJ36,100
TRAJ37,100
TRAJ38,100
TRAJ39,100
TRAJ4,100
TRAJ40,100
TRAJ41,100
TRAJ42,100
TRAJ43,100
TRAJ44,100
TRAJ45,100
TRAJ46,100
TRAJ47,100
TRAJ48,100
TRAJ49,100
TRAJ5,100
TRAJ50,100
TRAJ52,100
TRAJ53,100
TRAJ54,100
TRAJ56,100
TRAJ57,100
TRAJ58,100
TRAJ59,100
TRAJ6,100
TRAJ61,100
TRAJ7,100
TRAJ9,100
TRAK1,100
TRAK2,100
TRAM1,100
TRAM1L1,100
TRAM2,100
TRANK1,99.91
TRAP1,96.21
TRAPPC1,100
TRAPPC10,100
TRAPPC11,100
TRAPPC12,95.06
TRAPPC13,93.43
TRAPPC14,90.65
TRAPPC2,79.53
TRAPPC2B,100
TRAPPC2L,100
TRAPPC3,100
TRAPPC3L,100
TRAPPC4,100
TRAPPC5,87.22
TRAPPC6A,100
TRAPPC6B,100
TRAPPC8,100
TRAPPC9,99.95
TRARG1,100
TRAT1,87.7
TRAV1-1,100
TRAV1-2,100
TRAV10,100
TRAV12-1,100
TRAV12-2,100
TRAV12-3,100
TRAV13-1,100
TRAV13-2,100
TRAV14DV4,100
TRAV16,100
TRAV17,100
TRAV18,100
TRAV19,100
TRAV2,100
TRAV20,100
TRAV21,100
TRAV22,100
TRAV23DV6,100
TRAV24,100
TRAV25,100
TRAV26-1,98.17
TRAV26-2,100
TRAV27,100
TRAV29DV5,100
TRAV3,100
TRAV30,100
TRAV34,100
TRAV36DV7,100
TRAV38-1,100
TRAV38-2DV8,100
TRAV39,100
TRAV4,100
TRAV40,100
TRAV41,100
TRAV5,100
TRAV6,100
TRAV7,100
TRAV8-1,100
TRAV8-2,100
TRAV8-3,100
TRAV8-4,100
TRAV8-6,100
TRAV8-7,100
TRAV9-1,100
TRAV9-2,100
TRBC1,100
TRBC2,83.49
TRBD1,100
TRBJ1-1,100
TRBJ1-2,100
TRBJ1-3,100
TRBJ1-4,100
TRBJ1-5,100
TRBJ1-6,100
TRBJ2-1,100
TRBJ2-2,100
TRBJ2-2P,100
TRBJ2-3,100
TRBJ2-4,100
TRBJ2-5,100
TRBJ2-6,100
TRBJ2-7,100
TRBV10-1,78.2
TRBV10-2,100
TRBV10-3,78.78
TRBV11-1,100
TRBV11-3,100
TRBV12-3,100
TRBV12-4,100
TRBV12-5,100
TRBV13,86.9
TRBV14,100
TRBV15,100
TRBV16,100
TRBV17,100
TRBV18,78.39
TRBV19,99.42
TRBV2,100
TRBV20-1,87.16
TRBV20OR9-2,100
TRBV23-1,89.63
TRBV24-1,100
TRBV25-1,79.36
TRBV27,100
TRBV28,86.92
TRBV29-1,88.03
TRBV3-1,96.22
TRBV30,99.4
TRBV4-1,100
TRBV4-2,100
TRBV5-1,98.83
TRBV5-3,67.93
TRBV5-4,100
TRBV5-5,100
TRBV5-6,100
TRBV5-7,100
TRBV6-1,100
TRBV6-2,40.7
TRBV6-4,98.26
TRBV6-5,100
TRBV6-6,100
TRBV6-7,100
TRBV6-8,100
TRBV7-1,92.22
TRBV7-2,97.69
TRBV7-3,85.3
TRBV7-4,100
TRBV7-6,100
TRBV7-7,100
TRBV7-9,100
TRBV9,100
TRDC,100
TRDD1,100
TRDD2,100
TRDD3,100
TRDJ1,100
TRDJ2,100
TRDJ3,100
TRDJ4,100
TRDMT1,95.06
TRDN,75.72
TRDV1,100
TRDV2,100
TRDV3,100
TREH,100
TREM1,100
TREM2,100
TREML1,100
TREML2,100
TREML4,100
TRERF1,99.37
TREX1,100
TREX2,100
TRG-AS1,100
TRGC2,100
TRGJ2,100
TRGJP1,100
TRGJP2,100
TRGV10,100
TRGV11,94.17
TRGV8,100
TRGV9,100
TRH,100
TRHDE,99.6
TRHR,100
TRIAP1,100
TRIB1,76.41
TRIB2,100
TRIB3,98.36
TRIL,97.54
TRIM10,5.23
TRIM11,91.08
TRIM13,100
TRIM14,89.24
TRIM15,2.26
TRIM16,100
TRIM16L,100
TRIM17,100
TRIM2,100
TRIM21,100
TRIM22,100
TRIM23,98.95
TRIM24,90.32
TRIM25,100
TRIM26,1.3
TRIM27,9.42
TRIM28,91.39
TRIM29,100
TRIM3,100
TRIM31,13.3
TRIM33,92.58
TRIM34,100
TRIM35,100
TRIM36,99.16
TRIM37,99.84
TRIM38,100
TRIM39,7.24
TRIM4,100
TRIM40,0
TRIM41,100
TRIM42,100
TRIM43,100
TRIM43B,100
TRIM44,100
TRIM45,99.89
TRIM46,97.42
TRIM47,76.71
TRIM48,100
TRIM49,100
TRIM49B,100
TRIM49C,100
TRIM49D1,100
TRIM49D2,100
TRIM5,99.35
TRIM50,100
TRIM51,100
TRIM51G,95.44
TRIM52,100
TRIM54,100
TRIM55,100
TRIM56,100
TRIM58,86.86
TRIM59,100
TRIM6,100
TRIM60,100
TRIM61,99.63
TRIM62,100
TRIM63,100
TRIM64,66.3
TRIM64B,100
TRIM64C,98.3
TRIM65,85.98
TRIM66,100
TRIM67,92.97
TRIM68,100
TRIM69,95.81
TRIM7,72.46
TRIM71,80.86
TRIM72,83.89
TRIM73,100
TRIM74,91.77
TRIM75,100
TRIM77,100
TRIM8,100
TRIM9,100
TRIML1,100
TRIML2,100
TRIO,94.18
TRIOBP,97.38
TRIP10,98.79
TRIP11,100
TRIP12,99.44
TRIP13,98.77
TRIP4,100
TRIP6,94.76
TRIQK,100
TRIR,100
TRIT1,100
TRMO,100
TRMT1,100
TRMT10A,100
TRMT10B,100
TRMT10C,100
TRMT11,94.73
TRMT112,100
TRMT12,100
TRMT13,95.72
TRMT1L,97.32
TRMT2A,100
TRMT2B,95.64
TRMT44,100
TRMT5,100
TRMT6,96.65
TRMT61A,100
TRMT61B,100
TRMT9B,100
TRMU,100
TRNAU1AP,100
TRNP1,21.2
TRNT1,83.72
TRO,93.55
TROAP,100
TRPA1,97.36
TRPC1,100
TRPC3,95.79
TRPC4,100
TRPC4AP,98.59
TRPC5,94.26
TRPC6,99.75
TRPC7,100
TRPM1,89.73
TRPM2,100
TRPM3,100
TRPM4,100
TRPM5,98.8
TRPM6,100
TRPM7,99.78
TRPM8,100
TRPS1,99.88
TRPT1,100
TRPV1,99.57
TRPV2,100
TRPV3,100
TRPV4,99.47
TRPV5,99.64
TRPV6,97.57
TRRAP,99.97
TRUB1,97.81
TRUB2,100
TSACC,100
TSBP1,20.93
TSBP1-AS1,100
TSC1,99.83
TSC2,99.98
TSC22D1,100
TSC22D2,97.25
TSC22D3,90.46
TSC22D4,98.23
TSEN15,100
TSEN2,99.94
TSEN34,23.09
TSEN54,94.6
TSFM,100
TSG101,100
TSGA10,97.67
TSGA10IP,99.65
TSGA13,100
TSHB,100
TSHR,100
TSHZ1,98.77
TSHZ2,100
TSHZ3,100
TSKS,100
TSKU,100
TSLP,100
TSN,100
TSNARE1,100
TSNAX,100
TSNAX-DISC1,100
TSNAXIP1,100
TSPAN1,100
TSPAN10,85.61
TSPAN11,100
TSPAN12,99.9
TSPAN13,100
TSPAN14,100
TSPAN15,100
TSPAN16,91.31
TSPAN17,100
TSPAN18,99.76
TSPAN19,92.2
TSPAN2,100
TSPAN3,94.62
TSPAN31,100
TSPAN32,100
TSPAN33,98.94
TSPAN4,100
TSPAN5,100
TSPAN6,100
TSPAN7,98.53
TSPAN8,88.24
TSPAN9,91.55
TSPEAR,99.41
TSPO,100
TSPO2,100
TSPOAP1,99.44
TSPOAP1-AS1,100
TSPY1,100
TSPY10,100
TSPY2,100
TSPY3,100
TSPY4,100
TSPY8,100
TSPY9,100
TSPYL1,100
TSPYL2,94.7
TSPYL4,100
TSPYL5,100
TSR1,100
TSR2,96.53
TSR3,77.21
TSSC4,100
TSSK2,100
TSSK3,100
TSSK4,100
TSSK6,100
TST,100
TSTD1,100
TSTD2,100
TSTD3,80.38
TTBK1,99.83
TTBK2,98.49
TTC1,100
TTC12,100
TTC13,93.55
TTC14,99.11
TTC16,98.17
TTC17,100
TTC19,90.64
TTC21A,100
TTC21B,100
TTC22,90
TTC23,100
TTC23L,100
TTC24,100
TTC26,96.81
TTC27,100
TTC28,98.69
TTC29,99.94
TTC3,97.7
TTC30A,100
TTC30B,100
TTC31,100
TTC32,100
TTC33,99.91
TTC34,75.09
TTC36,61.43
TTC37,100
TTC38,100
TTC39A,98.29
TTC39B,97.1
TTC39C,91.45
TTC4,100
TTC5,100
TTC6,98.7
TTC7A,99.49
TTC7B,95.95
TTC8,95.2
TTC9,77.88
TTC9B,88.04
TTC9C,95.96
TTF1,100
TTF2,100
TTI1,100
TTI2,100
TTK,99.74
TTL,98.55
TTLL1,100
TTLL10,99.55
TTLL11,91.63
TTLL12,90.85
TTLL13,100
TTLL2,100
TTLL3,90.31
TTLL4,100
TTLL5,98.3
TTLL6,99.84
TTLL7,99.64
TTLL8,93.31
TTLL9,96.94
TTN,99.91
TTPA,75.06
TTPAL,99.56
TTR,100
TTTY10,100
TTTY14,93.75
TTYH1,44.06
TTYH2,100
TTYH3,98.64
TUB,94.55
TUBA1A,100
TUBA1B,100
TUBA1C,100
TUBA3C,100
TUBA3D,100
TUBA3E,100
TUBA4A,100
TUBA4B,100
TUBA8,98.18
TUBAL3,100
TUBB,0
TUBB1,100
TUBB2A,95.81
TUBB2B,100
TUBB3,96.94
TUBB4A,96.85
TUBB4B,100
TUBB4BP6,100
TUBB6,99.94
TUBB8,100
TUBB8B,100
TUBD1,100
TUBE1,100
TUBG1,100
TUBG2,100
TUBGCP2,98.82
TUBGCP3,96.52
TUBGCP4,100
TUBGCP5,92.47
TUBGCP6,99.33
TUFM,100
TUFT1,100
TUG1,19.05
TULP1,99.82
TULP2,100
TULP3,100
TULP4,100
TUNAR,100
TUSC1,57.9
TUSC2,98.21
TUSC3,99.76
TUT1,100
TUT4,98.6
TUT7,98.37
TVP23A,100
TVP23B,100
TVP23C,100
TWF1,100
TWF2,100
TWIST1,56.98
TWIST2,92.55
TWNK,100
TWSG1,100
TXK,100
TXLNA,100
TXLNB,100
TXLNG,99.15
TXN,100
TXN2,100
TXNDC11,92.63
TXNDC12,100
TXNDC15,100
TXNDC16,100
TXNDC17,100
TXNDC2,100
TXNDC5,87.14
TXNDC8,100
TXNDC9,100
TXNIP,100
TXNL1,100
TXNL4A,83.69
TXNL4B,100
TXNRD1,95.96
TXNRD2,95.14
TXNRD3,89.59
TYK2,99.65
TYMP,81.67
TYMS,93.8
TYMSOS,100
TYR,100
TYRO3,95.59
TYROBP,100
TYRP1,100
TYSND1,88.83
TYW1,100
TYW1B,100
TYW3,100
TYW5,100
U2AF1,82.04
U2AF1L4,100
U2AF2,100
U2SURP,98.73
U8,100
UACA,98.65
UAP1,100
UAP1L1,83.55
UBA1,93.69
UBA2,99.47
UBA3,98.58
UBA5,93
UBA52,100
UBA6,100
UBA6-DT,70.83
UBA7,100
UBAC1,100
UBAC2,100
UBALD1,76.27
UBALD2,75.76
UBAP1,100
UBAP1L,83.11
UBAP2,100
UBAP2L,100
UBASH3A,100
UBASH3B,97.32
UBB,100
UBC,100
UBD,23.29
UBE2A,100
UBE2B,82.42
UBE2C,100
UBE2D1,89.64
UBE2D2,100
UBE2D3,87.42
UBE2D4,91.22
UBE2E1,100
UBE2E2,81.15
UBE2E3,100
UBE2F,94.13
UBE2G1,100
UBE2G2,100
UBE2H,100
UBE2I,100
UBE2J1,100
UBE2J2,100
UBE2K,100
UBE2L3,100
UBE2L5,100
UBE2L6,100
UBE2M,100
UBE2N,100
UBE2NL,100
UBE2O,95.96
UBE2Q1,88.49
UBE2Q2,95
UBE2Q2L,100
UBE2Q2P13,100
UBE2QL1,66.67
UBE2R2,95.26
UBE2S,83.23
UBE2T,100
UBE2U,100
UBE2V1,97.31
UBE2V2,100
UBE2W,100
UBE2Z,71.59
UBE3A,100
UBE3B,100
UBE3C,100
UBE3D,100
UBE4A,100
UBE4B,100
UBFD1,76.41
UBIAD1,99.81
UBL3,100
UBL4A,89.59
UBL4B,100
UBL5,100
UBL7,100
UBLCP1,100
UBN1,100
UBN2,92.59
UBOX5,100
UBP1,100
UBQLN1,100
UBQLN2,92.26
UBQLN3,100
UBQLN4,100
UBQLNL,100
UBR1,97.54
UBR2,99.16
UBR3,94.2
UBR4,99.8
UBR5,97.79
UBR7,100
UBTD1,97.08
UBTD2,100
UBTF,100
UBTFL1,97.46
UBXN1,100
UBXN10,100
UBXN11,100
UBXN2A,100
UBXN2B,100
UBXN4,100
UBXN6,100
UBXN7,100
UBXN8,100
UCHL1,100
UCHL3,98.2
UCHL5,100
UCK1,87.84
UCK2,100
UCKL1,96.95
UCMA,100
UCN,77.87
UCN2,100
UCN3,100
UCP1,100
UCP2,100
UCP3,100
UEVLD,100
UFC1,100
UFD1,100
UFL1,95.39
UFM1,91.11
UFSP1,100
UFSP2,97.67
UGCG,100
UGDH,100
UGGT1,100
UGGT2,95.85
UGP2,100
UGT1A1,100
UGT1A10,99.97
UGT1A8,100
UGT2A1,100
UGT2A3,99.46
UGT2B10,93.07
UGT2B11,100
UGT2B15,86.19
UGT2B17,8.29
UGT2B28,100
UGT2B4,100
UGT2B7,99.23
UGT3A1,100
UGT3A2,100
UGT8,100
UHMK1,100
UHRF1,97.66
UHRF1BP1,100
UHRF1BP1L,100
UHRF2,100
UIMC1,100
ULBP1,99.6
ULBP2,100
ULBP3,100
ULK1,99.97
ULK2,92.31
ULK3,99.49
ULK4,100
UMAD1,100
UMOD,100
UMODL1,100
UMPS,100
UNC119,100
UNC119B,74.07
UNC13A,99.83
UNC13B,100
UNC13C,100
UNC13D,99.81
UNC45A,100
UNC45B,100
UNC50,100
UNC5A,97.96
UNC5B,100
UNC5C,100
UNC5CL,100
UNC5D,96.94
UNC79,99.39
UNC80,99.79
UNC93A,100
UNC93B1,95.45
UNCX,26.44
UNG,100
UNK,100
UNKL,96.91
UPB1,99.87
UPF1,97.6
UPF2,100
UPF3A,100
UPF3B,88.3
UPK1A,100
UPK1B,100
UPK2,100
UPK3A,98.85
UPK3B,75.07
UPK3BL1,100
UPK3BL2,100
UPP1,100
UPP2,100
UPRT,97.88
UQCC1,99.44
UQCC2,100
UQCC3,100
UQCR10,100
UQCR11,100
UQCRB,100
UQCRC1,100
UQCRC2,100
UQCRFS1,91.4
UQCRH,100
UQCRHL,100
UQCRQ,98.93
URAD,51.15
URB1,99.9
URB2,100
URGCP,99.52
URI1,93.46
URM1,100
UROC1,100
UROD,100
UROS,99.78
USB1,100
USE1,100
USF1,100
USF2,82.17
USF3,100
USH1C,100
USH1G,99.51
USH2A,99.96
USHBP1,100
USO1,96.95
USP1,100
USP10,99.14
USP11,95.06
USP12,95.72
USP13,100
USP14,100
USP15,95.75
USP16,96.8
USP17L1,100
USP17L10,100
USP17L11,100
USP17L12,100
USP17L13,100
USP17L15,100
USP17L17,100
USP17L18,100
USP17L19,100
USP17L2,100
USP17L20,100
USP17L21,100
USP17L22,100
USP17L24,100
USP17L25,100
USP17L26,100
USP17L27,100
USP17L28,100
USP17L29,98.31
USP17L3,64.66
USP17L30,100
USP17L4,100
USP17L5,98.81
USP17L7,100
USP17L8,37.35
USP18,100
USP19,99.7
USP2,100
USP20,99.89
USP21,100
USP22,93.31
USP24,96.92
USP25,98.75
USP26,99.02
USP27X,91.04
USP28,98.5
USP29,100
USP3,100
USP30,100
USP31,87.12
USP32,100
USP32P3,100
USP33,99.93
USP34,98.52
USP34-DT,100
USP35,88.88
USP36,100
USP37,100
USP38,100
USP39,95.49
USP4,100
USP40,96.82
USP41,99.26
USP42,96.92
USP43,96.38
USP44,100
USP45,100
USP46,100
USP47,100
USP48,96.47
USP49,98.25
USP5,100
USP50,100
USP51,89.09
USP53,100
USP54,100
USP6,100
USP6NL,83.23
USP7,97.87
USP8,100
USP9X,97.79
USP9Y,93.66
USPL1,100
UST,100
UTF1,20.37
UTP11,100
UTP14A,95.29
UTP14C,100
UTP15,100
UTP18,100
UTP20,100
UTP23,100
UTP25,100
UTP3,100
UTP4,99.87
UTP6,97.66
UTRN,99.1
UTS2,100
UTS2B,93.88
UTS2R,77.35
UTY,95.83
UVRAG,99.89
UVSSA,99.81
UXS1,90.79
UXT,94.12
VAC14,100
VAMP1,100
VAMP2,99.46
VAMP3,100
VAMP4,100
VAMP5,100
VAMP7,93.2
VAMP8,100
VANGL1,99.7
VANGL2,100
VAPA,100
VAPB,99.76
VARS1,7.63
VARS2,1.83
VASH1,100
VASH2,99.78
VASP,99.25
VAT1,85.9
VAT1L,100
VAV1,99.96
VAV2,99.1
VAV3,100
VAX1,82.23
VAX2,92.37
VBP1,100
VCAM1,100
VCAN,99.96
VCL,99.97
VCP,99.18
VCPIP1,99.48
VCPKMT,100
VCX,86.82
VCX2,90
VCX3A,100
VCX3B,99.1
VCY,100
VCY1B,100
VDAC1,100
VDAC2,100
VDAC3,100
VDR,99.82
VEGFA,90
VEGFB,91.02
VEGFC,100
VEGFD,98.03
VENTX,100
VEPH1,100
VEZF1,100
VEZT,98.68
VGF,89.39
VGLL1,100
VGLL2,75.45
VGLL3,99.08
VGLL4,100
VHL,97.04
VHLL,96.19
VIL1,100
VILL,100
VIM,100
VIP,100
VIPAS39,100
VIPR1,94.51
VIPR2,99.65
VIRMA,100
VIT,100
VKORC1,100
VKORC1L1,89.7
VLDLR,100
VMA21,89.22
VMAC,79.8
VMO1,100
VMP1,100
VN1R1,100
VN1R2,100
VN1R3,99.67
VN1R4,100
VN1R5,100
VN2R19P,100
VNN1,100
VNN2,100
VNN3P,100
VOPP1,95.49
VPREB1,100
VPREB3,100
VPS11,100
VPS13A,98.51
VPS13A-AS1,0
VPS13B,100
VPS13C,98.15
VPS13D,100
VPS16,100
VPS18,100
VPS25,100
VPS26A,90.18
VPS26B,100
VPS26C,100
VPS28,100
VPS29,100
VPS33A,100
VPS33B,100
VPS35,100
VPS35L,100
VPS36,100
VPS37A,100
VPS37B,100
VPS37C,100
VPS37D,92.09
VPS39,100
VPS41,97.45
VPS45,100
VPS4A,98.26
VPS4B,100
VPS50,96.84
VPS51,99.38
VPS52,21.08
VPS53,100
VPS54,94.51
VPS72,100
VPS8,99.08
VPS9D1,95
VRK1,99.93
VRK2,95.67
VRK3,100
VRTN,100
VSIG1,99.27
VSIG10,100
VSIG10L,92.28
VSIG10L2,100
VSIG2,100
VSIG4,96.5
VSIG8,91.74
VSNL1,100
VSTM1,6.5
VSTM2A,100
VSTM2B,69.78
VSTM2L,87.58
VSTM4,95.57
VSTM5,100
VSX1,83.92
VSX2,97.26
VTA1,100
VTCN1,100
VTI1A,100
VTI1B,100
VTN,100
VWA1,68.66
VWA2,100
VWA3A,100
VWA3B,100
VWA5A,100
VWA5B1,99.61
VWA5B2,91.75
VWA7,3.92
VWA8,97.28
VWC2,94.49
VWC2L,100
VWCE,96.26
VWDE,97.72
VWF,99.5
VXN,100
WAC,100
WAPL,100
WARS1,100
WARS2,100
WAS,76.33
WASF1,100
WASF2,100
WASF3,100
WASHC1,98.61
WASHC2A,100
WASHC2C,98.61
WASHC3,88.24
WASHC4,96.32
WASHC5,99.97
WASL,98.42
WBP1,100
WBP11,97.72
WBP1L,100
WBP2,100
WBP2NL,100
WBP4,100
WDCP,100
WDFY1,100
WDFY2,100
WDFY3,100
WDFY4,100
WDHD1,100
WDPCP,98.11
WDR1,99.2
WDR11,100
WDR12,100
WDR13,79.14
WDR17,99.47
WDR18,100
WDR19,99.95
WDR20,100
WDR24,100
WDR25,100
WDR26,99.92
WDR27,100
WDR3,100
WDR31,100
WDR33,99.51
WDR35,96
WDR36,98.95
WDR37,93.83
WDR38,100
WDR4,100
WDR41,100
WDR43,98.97
WDR44,98.03
WDR45,81.92
WDR45B,100
WDR46,13.69
WDR47,100
WDR48,100
WDR49,96.56
WDR5,100
WDR53,100
WDR54,100
WDR55,100
WDR59,100
WDR5B,100
WDR6,99.94
WDR61,100
WDR62,100
WDR64,100
WDR7,100
WDR70,100
WDR72,98.95
WDR73,99.91
WDR74,100
WDR75,97.27
WDR76,100
WDR77,100
WDR81,82.95
WDR82,99.04
WDR83,100
WDR83OS,100
WDR86,89
WDR87,100
WDR88,100
WDR89,100
WDR90,99.83
WDR91,100
WDR93,100
WDR97,96.45
WDSUB1,97.62
WDTC1,99.92
WEE1,84.07
WEE2,99.71
WFDC1,81.67
WFDC10A,100
WFDC10B,100
WFDC11,100
WFDC12,100
WFDC13,100
WFDC2,100
WFDC3,100
WFDC5,100
WFDC6,100
WFDC8,100
WFDC9,100
WFIKKN1,93.5
WFIKKN2,99.83
WFS1,100
WHAMM,76.47
WHRN,97
WIF1,100
WIPF1,100
WIPF2,100
WIPF3,98.3
WIPI1,100
WIPI2,94.71
WIZ,95.05
WLS,100
WNK1,99.93
WNK2,94.89
WNK3,98.45
WNK4,99.41
WNT1,98.3
WNT10A,86.06
WNT10B,96.68
WNT11,98.91
WNT16,100
WNT2,100
WNT2B,100
WNT3,37.55
WNT3A,98.96
WNT4,94.55
WNT5A,99.34
WNT5B,66.08
WNT6,83.88
WNT7A,100
WNT7B,99.67
WNT8A,100
WNT8B,100
WNT9A,90.16
WNT9B,66.04
WRAP53,98.65
WRAP73,100
WRN,96.58
WRNIP1,83.07
WSB1,100
WSB2,99
WSCD1,100
WSCD2,100
WT1,90.46
WTAP,100
WTAPP1,0
WTIP,57.33
WWC1,100
WWC2,99.76
WWC3,97.96
WWOX,100
WWP1,95.93
WWP2,100
WWTR1,100
XAB2,100
XAF1,99.29
XAGE1A,100
XAGE1B,100
XAGE2,100
XAGE3,61.9
XAGE5,87.53
XBP1,84.48
XCL1,100
XCL2,100
XCR1,100
XDH,99.8
XG,100
XIAP,91.16
XIRP1,100
XIRP2,100
XK,91.06
XKR3,100
XKR4,93.31
XKR5,99.77
XKR6,91.38
XKR7,88.33
XKR8,91.03
XKR9,98.73
XKRX,96.08
XKRY,100
XKRY2,100
XNDC1N,100
XNDC1N-ZNF705EP-ALG1L9P,100
XPA,100
XPC,99.91
XPNPEP1,100
XPNPEP2,95.3
XPNPEP3,99.65
XPO1,98.71
XPO4,99.66
XPO5,100
XPO6,100
XPO7,99.06
XPOT,97.58
XPR1,100
XRCC1,100
XRCC2,100
XRCC3,99.89
XRCC4,100
XRCC5,100
XRCC6,100
XRN1,100
XRN2,97.87
XRRA1,100
XXYLT1,87.13
XYLB,100
XYLT1,87.68
XYLT2,95.11
YAE1,100
YAF2,100
YAP1,93.54
YARS1,100
YARS2,100
YBEY,99.76
YBX1,86.04
YBX2,80.61
YBX3,86.68
YDJC,97.48
YEATS2,100
YEATS4,90.2
YES1,100
YIF1A,98.85
YIF1B,94.47
YIPF1,100
YIPF2,100
YIPF3,100
YIPF4,100
YIPF5,100
YIPF6,100
YIPF7,100
YJEFN3,100
YJU2,100
YJU2B,100
YKT6,100
YLPM1,100
YME1L1,97.38
YOD1,100
YPEL1,100
YPEL2,100
YPEL3,100
YPEL4,100
YPEL5,100
YRDC,62.62
YTHDC1,94.97
YTHDC2,97.63
YTHDF1,98.39
YTHDF2,100
YTHDF3,100
YWHAB,100
YWHAE,100
YWHAG,100
YWHAH,90.72
YWHAH-AS1,100
YWHAQ,100
YWHAZ,100
YY1,87.97
YY1AP1,100
ZACN,97.57
ZAN,99.37
ZAP70,100
ZAR1,59.14
ZAR1L,100
ZBBX,98.43
ZBED3,23.55
ZBED3-AS1,100
ZBED4,100
ZBED5,100
ZBED6,100
ZBED8,100
ZBED9,100
ZBP1,100
ZBTB1,100
ZBTB10,94.69
ZBTB11,100
ZBTB14,100
ZBTB16,100
ZBTB17,100
ZBTB18,99.69
ZBTB2,100
ZBTB20,100
ZBTB21,100
ZBTB22,16.06
ZBTB24,100
ZBTB25,100
ZBTB26,100
ZBTB3,100
ZBTB32,100
ZBTB33,100
ZBTB34,100
ZBTB37,100
ZBTB38,100
ZBTB39,100
ZBTB4,100
ZBTB40,100
ZBTB41,97.56
ZBTB42,100
ZBTB43,100
ZBTB44,100
ZBTB45,97.92
ZBTB46,100
ZBTB47,100
ZBTB48,100
ZBTB49,100
ZBTB5,100
ZBTB6,100
ZBTB7A,94.44
ZBTB7B,99.52
ZBTB7C,96.7
ZBTB8A,100
ZBTB8B,100
ZBTB8OS,87.84
ZBTB9,71.66
ZC2HC1A,100
ZC2HC1B,100
ZC2HC1C,100
ZC3H10,100
ZC3H11A,100
ZC3H11B,100
ZC3H12A,100
ZC3H12B,100
ZC3H12C,99.22
ZC3H12D,75.71
ZC3H13,100
ZC3H14,100
ZC3H15,100
ZC3H18,100
ZC3H3,93.25
ZC3H4,100
ZC3H6,100
ZC3H7A,98.9
ZC3H7B,100
ZC3H8,100
ZC3HAV1,100
ZC3HAV1L,79.88
ZC3HC1,100
ZC4H2,93.41
ZCCHC10,100
ZCCHC12,98.26
ZCCHC13,100
ZCCHC14,99.5
ZCCHC17,100
ZCCHC18,97.61
ZCCHC2,92.39
ZCCHC24,93.78
ZCCHC3,62.54
ZCCHC4,97.19
ZCCHC7,96.71
ZCCHC8,96.55
ZCCHC9,100
ZCRB1,95.57
ZCWPW1,100
ZCWPW2,92.05
ZDBF2,100
ZDHHC1,90.46
ZDHHC11,100
ZDHHC11B,98.38
ZDHHC12,100
ZDHHC13,100
ZDHHC14,99.76
ZDHHC15,97.67
ZDHHC16,100
ZDHHC17,100
ZDHHC18,81.97
ZDHHC19,100
ZDHHC2,98.32
ZDHHC20,97.33
ZDHHC21,94.76
ZDHHC22,100
ZDHHC23,100
ZDHHC24,87.26
ZDHHC3,99.53
ZDHHC4,100
ZDHHC5,100
ZDHHC6,91.96
ZDHHC7,97.56
ZDHHC8,95.88
ZDHHC8P1,96.86
ZDHHC9,97.5
ZEB1,100
ZEB2,99.52
ZER1,100
ZFAND1,100
ZFAND2A,100
ZFAND2B,100
ZFAND3,90.93
ZFAND4,100
ZFAND5,100
ZFAND6,93.42
ZFAT,100
ZFC3H1,98.93
ZFHX2,100
ZFHX3,100
ZFHX3-AS1,100
ZFHX4,100
ZFP1,100
ZFP14,100
ZFP2,100
ZFP28,99.07
ZFP28-DT,100
ZFP3,100
ZFP30,100
ZFP36,100
ZFP36L1,100
ZFP36L2,76.77
ZFP37,100
ZFP41,100
ZFP42,100
ZFP57,10.73
ZFP62,100
ZFP64,100
ZFP69,100
ZFP69B,100
ZFP82,100
ZFP90,99.44
ZFP91,98.72
ZFP92,66.15
ZFPL1,100
ZFPM1,60.02
ZFPM2,100
ZFR,100
ZFR2,98.31
ZFTA,85.95
ZFX,92.4
ZFY,94.68
ZFYVE1,100
ZFYVE16,100
ZFYVE19,100
ZFYVE21,95.72
ZFYVE26,100
ZFYVE27,100
ZFYVE28,99.74
ZFYVE9,100
ZG16,100
ZG16B,99.85
ZGLP1,100
ZGPAT,100
ZGRF1,99.77
ZHX1,100
ZHX2,100
ZHX3,100
ZIC1,100
ZIC2,57.72
ZIC3,93.24
ZIC4,100
ZIC5,66.32
ZIK1,100
ZIM2,100
ZIM2-AS1,100
ZIM3,100
ZKSCAN1,100
ZKSCAN2,100
ZKSCAN3,100
ZKSCAN4,100
ZKSCAN5,100
ZKSCAN7,100
ZKSCAN7-AS1,100
ZKSCAN8,100
ZMAT1,86.46
ZMAT2,100
ZMAT3,100
ZMAT4,100
ZMAT5,100
ZMIZ1,98.89
ZMIZ2,98.18
ZMPSTE24,99.83
ZMYM1,100
ZMYM2,100
ZMYM3,89.07
ZMYM4,100
ZMYM5,100
ZMYM6,100
ZMYND10,100
ZMYND11,94.22
ZMYND12,100
ZMYND15,100
ZMYND19,94.5
ZMYND8,98.45
ZNF10,100
ZNF100,73.23
ZNF101,100
ZNF106,100
ZNF107,99.81
ZNF112,100
ZNF114,100
ZNF117,96.02
ZNF12,100
ZNF121,100
ZNF124,100
ZNF131,98.38
ZNF132,99.43
ZNF133,100
ZNF134,100
ZNF135,96.81
ZNF136,100
ZNF138,88.01
ZNF14,100
ZNF140,100
ZNF141,97.16
ZNF142,100
ZNF143,100
ZNF146,100
ZNF148,98.31
ZNF154,99.01
ZNF155,100
ZNF157,100
ZNF16,100
ZNF160,100
ZNF165,100
ZNF169,100
ZNF17,100
ZNF174,100
ZNF175,100
ZNF177,100
ZNF18,100
ZNF180,100
ZNF181,100
ZNF182,99.75
ZNF184,100
ZNF185,96.93
ZNF189,100
ZNF19,100
ZNF195,98.28
ZNF2,100
ZNF20,100
ZNF200,100
ZNF202,100
ZNF205,100
ZNF207,100
ZNF208,88.54
ZNF211,100
ZNF212,100
ZNF213,100
ZNF214,100
ZNF215,100
ZNF217,100
ZNF219,97.37
ZNF22,100
ZNF22-AS1,100
ZNF221,100
ZNF222,100
ZNF223,100
ZNF224,100
ZNF225,100
ZNF226,100
ZNF227,100
ZNF229,100
ZNF23,100
ZNF230,100
ZNF232,100
ZNF233,99.96
ZNF234,100
ZNF235,100
ZNF236,98.93
ZNF239,100
ZNF24,100
ZNF248,100
ZNF24TR,100
ZNF25,100
ZNF250,100
ZNF251,98.76
ZNF253,72.8
ZNF254,81.65
ZNF256,100
ZNF257,94.65
ZNF26,100
ZNF260,100
ZNF263,99.17
ZNF264,100
ZNF266,100
ZNF267,100
ZNF268,100
ZNF273,91.9
ZNF274,100
ZNF275,96.67
ZNF276,89.16
ZNF277,100
ZNF28,100
ZNF280A,100
ZNF280B,100
ZNF280C,99.1
ZNF280D,100
ZNF281,100
ZNF282,88.71
ZNF283,99.71
ZNF284,99.83
ZNF285,100
ZNF285CP,100
ZNF286A,100
ZNF286B,100
ZNF287,100
ZNF292,100
ZNF296,96.78
ZNF3,99.2
ZNF30,100
ZNF300,93.5
ZNF302,100
ZNF304,100
ZNF311,9.38
ZNF316,56.42
ZNF317,100
ZNF318,95.65
ZNF319,100
ZNF32,100
ZNF320,100
ZNF322,96.44
ZNF324,100
ZNF324B,100
ZNF326,94.47
ZNF329,100
ZNF330,99.59
ZNF331,100
ZNF333,100
ZNF334,100
ZNF335,100
ZNF337,100
ZNF33A,100
ZNF33B,100
ZNF34,100
ZNF341,99.73
ZNF343,100
ZNF345,100
ZNF346,100
ZNF347,98.73
ZNF35,100
ZNF350,100
ZNF354A,100
ZNF354B,100
ZNF354C,100
ZNF358,86.51
ZNF362,98.5
ZNF365,100
ZNF366,100
ZNF367,87.53
ZNF37A,100
ZNF382,100
ZNF383,100
ZNF384,100
ZNF385A,100
ZNF385B,100
ZNF385C,100
ZNF385D,99.95
ZNF391,100
ZNF394,100
ZNF395,100
ZNF396,100
ZNF397,100
ZNF398,99.09
ZNF404,100
ZNF407,99.77
ZNF408,100
ZNF41,98.34
ZNF410,100
ZNF414,84.04
ZNF415,99.83
ZNF416,100
ZNF417,100
ZNF418,100
ZNF419,100
ZNF420,100
ZNF423,99
ZNF425,100
ZNF426,100
ZNF428,83.22
ZNF429,74.44
ZNF43,57.03
ZNF430,68.38
ZNF431,80.66
ZNF432,100
ZNF433,100
ZNF436,100
ZNF438,99.92
ZNF439,100
ZNF44,100
ZNF440,98.27
ZNF441,100
ZNF442,99.85
ZNF443,96.8
ZNF444,71.29
ZNF445,100
ZNF446,100
ZNF449,100
ZNF45,100
ZNF451,100
ZNF454,100
ZNF460,100
ZNF461,100
ZNF462,100
ZNF467,94.36
ZNF468,100
ZNF469,98.99
ZNF470,100
ZNF471,100
ZNF473,100
ZNF473CR,100
ZNF474,100
ZNF479,96.78
ZNF48,100
ZNF480,91.98
ZNF483,100
ZNF484,100
ZNF485,100
ZNF486,89.58
ZNF487,98.24
ZNF488,100
ZNF490,99.94
ZNF491,100
ZNF492,97.31
ZNF493,93.89
ZNF496,94.79
ZNF496-DT,100
ZNF497,88.68
ZNF500,100
ZNF501,100
ZNF502,100
ZNF503,100
ZNF506,94.38
ZNF507,100
ZNF510,100
ZNF511,93.2
ZNF512,100
ZNF512B,99.34
ZNF513,99.82
ZNF514,100
ZNF516,95.96
ZNF516-DT,100
ZNF517,100
ZNF518A,100
ZNF518B,100
ZNF519,99.89
ZNF521,100
ZNF524,100
ZNF525,100
ZNF526,100
ZNF527,100
ZNF528,100
ZNF529,100
ZNF530,100
ZNF532,100
ZNF534,98.61
ZNF536,100
ZNF540,100
ZNF541,100
ZNF542P,100
ZNF543,100
ZNF544,100
ZNF546,100
ZNF547,100
ZNF548,100
ZNF549,100
ZNF550,100
ZNF551,100
ZNF552,99.81
ZNF554,96.95
ZNF555,96.89
ZNF556,100
ZNF557,100
ZNF558,100
ZNF559,99.91
ZNF560,100
ZNF561,100
ZNF562,100
ZNF563,100
ZNF564,98.09
ZNF565,100
ZNF566,94.24
ZNF567,100
ZNF568,100
ZNF569,100
ZNF56P,100
ZNF57,100
ZNF570,100
ZNF571,100
ZNF572,100
ZNF573,100
ZNF574,100
ZNF575,99.89
ZNF576,100
ZNF577,100
ZNF578,100
ZNF579,83.49
ZNF580,65.51
ZNF581,100
ZNF582,100
ZNF583,100
ZNF584,100
ZNF585A,100
ZNF585B,100
ZNF586,100
ZNF587,100
ZNF587B,100
ZNF589,100
ZNF592,100
ZNF593,100
ZNF593OS,100
ZNF594,100
ZNF595,100
ZNF596,100
ZNF597,100
ZNF598,91.57
ZNF599,100
ZNF600,100
ZNF605,100
ZNF606,100
ZNF607,100
ZNF608,99.91
ZNF609,99.69
ZNF610,97.62
ZNF611,100
ZNF613,100
ZNF614,100
ZNF615,100
ZNF616,99.84
ZNF618,97.94
ZNF619,100
ZNF620,98.26
ZNF621,100
ZNF622,100
ZNF623,98.88
ZNF624,100
ZNF625,100
ZNF625-ZNF20,100
ZNF626,69.29
ZNF627,100
ZNF628,90.04
ZNF629,100
ZNF630,100
ZNF630-AS1,0
ZNF638,98.81
ZNF639,96.02
ZNF641,100
ZNF644,99.98
ZNF646,99.39
ZNF648,100
ZNF649,100
ZNF652,100
ZNF653,86.26
ZNF654,100
ZNF655,100
ZNF658,98.52
ZNF66,84.98
ZNF660,100
ZNF662,100
ZNF664,100
ZNF665,100
ZNF667,100
ZNF668,99.64
ZNF669,100
ZNF670,99.91
ZNF671,100
ZNF672,88.59
ZNF674,93.27
ZNF675,89.94
ZNF676,61.89
ZNF677,96.92
ZNF678,97.98
ZNF679,93.61
ZNF680,92.58
ZNF681,78.69
ZNF682,100
ZNF683,100
ZNF684,100
ZNF687,100
ZNF688,100
ZNF689,100
ZNF69,100
ZNF691,100
ZNF692,100
ZNF695,100
ZNF696,89.76
ZNF697,83.31
ZNF699,100
ZNF7,100
ZNF70,100
ZNF700,100
ZNF701,100
ZNF702P,100
ZNF703,89.34
ZNF704,85.32
ZNF705A,100
ZNF705B,66.33
ZNF705D,80.29
ZNF705G,100
ZNF706,100
ZNF707,99.69
ZNF708,82.18
ZNF709,97.27
ZNF71,100
ZNF710,100
ZNF711,99.67
ZNF713,100
ZNF714,82.09
ZNF716,97.11
ZNF717,100
ZNF718,84.79
ZNF721,100
ZNF722,100
ZNF723,86.66
ZNF724,78.74
ZNF726,100
ZNF727,100
ZNF728,93.33
ZNF729,92.72
ZNF730,100
ZNF732,100
ZNF735,100
ZNF736,100
ZNF737,66.41
ZNF738,91.88
ZNF74,100
ZNF740,100
ZNF746,93.34
ZNF747,100
ZNF749,100
ZNF75A,100
ZNF75D,99.11
ZNF76,100
ZNF761,100
ZNF763,100
ZNF764,100
ZNF765,93.83
ZNF766,99.8
ZNF768,98.04
ZNF77,100
ZNF770,100
ZNF771,30.5
ZNF772,100
ZNF773,100
ZNF774,100
ZNF775,79.55
ZNF776,100
ZNF777,93.65
ZNF778,100
ZNF780A,99.86
ZNF780B,100
ZNF782,100
ZNF783,98.62
ZNF784,88.8
ZNF785,100
ZNF786,100
ZNF787,72.02
ZNF788P,100
ZNF789,100
ZNF79,100
ZNF790,100
ZNF791,92.91
ZNF792,100
ZNF793,100
ZNF799,96.84
ZNF8,100
ZNF80,100
ZNF800,91.43
ZNF804A,90.65
ZNF804B,100
ZNF805,100
ZNF808,99.9
ZNF81,99.54
ZNF813,98.97
ZNF814,100
ZNF816,100
ZNF816-ZNF321P,100
ZNF821,100
ZNF823,100
ZNF826P,100
ZNF827,100
ZNF829,100
ZNF83,100
ZNF830,100
ZNF831,100
ZNF835,100
ZNF836,100
ZNF837,100
ZNF839,90.43
ZNF84,100
ZNF841,100
ZNF843,100
ZNF844,100
ZNF845,96.91
ZNF846,100
ZNF85,50.4
ZNF850,100
ZNF852,99.89
ZNF853,85.81
ZNF860,100
ZNF862,99.81
ZNF865,77.01
ZNF875,100
ZNF876P,100
ZNF878,100
ZNF879,100
ZNF880,98.38
ZNF883,100
ZNF888,100
ZNF891,100
ZNF90,98.62
ZNF91,89.65
ZNF92,68.09
ZNF93,98.3
ZNF98,91.59
ZNF99,92.72
ZNFX1,100
ZNHIT1,100
ZNHIT2,100
ZNHIT3,100
ZNHIT6,100
ZNRD2,100
ZNRF1,100
ZNRF2,47.05
ZNRF3,89.33
ZNRF4,100
ZP1,100
ZP2,100
ZP3,96.57
ZP4,100
ZPBP,100
ZPBP2,100
ZPLD1,100
ZPR1,100
ZRANB1,100
ZRANB2,100
ZRANB2-AS1,100
ZRANB3,99.43
ZRSR2,96.07
ZSCAN1,100
ZSCAN10,100
ZSCAN12,100
ZSCAN12P1,100
ZSCAN16,100
ZSCAN16-AS1,100
ZSCAN18,100
ZSCAN2,100
ZSCAN20,100
ZSCAN21,100
ZSCAN22,100
ZSCAN23,100
ZSCAN25,100
ZSCAN26,100
ZSCAN29,100
ZSCAN30,100
ZSCAN31,100
ZSCAN32,99.72
ZSCAN4,100
ZSCAN5A,100
ZSCAN5B,100
ZSCAN5C,100
ZSCAN9,100
ZSWIM1,100
ZSWIM2,100
ZSWIM3,100
ZSWIM4,96.48
ZSWIM5,94.15
ZSWIM6,83.39
ZSWIM7,93.7
ZSWIM8,99.98
ZSWIM9,88.49
ZUP1,100
ZW10,100
ZWILCH,95.79
ZWINT,100
ZXDA,90.83
ZXDB,93.33
ZXDC,76.85
ZYG11A,100
ZYG11B,100
ZYX,98.69
ZZEF1,98.02
ZZZ3,100
gene-LOC100420548,100
gene-LOC100996886,100
gene-LOC101930090,99.07
gene-LOC124902043,100
gene-LOC124902810,100
gene-LOC124903089,92.55
pgx_variant,89.96
tracking_snp,83.33
MT-TF,100
MT-RNR1,100
MT-TV,100
MT-RNR2,100
MT-TL1,100
MT-ND1,100
MT-TI,100
MT-TQ,100
MT-TM,100
MT-ND2,100
MT-TW,100
MT-TA,100
MT-TN,100
MT-TC,100
MT-TY,100
MT-CO1,100
MT-TS1,100
MT-TD,100
MT-CO2,100
MT-TK,100
MT-ATP8,100
MT-ATP6,100
MT-CO3,100
MT-TG,100
MT-ND3,100
MT-TR,100
MT-ND4L,100
MT-ND4,100
MT-TH,100
MT-TS2,100
MT-TL2,100
MT-ND5,100
MT-ND6,100
MT-TE,100
MT-CYB,100
MT-TT,100
MT-TP,100
